authorId,contrib_index,contribution,ideas_text,C,n_ideas,len_contrib,len_ideas_text,Matthias,Yannis,Garance,Hallucinations,Idées_non_ind,score_humain,pres_hallu,pres_idees_inv,nb_tokens_contrib,contrib_tokens_bins_fixe,Modèle,Note,rouge_score_1gram,rouge_score_L,NLI_support,NLI_contra,NLI_final
VXNlcjpmN2E5MjUwYS0xZTIzLTExZTktOTRkMi1mYTE2M2VlYjExZTE=,118,Supprimer la CSG sur le pensions et les rentes,"[PARSE_FAIL] Colonnes manquantes: ['description', 'type', 'syntax', 'semantic']",0.07173793,1.0,46.0,79.0,0.0,0.0,0.0,,,0.0,,,9,Très court (0-50),Llama 8B,,0.0,0.0,0.08960000000000001,0.7283200000000001,0.0
VXNlcjo2ZTgxMmU5ZS0xZTIzLTExZTktOTRkMi1mYTE2M2VlYjExZTE=,127,"Je souhaite débattre du sujet suivant : Le caractère inéquitable de l’augmentation de la CSG pour les retraités Cette augmentation me semble tout à fait inacceptable pour les raisons suivantes :  Prétendre que les retraités doivent contribuer par ce biais à soutenir les actifs moins bien nantis est un abus. C’est un précédent très inquiétant pour l’avenir, dans la mesure où les revenus des retraités pourraient donc être désormais une variable économique constante d’ajustement. Si des actifs sont aujourd’hui en difficulté économique ou privés d’emploi, les retraités n’y sont pour rien, seul le niveau des rémunérations et l’activité économique est en cause. Prétendre le contraire revient à estimer que le niveau des pensions de retraite est trop élevé et/ou que les cotisations imposées aux salariés et aux entreprises sont trop importantes. On peut comprendre, même si ceci est inacceptable, que les entreprises préféreraient que les pensions de retraites diminuent pour éviter la hausse, ou même favoriser la baisse des cotisations. On peut aussi remarquer que cette population de retraités n’a plus aucun levier de réaction devant ce type de mesure. Mis à part le bulletin de vote (non négligeable certes, mais dangereux car favorisant éventuellement les extrêmes), ses autres moyens de pression sont inexistants. Cette population ne peut guère envisager de reprendre une activité pour compléter ses revenus, sauf à souhaiter une société « à l’américaine » dans laquelle les retraités de 75 ans emballent les marchandises aux caisses des supermarchés, dans quel cas il faut l’affirmer. On comprend donc que cette population est un « otage » idéal.  D’autre part, si l’on considère maintenant les aspects « techniques ». Evoquer la nature de notre système de retraite par répartition aux retraités en leur affirmant, je cite : « vous n’avez pas cotisé pour votre retraite …….et ce sont les actifs qui paient la vôtre », est techniquement exact, mais intellectuellement à la limite de l’honnêteté. En effet, les retraités d’aujourd’hui ont exercé leur activité professionnelle et cotisé pour payer les retraites de leurs ainés, en pensant que cela leur octroyait des droits, ce qu’on n’a cessé de leur répéter, même dans les documents officiels.  Ceci n’est pas la responsabilité des gouvernements précédents mais de l’état français et de son administration. D’autre part, soulignons que les retraites complémentaires sont un système par points, ce qui conforte le sentiment de droits. On peut penser que nos dirigeants actuels rêvent d’un système de retraite par capitalisation, dont on peut apprécier combien il a fait le bonheur de certains autres peuples occidentaux. Mais ça n’est pas le cas, et il faut donc que l’état honore ses engagements en prenant d’autres dispositions, y compris sur le système de retraite futur et la durée d’activité pour assurer la pérennité du financement.  Enfin je souhaite revenir sur la notion de « retraités les plus aisés ». Je pense que les retraités qui ont des retraites confortables, ont conscience de leurs avantages, non usurpés, s’ils ont la santé pour en profiter, et que ça n’est pas le montant de la contribution « obligatoire » qui va restreindre leur niveau de vie, mais leur réticence (c’est un euphémisme) résulte de l’arbitraire du raisonnement et de la mesure prise. L’exemption portée jusqu’à 2000 € n’est pas de nature à apaiser et ce pour des raisons évidentes.  Après avoir opposé les retraités aux actifs, on les oppose maintenant entre eux, c’est à ne plus rien y comprendre, même si le Conseil Constitutionnel estime que tout cela est équitable. Les retraités qui ont des pensions « élevées » sont plutôt des anciens personnels d’encadrement qui se sont particulièrement investis dans la vie économique et ont contribué par leur talent et leurs efforts à développer l’économie. D’autre part la plus grande partie du montant de leur retraite est constituée par les retraites complémentaires dont on sait, comme je l’ai évoqué ci-avant, qu’elles s’appuient sur un système par points, donc très représentatif de la contribution fournie et des droits qui s’y attachent. D’ailleurs ceci n’augure pas bien de la prochaine réforme des retraites dont l’une des pistes semble devoir être un système par point. L’attribution des points n’octroierait-elle aucun droit garanti et les pensions seraient-elles ajustables en fonction de la situation économique ?    Pour conclure, et parler vraiment d’équité financière et fiscale, il suffit de comparer l’enjeu financier de cette augmentation de la CSG avec le montant estimé de la fraude fiscale ou encore de mesures telles que la « flat taxe » pour comprendre qu’il est possible d’aller chercher les ressources ailleurs, sans pour autant nuire à l’attractivité économique de notre pays. Un vote qui s’orienterait vers les extrêmes, serait bien plus préjudiciable à l’attractivité de la France. Je pense que les retraités peuvent admettre que l’évolution de leurs pensions soit limitée à l’évolution du coût de la vie, pendant que les salaires évoluent plus vite, ce qui n’est même plus le cas. Par contre ajouter à cette désindexation des pensions, une confiscation arbitraire par le biais de la CSG ne peut pas être accepté. Il vaudrait mieux avoir l’honnêteté de dire clairement que l’on veut réduire les pensions de retraites en méprisant les droits acquis, plutôt que de le « camoufler » derrière une désindexation et une augmentation de la CSG. Bien sûr, ceci est politiquement inavouable, mais l’habillage n’abuse personne. Plutôt que d’égarer un électorat qui n’avait rien de subversif, il serait plus raisonnable de réindexer les retraites et, surtout, d’abandonner totalement cette augmentation de CSG pour les retraités. Il est dangereux de donner le sentiment à une partie non négligeable de la population qu’elle est devenue un poids mort pour la société, de la soupçonner d’oisiveté et d’aisance alors qu’elle est un acteur économique non négligeable en consommant, en aidant ses enfants, en assistant ses ainés dépendants , mais aussi en contribuant à la vie associative. On leur oppose le fait que l’on entend favoriser les actifs, ce qui laisse entendre qu’ils sont « inactifs » et donc inutiles.  En dépit de leur impuissance à exercer une pression, il reste deux moyens de réagir pour les retraités : - Ils ont l’avantage d’avoir plus de temps que les actifs et ne manquent pas de s’exprimer longuement sur le web et les réseaux sociaux. - Et surtout, ce sont des électeurs qui votent plus que la moyenne.   Faute de revenir sur ces iniquités et en y ajoutant d’autres mécontentements sociaux, le risque de voir les partis populistes accéder au pouvoir est réel, le scénario italien n’est pas une fiction. On veut se rassurer en France en prétendant que « le mariage de la carpe et du lapin » n’est pas possible dans notre pays, mais l’aurait-on raisonnablement envisagé en Italie ?   Cette mesure pourrait être corrigée, sans que les auteurs de la décision se déjugent dès l’instant où ils afficheraient leur compréhension et annonceraient une substitution financière crédible. Je ne crois absolument pas que l’on puisse soupçonner les retraités de ne pas être une population solidaire et l’effort de la désindexation des retraites, ces dernières années, est déjà très conséquent et ne pourra pas perdurer éternellement.   Je souhaiterais donc que cette réflexion soit menée intelligemment, éventuellement avec les corps intermédiaires et notamment les syndicats les plus progressistes qui doivent avoir des idées sur la question.","[PARSE_FAIL] Colonnes manquantes: ['description', 'type', 'syntax', 'semantic']",0.022146901,1.0,7557.0,79.0,0.0,0.0,0.0,,,0.0,,,1205,Long (+200),Llama 8B,,0.0014492753623188406,0.0014492753623188406,0.13714285714285715,0.6902857142857144,0.0
VXNlcjpkZTIzYzdjNC0xZDUyLTExZTktOTRkMi1mYTE2M2VlYjExZTE=,128,Question sans rapport avec le sujet.,"[PARSE_FAIL] Colonnes manquantes: ['description', 'type', 'syntax', 'semantic']",0.1269394,1.0,36.0,79.0,0.0,0.0,0.0,,,0.0,,,6,Très court (0-50),Llama 8B,,0.0,0.0,0.08347826086956522,0.0,0.08347826086956522
VXNlcjpkZTIzYzdjNC0xZDUyLTExZTktOTRkMi1mYTE2M2VlYjExZTE=,144,Question sans rapport avec le sujet.,"[PARSE_FAIL] Colonnes manquantes: ['description', 'type', 'syntax', 'semantic']",0.12693939,1.0,36.0,79.0,0.0,0.0,0.0,,,0.0,,,6,Très court (0-50),Llama 8B,,0.0,0.0,0.08347826086956522,0.0,0.08347826086956522
VXNlcjpkZTIzYzdjNC0xZDUyLTExZTktOTRkMi1mYTE2M2VlYjExZTE=,192,Question sans rapport avec le sujet.,"[PARSE_FAIL] Colonnes manquantes: ['description', 'type', 'syntax', 'semantic']",0.1269394,1.0,36.0,79.0,0.0,0.0,0.0,,,0.0,,,6,Très court (0-50),Llama 8B,,0.0,0.0,0.08347826086956522,0.0,0.08347826086956522
VXNlcjpmZGMzMzVhZi0xOWMyLTExZTktOTRkMi1mYTE2M2VlYjExZTE=,221,"Passer d’une imposition des revenus du foyer fiscal à une imposition du revenu de l’individu.  Objectifs de cette proposition : 	Sortir du modèle foyer fiscal. 	Individualisation de l’impôt. 	Lutte contre la fraude fiscale.  Idées forces de cette proposition : 	Simplifier le processus d’identification des personnes et des entreprises. 	Transfert des prélèvements indirects (TVA, cotisations sociales, impôts locaux, etc…) vers l’IR. 	Simplifier et optimiser le processus de prélèvement de l’impôt sur le revenu et sur les sociétés. 	Dé-corréler les politiques incitatives de l’état de l’impôt sur le revenu.  Simplifier le processus d’identification des personnes et des sociétés. 	Un identifiant unique (N° de sécurité sociale, identifiant société) commun à toutes les administrations et services de l’état, des collectivités ou des organismes sociaux. 	L’identifiant est affecté à la personne dès sa naissance, à une société dès sa création. 	Un identifiant est affecté pour toute personne entrant sur le territoire français pour y résider. 	Cet identifiant individuel unique est utilisé pour tous les documents délivrés par les services de l’état (permis de conduire, carte d’identité, passeports, etc.) 	L’échange d’informations entre les différentes administrations est simplifié. 	Les capacités de lutte contre la fraude s’en trouvent renforcées. Les données remontent automatiquement vers les services fiscaux. La déclaration annuelle de revenus peut ne plus être nécessaire.  Transfert des prélèvements indirects (TVA, cotisations sociales, etc…) vers l’IR. 	Tous les autres impôts indirects sont supprimés. 	Toutes les cotisations sociales sont supprimées. 	Tous les impôts dits locaux sont supprimés. 	Toutes les autres taxes existantes sont supprimées. 	L’impôt sur les revenus et bénéfices des sociétés est réparti entre les différents échelons d’organisation de la nation : niveau national, niveau local, organismes sociaux. En fonction des compétences et prérogatives de chacun. 	Niveau National : Tout ce qui relève du rôle régalien de l’état, de l’organisation générale du territoire et des grandes orientations des évolutions sociétales et des politiques internationales. 	Niveau Local : Tout ce qui relève des services de proximité aux services des habitants des zones concernées. 	Organismes sociaux : Tout ce qui relève du versement des prestations sociales. Différentes indemnités définies au niveau du pays.   Simplifier le processus de prélèvement de l’impôt sur le revenu. 	L’impôt sur le revenu n’est plus dépendant de la situation familiale d’une personne mais individualisé. 	L’impôt sur le revenu est prélevé à la source des revenus quelque en soit la source (salaire, indemnité, revenu du capital, rente, revenu non salarié, etc.). 	C’est l’émetteur du revenu qui sert d’intermédiaire entre le contribuable et les services de l’état. 	Le taux individuel est défini en fonction des revenus l’année N-1, et peut être réajusté en cours d’année pour tenir compte de l’évolution de la situation de la personne. 	L’émetteur du revenu n’a pas besoin de connaitre la situation du contribuable, uniquement le taux à appliquer. 	Tout le monde est imposé de la même façon en fonction du montant du revenu concerné. 	Tout le monde paye un impôt et contribue ainsi à la vie du pays et de ses institutions. 	Les tranches d’imposition sont appréciées en fonction de niveau de revenu, mais aussi des politiques sociales et de soutien aux investissements voulues par l’état. o	20% pour la tranche de revenus inférieurs à A €. o	25% pour la tranche de revenus compris entre A et B. o	30% pour la tranche de revenus compris entre B et C. o	35% pour la tranche de revenus compris entre C et D. o	Etc… o	65% pour la tranche supérieurs à Z. 	Pour tout contribuable ayant plusieurs sources de revenus, les services fiscaux automatiquement (identifiant unique) procèdent à un nouveau calcul du taux d’imposition comparativement au taux appliqué à l’origine et l’éventuel réajustement fait en temps réel est prélevé l’année suivante. 	Le même type de modèle doit s’appliquer à l’impôt sur les sociétés. Base à définir chiffre d’affaire ou bénéfices ? Peut-être variable suivant les domaines d’activité, tertiaire, industriels, de service (notamment en fonction du poids des frais de personnels dans les dites activités).  Dé-corréler les politiques incitatives de l’état de l’impôt sur le revenu. 	Les politiques incitatives de l’état ne sont pas intégrées dans les taux d’imposition, mais font l’objet de prestations versées directement aux bénéficiaires, en remplacement des modèles actuels (nb de parts, quotient familial, crédit d’impôt, niches fiscales) : o	Politique familiale. (union, enfants, etc.) o	Politique de soutien aux investissements. o	Politique de soutien aux évolutions sociétales. (changement climatique, transition écologique, etc.) o	Politique de soutien à l’emploi (emploi à domicile, aide aux bas salaires, etc.) o	Etc… 	Ces prestations sont versées directement aux bénéficiaires lorsque les conditions sont remplies. o	Mariage (association de deux identifiants) o	Naissances (association d’un nouvel identifiant à un ou plusieurs identifiants) o	Investissement (réalisation effective de l’investissement) 	L’état verse directement sur le compte du bénéficiaire le montant prévu/calculé au plus tard dans les deux mois qui suivent la réalisation des conditions exigées. 	Le versement peut être mensualisé en fonction de son type (par exemple emploi à domicile). 	Ces prestations ne sont pas soumises à impôt sur le revenu et n’entre donc pas dans le calcul du revenu.","[PARSE_FAIL] Colonnes manquantes: ['description', 'type', 'syntax', 'semantic']",0.1893685,1.0,5633.0,79.0,0.0,0.0,0.0,,,0.0,,,872,Long (+200),Llama 8B,,0.0020140986908358514,0.0020140986908358514,0.125,0.7000000000000001,0.0
VXNlcjo1ZTY0MTE3MS0xOTY3LTExZTktOTRkMi1mYTE2M2VlYjExZTE=,147,"Comment répondre à la crise et aux Gilets Jaunes ?  La variété des revendications atteste d’un mélange des sujets de mécontentement issu des 30 ou 40 dernières années. Les anciennes générations au pouvoir ont fauté gravement : par cupidité, par électoralisme, par entrisme.   Le 21 janvier, OXFAM nous révèle que les 26 plus riches au monde possèdent autant que les 3,8 milliards habitants les plus pauvres. Est-il seulement possible de justifier un tel écart ?  Les Gilets Jaunes disent : STOP ! Un changement est impératif. Ils ont raison. J’ai écouté attentivement l’émission TV « La grande explication ». Une participante : Madame Ingrid Levavasseur, aide-soignante à faible revenu, m’a donné une clé de réponse : « Avec 200 euros de plus par mois, on pourrait s’en sortir ! » disait-elle. Et si elle avait raison ?   C’est là que j’ai imaginé alors un « Fonds Ethique et Solidaire » abondé par les contributions des plus hauts revenus au bénéfice des plus petits. Une forme de ruissellement Ethique et Solidaire !  Le principe : j’ai repris un tableau statistique de la Direction Générale des Finances Publique (DGFIP ) sur les contributions des ménages en fonction des tranches d’impôts en 2017 : http://www2.impots.gouv.fr/documentation/statistiques/annuaire2017/pages_web/statistiques2017.htm  C’est à l’image de la Tour Eiffel : •	Sous les arches et au premier étage : les faibles revenus ; •	Au deuxième étage, ceux du milieu qui vivent correctement, sans plus ; •	Au troisième étage, s’épanouissent les plus aisés et ceux qui n’ont pas le temps de tout dépenser et stockent dans les banques et les paradis fiscaux !  Hypothèses :  1.	On classe les foyers fiscaux en trois tiers :  •	Les plus aisés contribuent : 2,5 millions de foyers ; •	Les foyers médians sont exonérés : 8,8 millions de foyers ;  •	Les plus faibles bénéficient : 5,1 millions de foyers. 2.	Ce sont les foyers dont la tranche d’impôts excède 6001 € qui vont consentir une contribution mensuelle qui viendra abonder ce « Fonds Ethique et Solidaire ». Chaque tranche supplémentaire contribue selon un barème illustré dans le graphique de la DGFIP. Le ruissellement rétrocède ainsi de 650 euros par mois à 280 euros, de façon dégressive. 3.	On observe ainsi qu’il est possible d’opérer une péréquation en demandant aux 2,5 millions de foyers à hauts revenus d’abonder un Fonds Ethique au profit de 5,1 millions de foyers à faibles revenus.  	Les fins de mois constituent la revendication majeure. Les hauts revenus ne seront 	ponctionnés que de 1,5 % ! Ça sera pour eux nettement moins cher que l’Impôt Sur la 	Fortune ! 4.	Pour simplifier, le véhicule de mise en œuvre peut être tout simplement le prélèvement à la source : il existe déjà et s’appliquera à tous les revenus : salaires, honoraires et dividendes, BIC et BNC. 5.	Ce ruissellement serait réalisé au bénéfice des salariés. Ceux qui sont sans emploi seront mis en formation pour développer leur capital de compétences. Cette revalorisation aura pour effet induit de valoriser le travail et dévaloriser l’inactivité, comme le travail au noir. Le gap de revenus fera réfléchir quelques-uns.  Avantages :  1.	Ce Fonds Ethique et Solidaire n’augmente pas le coût des salaires pour les entreprises ; il laisse le champ libre à notre recherche de compétitivité. 2.	Il donne du pouvoir d’achat à des foyers qui ont besoin de dépenser sans angoisse, même  entre le 20 et le 30 de chaque mois. Le bénéfice sera pour l’économie et le commerce. Plus de consommation, plus de TVA collectée, plus d’activité pour les commerçants, artisans et entreprises, plus de croissance et donc plus d’emplois. 3.	On peut même intégrer dans cette hausse de revenus quelques prestations mineures qui coûtent cher à mettre en place, et sont peu réclamées car trop compliquées administrativement. 4.	Autre avantage : on peut dupliquer cette théorie du ruissellement pour la prochaine réforme des retraites : l’image de la Tour Eiffel prend là aussi tout son sens. Est-il normal de trouver quelques retraites si volumineuses, et d’autres encore, dites « chapeaux » à cinq chiffres mensuels et même parfois six chiffres ?  5.	Cette redistribution par le ruissellement a un autre avantage structurel : s’agissant d’un Fonds Ethique et Solidaire, il est placé hors budget de l’Etat. Sa gestion pourrait être confiée à la Caisse des Dépôts et Consignation. Dès lors la France ne grève plus sont déficit public. Le montant des redistributions mensuelles peut être indexé sur la croissance des hauts revenus, c’est plus sûr !  Les colères viennent d’un désir inassouvi. Les Gilets Jaunes nous disent : on en a assez de crier dans le désert. Tous les responsables politiques actuels entendent, j’en suis sûr, mais ils ne comprennent pas ! Nous arrivons à la fin d’un cycle : celui qui a été porté par les baby-boomers. Il est temps de raisonner hors du cadre. Acceptons davantage d’éthique et de solidarité !","[PARSE_FAIL] CSV illisible: Error tokenizing data. C error: Expected 4 fields in line 12, saw 6",0.1489035,1.0,4910.0,95.0,0.0,0.0,0.0,,,0.0,,,815,Long (+200),Llama 8B,,0.004429678848283499,0.004429678848283499,0.1356420778700831,0.0,0.1356420778700831
VXNlcjo4ZGU4OTA0OS0xZDYxLTExZTktOTRkMi1mYTE2M2VlYjExZTE=,14,"Les Impôts, Les Dépenses et l’action publique. La baisse des Impôts en général (Taxes, Contributions, Cotisations,  …) est une nécessité. Ceci peut se faire simplement en supprimant de nombreuses exemptions, niches, et subventions qui alimentent des organismes dont l’utilité n’a jamais été démontrée ou des rentes de situation (DOM-TOM par exemple)  •        Les « 35 heures » seront abolies, le temps de travail devant faire partie des négociations employeurs salariés dans les limites de la réglementation européenne. Les fonctionnaires devront s’aligner sur la moyenne des pays européens. •        Les aides aux entreprises associées au « 35 heures » seront également supprimées. •        Les relocalisations seront facilitées par une diminution des charges sur le travail compensée par une augmentation de la TVA (TVA ‘sociale’) et sans impact sur le pouvoir d’achat si l’on favorise les achats de produits ‘Made in France’. •        Annihiler le monopole de la CGT des dockers et autres activités dans les ports français en ouvrant à la concurrence. •        Annihiler le monopole de la CGT du Syndicat du Livre dans les métiers de la Presse. •        Faire supporter au budget de l’Etat le poids des Allocations familiales de façon à baisser les charges des entreprises. •        Mise en place du droit privé (CDI) pour la fonction publique, sauf les fonctions régaliennes qui conservent le statut ‘fonctionnaire’ (emploi garanti contre renoncement au droit de grève) •        Rémunération et avancement au mérite pour les fonctions publiques •        Gestion des ressources humaines centralisée pour les fonctions publiques pour dynamiser la mobilité inter-corps (fonction publique, Etat, Territoriale, Hôpital…) et les évolutions de carrière. •        La retraite par répartition sera unifiée et transformée en une retraite par points. •        Aligner les retraites des fonctionnaires et des salariés du Privé (ex : 6 mois  vs 25 ans…) •        La pénibilité sera reconnue par négociation dans l’entreprise pour l’acquisition de points additionnels. •        Lorsque le retraite par points sera mise en place, la date du départ à la retraite sera libre : le montant de la retraite sera alors calculé en fonction du nombre de points acquis et de l’espérance de vie (reste à vivre) par catégorie. •        Permettre à tous les salariés du Privé d’avoir une retraite par capitalisation (comme les fonctionnaires !) •        Le contrat de travail sera unifié Privé – Public, il sera unique un CDI (indéterminé ne veut pas dire permanent, le CDD est une forme de CDI !) •        Le statut de fonctionnaire n’impliquera pas une assurance d’un travail à vie (licenciement possible) •        Le budget de la France sera obligatoirement en équilibre (Constitution) ; seuls des évènements exceptionnels (guerre, catastrophe naturelle, …) approuvée par les 2/3 du Congrès pourront y déroger. •        On pourra emprunter pour des investissements à réaliser dans les infrastructures de transports, d’énergies non-carbonées, la santé, le logement. (l’ Education et l’Armée sont des dépenses courantes). •        Les subventions en tous genres de l’Etat seront supprimées (Syndicats, associations diverses…) ; en effet, il appartient aux adhérents de subvenir aux besoins des associations. •        L’ISF sur le capital : Il ne doit pas être rétabli, ce serait une erreur majeure. Sachons qu’un « riche » qui revient en France emploiera certainement plusieurs personnes et donc fera baisser le chômage, paiera des impôts….  •        L’ISF Immobilière sera modifié (pour favoriser la construction de logements en enlevant de son assiette les sommes investies dans des programmes de logements sociaux). •        La taxe d’habitation : sera supprimée pour tous conformément à la décision du gouvernement et du Conseil Constitutionnel. •        Les Taxes sur les entreprises : devront être revues à la baisse pour s’aligner par exemple sur l’Allemagne : cotisation foncière des entreprises (CFE et les taxes additionnelles qui bénéficient aux établissements publics fonciers et aux organismes consulaires (CCI et CMA). la cotisation sur la valeur ajoutée des entreprises (CVAE) et la taxe additionnelle vient également s'ajouter pour financer les chambres de commerce et d'industrie (CCI). Ces deux taxes – CFE et CVAE – constituent ensemble la contribution économique territoriale (CET). L’IFER se divise en neuf composantes dont l'énoncé ci-dessous illustre parfaitement le langage à la Prévert de l'administration française : - imposition sur les éoliennes et hydroliennes ; - imposition sur les installations de production d'électricité d'origine nucléaire ou thermique à flamme ; - imposition sur les centrales de production d'électricité d'origine photovoltaïque ou hydraulique ; - imposition sur les transformateurs électriques ; - imposition sur les stations radioélectriques ; - imposition sur les installations gazières et sur les canalisations de transport de gaz naturel, d'autres hydrocarbures et de produits chimiques ; - imposition sur le matériel ferroviaire roulant utilisé sur le réseau ferré national pour les opérations de transport de voyageurs ; - imposition sur certains matériels roulants utilisés sur les lignes de transport en commun de voyageurs en Île-de-France ; - imposition sur les répartiteurs principaux de la boucle locale cuivre et certains équipements de commutation téléphonique. La taxe sur les éoliennes maritimes, ainsi qu'une redevance proportionnelle sur l'énergie hydraulique. la taxe sur la consommation finale d'électricité, la redevance des mines, la taxe sur les surfaces commerciales (TASCOM).  La taxe sur les friches commerciales, la taxe sur les activités commerciales saisonnières non salariées, la taxe locale sur les enseignes et publicités extérieures (TLPE). Et les taxes diverses dont l’administration de Bercy a le secret : - impôt sur les spectacles, jeux et divertissements, - surtaxe sur les eaux minérales, - taxe sur les remontées mécaniques, - prélèvement progressif sur les produits des jeux dans les casinos, - taxe d'usage des abattoirs publics, - taxe sur les jeux de boules et de quilles comportant des dispositifs électromécaniques… et les taxes propres à l’Ile de France - la taxe pour la création de bureaux et commerce (TCB) - la taxe sur les bureaux (TSB), - la taxe sur les droits de mutation de locaux professionnels. ...  Pourquoi taxer d’un côté pour redonner ensuite de l’argent aux entreprises si ce n’est pour occuper un tas de fonctionnaires (combien par taxe ? et combien pour distribuer ?) éliminons ce jeu perdant puisque les frais de gestion grèvent les 2 processus !) •        Suppression d’une kyrielle d’agences gouvernementales dont l’utilité n’est pas démontrée le gouvernement devra faire le ménage parmi les 1244 agences de l'Etat et s'attaquer à ces comités inutiles, fantômes, dont les missions restent parfois énigmatiques. En voici quelques exemples. • Ces agences aux missions obscures Un certain nombre d'agences présentent des missions aux contours très flous. L'inspection générale des Finances avait notamment pris pour exemple l'Agence de développement de la culture Kanak et l'Agence bibliographique de l'enseignement supérieur. Mais la liste est beaucoup plus longue. Que fait exactement le Centre technique du livre de l'enseignement supérieur (CTLES) ? Et le Service Culture, éditions, ressources pour l'Éducation nationale (SCEREN) ? Les missions qui incombent à l'opérateur du patrimoine et des projets immobiliers de la culture restent également très opaques. • Ces comités fantômes À en croire une annexe du Projet de loi de finances 2014, certains comités, placés directement sous la houlette du gouvernement, siègent rarement, pour ne pas dire jamais. C'est notamment le cas du Comité national des secteurs d'activités d'importance vitale, qui est composé de 26 membres et qui n'avait aucune réunion à son agenda en 2012. Idem pour le Comité stratégique de la sécurité des systèmes d'information dont les coûts de fonctionnement s'élèvent à 24.600 euros en 2012. « Mais ces comités sont composés de fonctionnaires et dépensent peu d’argent », nuance René Dosière, député apparenté PS et spécialiste de la gestion des dépenses publiques. • Ces agences jugées « inutiles » C'est ainsi que la Cour de comptes avait qualifié l'agence de financement des infrastructures de transport de France (AFITF) dans son rapport annuel en 2009. La juridiction financière avait alors écrit qu'il s'agissait d'« une agence de financement aux ambitions limitées, privée de ses moyens» et qu'elle était «désormais inutile». En conclusion, elle recommandait sa suppression en intégrant ses activités à la DGITM (La direction générale des Infrastructures des Transports et de la Mer). Toujours en exercice, cette agence a voté son budget 2014 en février 2014. Comme les années précédentes, l'AFITF prévoit de dépenser 1,8 milliard d'euros sur l'année et affiche une dette de 108 millions d'euros. • Ces agences à la gestion douteuse La Sovafim est sûrement l'un des meilleurs exemples d'agences dont la gestion soulève de nombreuses questions. Chargé de vendre des terrains et des bâtiments de Réseaux ferrés de France depuis sa création en 2006, l'établissement a écoulé l'intégralité des 158 biens qui lui avaient été confiés. Pour compenser la baisse de ses revenus, la société a donc cherché à diversifier ses activités en louant des biens immobiliers ou en investissant dans la production d'énergie solaire ! Or, « cette mutation, nullement prévue lors de sa création, a été opérée dans un cadre juridique dépourvu de stabilité et de clarté », signale la Cour des comptes dans son dernier rapport. La juridiction financière relève également un équilibre économique « incertain » et rappelle que la Sovafim n'a pas reversé un seul centime à Bercy depuis 2008. Sa suppression permettrait de récupérer une trésorerie nette de 65 millions d'euros. Dans son dernier rapport, elle a jugé cette société publique inutile et susceptible de faire courir des risques financiers à l'Etat. L'inspection générale des Finances avait également pointé du doigt l'étrange fonctionnement de la Bibliothèque publique d'information du centre d'art contemporain Beaubourg, qui possède sa propre gestion et son propre financement, au lieu d'être tout simplement reliée au musée. • Le jeu des doublons Le secteur de la santé est le parfait exemple des doublons entre agences. L'Anap (Agence nationale d'appui à la performance des établissements de santé et médico-sociaux), la HAS (Haute autorité de santé) et l'Anesm (Agence nationale de l'évaluation et de la qualité des établissements et services sociaux et médico-sociaux) ont toutes les trois la même mission, faire des recommandations, mais rien ne semble les différencier vraiment les unes des autres. L'Inspection générale des finances avait d'ailleurs dénoncé une dispersion des efforts et un manque de lisibilité institutionnelle. Même constat dans le secteur de la formation où se côtoient le Conseil national de la formation de tout au long de la vie (CNFPTLV), le Conseil national de l'insertion par l'activité économique (CNIAE), le Centre pour le développement de l'information sur la formation permanente (Centre Inffo), l'Association pour la formation professionnelle des adultes (Afpa), l'Institut national du travail, de l'emploi et de la formation professionnelle et bien d'autres encore. Entre 2008 et 2012, l'ancien gouvernement n'a supprimé que 19 agences et en a regroupé près de 136. Une goutte d'eau au regard des 1244 entités dénombrées par l'Inspection générale des finances. Au total, l'Etat pourrait économiser près de 2 milliards d'euros en s'attaquant efficacement à cette nébuleuse de comités. *Une agence de l'Etat est une entité publique chargée de la réalisation d'une mission.   •        La réforme fiscale suivante engagée : o        L’ensemble des revenus seront pris en compte pour l’imposition quelle qu’en soit l’origine (salaire, émoluments, RMI, RSA, revenus du capital, revenus du patrimoine, allocations diverses – familiales, logements, rentes, …) o        Le barème des impôts fera que tous soient imposés au premier euro. o        L’ensemble des niches fiscales sera supprimé sauf :         Le quotient familial         Les charges d’emploi de personnels à domicile : en effet, l’employeur peut être considéré au même titre qu’une société et donc les salaires et charges sont totalement déductibles des revenus.         Les cotisations à une mutuelle d’assurance maladie (déjà acquis pour les salariés uniquement)         Les dons aux œuvres et associations reconnues d’utilité publique et Syndicats représentatifs (d’où la suppression des subventions directes de l’Etat)         La taxe d’habitation relative à la résidence principale (si elle n’est pas totalement supprimée)         Les incitations fiscales pour l’accession à la propriété de sa résidence principale.         Les investissements à caractère écologique (éolienne, panneaux solaires, géothermie,…) pour la résidence principale.         L’imposition sera faite par tranche y compris la première même si l’impôt de la première tranche est symbolique, il est important que chacun participe aux dépenses de l’Etat (un minimum de 120€ par an pour la première tranche serait acceptable). o        Des Mesures d’équité seront mises en œuvre pour les retraités :          suppression du 1% maladie sur les retraites complémentaires,         déductibilité (50%) fiscale des cotisations d’assurance complémentaire santé,          rétablissement des revalorisations CNAV en fonction de l’inflation réelle (1,8% en 2018 versus le scandaleux 0,3% pour 2019 et 2020)  Et j’imagine que je suis encore loin du compte sur les simplifications à mettre en œuvre à Bercy !! Il est clair que si tout cela était effectif, il y aurait en parallèle une baisse substantielle des agents de l’Etat car la gestion de tout ce qui précède est gourmand en ressources humaines.  Mais encore : Simplifier le droit du travail (prendre exemple sur le Code du travail de la Suisse !)","[PARSE_FAIL] CSV illisible: Error tokenizing data. C error: Expected 4 fields in line 26, saw 5",0.07161032,1.0,13808.0,95.0,0.0,0.0,0.0,,,0.0,,,2139,Long (+200),Llama 8B,,0.002527379949452401,0.0016849199663016004,0.13702639142931802,0.34247191011235956,0.0
VXNlcjoxMGY0NzkyYS0xZTIxLTExZTktOTRkMi1mYTE2M2VlYjExZTE=,175,"Que tout le monde paie des impôts, de la personne au RSA au plus riches. Y compris les plus grosses entreprises qui font du bénéfice.","[PARSE_FAIL] CSV illisible: Error tokenizing data. C error: Expected 4 fields in line 3, saw 6",0.03165669,1.0,133.0,94.0,0.0,0.0,0.0,,,0.0,,,25,Très court (0-50),Llama 8B,,0.0,0.0,0.12047430830039525,0.7036205533596839,0.0
VXNlcjpjNDY0ZjllMy0xZDk4LTExZTktOTRkMi1mYTE2M2VlYjExZTE=,3,Repartir les richesses.  suppression de la taxe d habitation pour tous les français et de la csg reindexé les retraites  . Ne plus diviser les français (les patrons ont besoin des plus modestes et vice versa. Les patrons ne réussisses que si les plus modestes sont aussi avec eux) . Les français ne veulent plus de l assistanat mais veulent vivre dignement de leur salaire,Suppression de la taxe d'habitation pour tous les Français || Réindexation des retraites via la CSG || Élimination de la division entre les Français (patrons et salariés) || Les patrons ont besoin des plus modestes et vice versa pour réussir || Les Français veulent vivre dignement de leur salaire sans assistance,0.92026776,5.0,372.0,313.0,5.0,5.0,6.0,0.0,0.0,0.5333333333333333,Non,Non,65,Court (51-100),Llama 8B,,0.6776859504132231,0.6115702479338844,0.32837263239273284,0.0,0.32837263239273284
VXNlcjo3MDdkM2IzOC0xZDYxLTExZTktOTRkMi1mYTE2M2VlYjExZTE=,4,"Les droits soient automatiques, comme nos devoirs de payer les impots",Les droits soient automatiques || comme nos devoirs de payer les impôts,0.9843563,2.0,69.0,71.0,5.0,6.0,6.0,0.0,1.0,0.5666666666666667,Non,Oui,11,Très court (0-50),Llama 8B,,0.8695652173913043,0.8695652173913043,0.8328571428571429,0.0,0.8328571428571429
VXNlcjoxZTNlOTExYi0xZTIwLTExZTktOTRkMi1mYTE2M2VlYjExZTE=,7,réduire drastiquement la fraude fiscale. Imposer les grands groupes (GAFA) qui ne le sont pas suffisamment  Renforcer la taxe sur les transactions  financières,Réduire drastiquement la fraude fiscale || Imposer les grands groupes (GAFA) qui ne le sont pas suffisamment || Renforcer la taxe sur les transactions financières,0.9861645,3.0,159.0,162.0,10.0,10.0,10.0,0.0,0.0,1.0,Non,Non,23,Très court (0-50),Llama 8B,,1.0,1.0,0.7623843782117163,0.0,0.7623843782117163
VXNlcjo0OTUzNmNmYy0xZTIwLTExZTktOTRkMi1mYTE2M2VlYjExZTE=,9,"TOUT FRANÇAIS DEVRA PAYER L’IMPÔT QU’IL SOIT DOMICILIÉ OU NON EN FRANCE LES FRANÇAIS NE VOULANT PLUS PAYER L’IMPOT EN FRANCE DEVRONT CHANGER DE NATIONALITÉ .  L’IMPOT DEVRA ETRE PROGRESSIF EGALEMENT POUR LES ARTISTES ET LES CHEFS D’ENTREPRISE LES SPORTIFS ETC , LA FISCALITÉ DEVRA ETRE FIXÉE DANS LES SIX MOIS APRES LA PRISE DE FONCTION DU NOUVEAU GOUVERNEMENT (CONSTITUTION)  TOUTES SOCIÉTÉ  ÉTRANGÈRES REALISANT DES AFFAIRES EN FRANCE DEVRONT PAYER UN IMPOT OUBIEN UNE TAXE SUR CHIFFRE D’AFFAIRE ( PLUS DE POSSIBILITE D’AVOIR DES SOCIETE COMME LES GAFA)  UNE NOUVELLE TVA A 30% DEVRA ETRE INSTALLE POUR LES PRODUITS DE LUXE  (VOITURE , BIJOUX , ARTS ETC)   PLAFONNEMENT DES SALAIRES DES HAUTS FONCTIONNAIRES NE POUVANT ETRE SUPERIEUR AU PRIVE (PDG) MOYENNE EUROPÉENNE   TRANSPARENCE TOTALE SUR LES SALAIRES DES ASSEMBLÉES ET DU GOUVERNEMENT ET DES HAUT FONCTIONNAIRES  MISE A PLAT DE TOUTES LES NICHES FISCALES  ( FIN DES ABATTEMENTS FISCAUX POUR LES JOURNALISTES )","Les Français devraient payer l'impôt qu'ils soient domiciliés ou non en France || Tous les Français qui ne veulent plus payer l'impôt en France doivent changer de nationalité || L'impôt doit être progressif, même pour les artistes et les chefs d'entreprise, les sportifs, etc. || La fiscalité devra être fixée dans les six mois après la prise de fonction du nouveau gouvernement (constitution) || Toutes les sociétés étrangères réalisant des affaires en France doivent payer un impôt ou une taxe sur chiffre d'affaire || Une nouvelle TVA à 30% doit être installée pour les produits de luxe (voiture, bijoux, arts, etc.) || Plafonnement des salaires des hauts fonctionnaires ne pouvant pas être supérieur au privé (PDG) moyen européen || Transparence totale sur les salaires des assemblées et du gouvernement et des hauts fonctionnaires || Mise à plat de toutes les niches fiscales (fin des abattements fiscaux pour les journalistes)",0.95423585,9.0,967.0,932.0,10.0,8.0,10.0,0.0,0.0,0.9333333333333333,Non,Non,153,Moyen (101-200),Llama 8B,,0.7839506172839507,0.7777777777777779,0.4860359367086394,0.0,0.4860359367086394
VXNlcjplN2VmZDU1NS0xYTY5LTExZTktOTRkMi1mYTE2M2VlYjExZTE=,10,Rétablir l'ISF sans délai avec incorporation dans son assiette de tous les éléments de fortune (objets d'art inclus + yachts etc) sans aucune autre dérogation ni exception qu'une fraction (25%) de la résidence principale ET les sommes investies durablement (5 ans) dans une entreprise française pour une affectation en FRANCE,Rétablir l'ISF sans délai || Incorporer tous les éléments de fortune || Dans son assiette || Aucune autre dérogation ni exception || Fraction (25%) de la résidence principale || Sommes investies durablement (5 ans) dans une entreprise française || Affectation en FRANCE,0.8623603,7.0,325.0,269.0,1.0,0.0,2.0,0.0,1.0,0.1,Non,Oui,50,Très court (0-50),Llama 8B,,0.8514851485148515,0.7920792079207921,0.7160942760942761,0.0,0.7160942760942761
VXNlcjo5MmY3ZTU5Yy0xZTE2LTExZTktOTRkMi1mYTE2M2VlYjExZTE=,12,ainsi une réelle égalité entre les citoyens serait réelle.,Une réelle égalité entre les citoyens serait réelle,0.9794314,1.0,58.0,51.0,10.0,10.0,10.0,0.0,0.0,1.0,Non,Non,9,Très court (0-50),Llama 8B,,0.9523809523809523,0.9523809523809523,0.8743119266055046,0.0,0.8743119266055046
VXNlcjo5NmRhNzBkMS0xZTIwLTExZTktOTRkMi1mYTE2M2VlYjExZTE=,28,"La langue française est une des rares langues qui utilise deux mots « impôts et « taxes » , les deux constituant  la fiscalité de l’ensemble de ce que l’état prélèvent sur les richesses de la nation. L’évolution de la langue fait que   les deux mots sont souvent indifféremment bien que chacun ait  un sens précis : -impôt : on vous impose  de payer une somme, relative à un bien, un revenu      fixée par l’état  à laquelle vous ne pouvez pas échapper -taxe : somme prélevée sur l’usage d’un bien, la valeur ajoutée d’un produit ou la plus-value d’une transaction. Vous pouvez échapper en partie aux  taxes en orientant vos choix de consommation  ce qui n’est pas le cas de l’impôts.   L’ensemble(impôts plus taxes) est injecté dans les nombreux circuits d’utilisation  de l’argent  , pilotés et contrôlés par l’état et son équivalent dans les régions. Au cours du temps, le nombre sans cesse croissant des circuits d’utilisation de l’argent  « publique » , leur gestion centrale , locale, semi centrale et quasiment indépendamment  les uns des autres ont conduit à une utilisation confuse , inefficace  dont on sent que plus personne ne  la  maîtrise .   Le but de ce document est de montrer que l’on pourrait  tenter un autre mode de financement et gestion  des besoins de l’état (y compris régions) tout en réduisant les domaines que l’état central gère  La richesse d’un pays se mesure à son PIB qui est la valeur de  ce que produit un pays chaque année auquel il faut ajouter d’autres revenus tels que les revenus financiers comme les dividendes des groupes industriels français , les dividendes que les particuliers reçoivent de leurs investissements,..  Le PIB français est environ 2200 milliards , les autres revenus probablement # 100 milliards € .Cela veut dire que la France peut dépenser chaque année #  2300 milliards € pour manger, se chauffer , se soigner, investir dans des usines et infrastructures  ,produire  ce dont elle a besoin ….., et rembourser ses dettes comme le fait une famille. Pour ce faire , « l’argent » circule de mains en mains au travers de plusieurs circuits  tels que  les salaires publiques et privés ,redistributions diverses (frais médicaux, chômage, allocations,..),achats extérieurs pour produire (matières première, énergies,..). Aujourd’hui l’état central  et régional  gère plus de 55 % de ce que la France produit chaque année. Les circuits se sont tellement  complexifiés  que les gens en charge se perdent  dans les labyrinthes des flux et sont devenus un frein bloquant  l’utilisation de cet argent.  Quelle  soit leur couleur «  politique » , depuis l’époque des rois , chaque  entité prenant le pouvoir nous dit être plus capable  que le peuple pour gérer le développement du pays et  apporter un support aux populations  les plus fragiles.Ceci leur permet  de justifier  de gérer avec l’administration, 55 % de la richesse  pays et en fait  de détenir un pouvoir quasi-absolu (central et régional) Or le principe de toute économie est de faire circuler le plus rapidement possible  les produits et les biens. Au travers des échanges de chaque jour  et les choix d’achat  , décisions d’investissements  de chacun, se   forge  le développement de l’économie .Devant les incertitudes actuelles et le manque de  visibilité sur le futur de l’économie  plus de 450 milliards € dorment sur les comptes courants.  Si nous sommes réputés intelligents au moment des élections et capables de gérer notre quotidien pour le meilleur de notre famille, pourquoi ne sommes- nous pas capables de piloter directement le futur du pays nos choix quotidiens.   Le nouveau principe de gestion du développement du pays et de ses équilibres est de supprimer la totalité des impôts et de les remplacer un système intelligent de taxes sur les plus –values de toutes les transactions de quelques natures qu’elles soient, cela veut dire étendre le système de la TVAe .Il faut bien entendu  que ces taxes  orientent  les  décisions individuelles vers   ce qui paraît le mieux pour le futur  du pays et qu’elles permettent au plus démunis d’avoir une vie décente .A priori l’éventail de ces taxes devraient  aller de 0 % à 30 %  et communiquées chaque mois  de septembre pour l’année  suivante.Ceci deviendrait  l’élément  fondamental de la vie économique et  requiert de la part des politiques  d’avoir une vision claire  du futur du pays et du développement de l’économie. La nouvelle taxe sur les  carburants était en elle-même une bonne décision car outil pour orienter les conducteurs  vers des véhicules moins polluants. propre   (Malgré les 5 5 % de la richesse nationale gérés par l’état central aucun vrai challenge  des contribuables  , la France en est arrivée à avoir un système éducatif en faillite, des outils routier et ferroviaire défaillants, un système de santé en régression, une infrastructure  IT très en retard ,une production d’énergie  dans l’impasse ,…..)  L’argent des impôts non prélevé ne disparaît pas et la richesse du pays demeure intacte.Il est soit injecté par les gens , dans l’achat de biens consommables ou thésaurisé  sous forme d’investissement dans des biens immobiliers ou mobiliers et, subira les taxes sur les plus-values de transactions. ( Les risques que cet argent sorte du pays sans pouvoir être tracé sont maintenant faibles.) Le plus grand risque est l’inflation générée par une surconsommation qui peut être maîtrisée par une modulation des taxes.   On peut estimer que si cet argent est utilisé 5 à 6 fois dans une année , l’état recevra autant que ce qu’il prélève au aujourd’hui  au travers des impôts et multiples taxes.  Pour que l’argent circule il faut en même temps éliminer des freins comme les délais de paiement des factures qui bien que ramenés  à 45 jours fin de mois restent trop longs sans aucune justification ; 30 jours à la date d’émission de la facture devrait être un maximum. De même la rétention de l’argent par  les banques  ne se justifient plus :24 h pour libérer  l’argent venant d’une source extérieure est faisable.  Ce mode de financement de l’état apporte une première grande simplification : un seul type de collecte, la fin de taxes ou impôts ciblés pour financer un programme spécifique (cette façon de gérer a montré son inefficacité et sa lourdeur ). A l’état central et régional  d’affecter les sommes nécessaires aux différents ministères  et organismes.  En même temps, il faut supprimer des  taxes stupides comme les taxes sur les investissements productifs   ou les salaires ,…… qui punissent celui qui créé une activité .     Avec ce nouveau système de financement l’état central et régional aurait deux sources d’argent : -les taxes sur les plus-values des transactions  -les emprunts auprès des français. Le recourt aux emprunts auprès des banque internationales devrait être une exception et ne pouvoir  être décidé que par le  1 er ministre.  Emprunter auprès des français fut une pratique courante puis a disparu au profit  des emprunts auprès des banques mondiales qui ne requièrent pas d’avoir  l’adhésion du peuple sur la politique économique et les projets qui seront financés par ces emprunts.Des grands pays comme le Japon , l’Italie aie et d’autres ,recourent systématiquement à cette formule sous des formes diverses. Elle réduit la pression vis-à-vis du système bancaire mondial et montre  une  adhésion du peuple  au système économique. Bien entendu ces emprunts serviront  des intérêts et devront être remboursés(comme les emprunts actuels) Rp :Si des banques US prêtent de l’argent  à la France et ont donc une bonne confiance dans le futur de l’économie française, pourquoi le peuple n’y aurait pas confiance.Il s’agirait là d’un moyen pour les dirigeants  de renouer une partie du lien avec le peuple. Ces emprunts pourraient prendre plusieurs  formes  comme des « assurances vies »   de l’état  servant  de compléments de ressources  après des  durées de détention à définir.Ceci ne gênerait  pas les fonds d’épargnes  privés qui  pourront toujours promettre des rendements supérieurs.  Supprimer tout d’un coup l’ensemble des impôts est bien en entendu impossible.La façon de procéder serait de   tester le principe progressivement en supprimant la CSG pendant  2 ans  ou réduire le niveau d’imposition sur le revenu de 20 % pendant  XX années permettrait et commencer la modulation de la TVA sur toutes les transactions et de mesurer  de mesurer la sensibilité  sur l’économie.Puis  à la lumière des résultats comprendre s’il est possible d’aller plus loin.","[PARSE_FAIL] Colonnes manquantes: ['description', 'type', 'syntax', 'semantic']",0.09158405,1.0,8492.0,79.0,0.0,0.0,0.0,,,0.0,,,1373,Long (+200),Llama 8B,,0.0012911555842479018,0.0012911555842479018,0.12279069767441862,0.0,0.12279069767441862
VXNlcjpiNGRkNjhkMi0xZTFmLTExZTktOTRkMi1mYTE2M2VlYjExZTE=,24,créer 2 tranches supplémentaires d'imposition  première  de 25000 à 50000 à 20% deuxième de 50001 à 75000 à 30% troizième de 750001 100000 à 35% quatrième de 100001 à 150000 42%,Créer deux tranches supplémentaires d'imposition || La première tranche est de 25 000 à 50 000 et est imposée à 20% || La deuxième tranche est de 50 001 à 75 000 et est imposée à 30% || La troisième tranche est de 75 001 à 100 000 et est imposée à 35% || La quatrième tranche est de 100 001 à 150 000 et est imposée à 42%,0.7466381,5.0,177.0,321.0,6.0,9.0,7.0,0.0,1.0,0.7333333333333333,Non,Oui,31,Très court (0-50),Llama 8B,,0.44000000000000006,0.44000000000000006,0.45241935483870976,0.0,0.45241935483870976
VXNlcjpiOWQ1ZmNhYS0xZDU0LTExZTktOTRkMi1mYTE2M2VlYjExZTE=,26,Ajouter une tranche supplémentaire aux impôts sur le revenu pour que les plus riches soient enfin taxés plus que les tranches populaires et les classes moyennes trop touchées,Les plus riches doivent être taxés plus que les tranches populaires et les classes moyennes || Ajouter une tranche supplémentaire aux impôts sur le revenu pour atteindre cet objectif,0.9598354,2.0,174.0,182.0,6.0,8.0,9.0,0.0,1.0,0.7666666666666667,Non,Oui,28,Très court (0-50),Llama 8B,,0.8253968253968254,0.4444444444444444,0.5419475655430712,0.0,0.5419475655430712
VXNlcjpmZmMzYjk5NC0xZTIwLTExZTktOTRkMi1mYTE2M2VlYjExZTE=,27,Tout le monde devrait payer l’impôt sur le revenu. Diminuer celui-ci pour tous ceux qui sont dans les tranches 14% et 30%.,Tout le monde devrait payer l'impôt sur le revenu || Diminuer l'impôt sur le revenu pour tous ceux qui sont dans les tranches 14% et 30%,0.94449955,2.0,122.0,136.0,10.0,10.0,10.0,0.0,0.0,1.0,Non,Non,22,Très court (0-50),Llama 8B,,0.851851851851852,0.851851851851852,0.4791788856304985,0.0,0.4791788856304985
VXNlcjo0NzI4YmQyMi0xZDY0LTExZTktOTRkMi1mYTE2M2VlYjExZTE=,29,"Aujourd'hui, les modes de contraception sont disponibles et bien répandus dans notre pays. Avoir une famille nombreuse est un choix. Certaines familles, ont de multiples enfants afin d'avoir des revenus conséquents des allocations familiales. Cette attitude a prit le nom dans les Antilles « de l'argent braguette ». L'enfant né d'une famille nombreuse et beaucoup moins entourée, beaucoup moins aidé cas beaucoup moins de chance de réaliser des études. Il est remis « au bon soins de la société française ». Je propose de ne pas augmenter les allocations familiales à partir du quatrième enfant.",Les modes de contraception sont disponibles et bien répandus dans notre pays || Avoir une famille nombreuse est un choix || Certaines familles ont de multiples enfants pour des revenus conséquents des allocations familiales || L'attitude a pris le nom 'de l'argent braguette' dans les Antilles || Un enfant né d'une famille nombreuse est beaucoup moins entouré et aidé || Ce qui réduit ses chances de réaliser des études || L'enfant est remis 'au bon soins de la société française' || Je propose de ne pas augmenter les allocations familiales à partir du quatrième enfant,0.9250933,8.0,596.0,571.0,9.0,10.0,9.0,0.0,1.0,0.9333333333333333,Non,Oui,95,Court (51-100),Llama 8B,,0.87,0.8200000000000001,0.22211764705882353,0.6223058823529413,0.0
VXNlcjoxNDMyZDdlMy0xZTIwLTExZTktOTRkMi1mYTE2M2VlYjExZTE=,33,"Arrêter de taxer les indépendants, les petites entreprises et PME aux mêmes taux que les multinationales. Mettre en place un impôt sur les sociétés cohérents avec celui des autres pays de l'UE (pas normal que la france ait le taux le plus élevé), pour inciter à la création d'entreprise au lieu de ""racketter les petites entreprises"". Nous payons des impôts sur le CA, des cotisations quand nous prenons du salaire et après sur l'impôt sur le revenu, quelle honte! Arrêter de matraquer les classes moyennes.","Arrêter de taxer les indépendants, les petites entreprises et PME aux mêmes taux que les multinationales || Mettre en place un impôt sur les sociétés cohérents avec celui des autres pays de l'UE || Pour inciter à la création d'entreprise au lieu de 'racketter les petites entreprises' || Payer des impôts sur le CA, des cotisations quand nous prenons du salaire et après sur l'impôt sur le revenu || Arrêter de matraquer les classes moyennes",0.92106986,5.0,507.0,441.0,4.0,6.0,4.0,0.0,1.0,0.4666666666666667,Non,Oui,85,Court (51-100),Llama 8B,,0.9130434782608696,0.9130434782608696,0.3023809523809524,0.0,0.3023809523809524
VXNlcjpmMmZkNWNjZC0xYWY3LTExZTktOTRkMi1mYTE2M2VlYjExZTE=,38,"Remonter le plafond de déduction de la demi-part pour l'IR de 1500 à 2000 euros Augmenter le plafond pour le crédit d’impôts pour frais de garde des jeunes enfants (de 2 300 à 3 000 euros ) Pour la tranche  27 520 € à 73 779 € aujourd""hui imposée au taux de 30% la scinder en deux, par exemple de 27 500 à 45 000 avec un taux d'imposition de l'ordre de 20 ou 25 % afin de rendre l'IR plus juste et plus progressif",Augmenter le plafond pour le crédit d’impôts pour frais de garde des jeunes enfants || Augmenter le plafond de déduction de la demi-part pour l'IR de 1500 à 2000 euros || Scinder la tranche 27 520 € à 73 779 € en deux tranches avec des taux d'imposition différents,0.89285946,3.0,413.0,264.0,8.0,6.0,9.0,0.0,0.0,0.7666666666666667,Non,Non,85,Court (51-100),Llama 8B,,0.6618705035971223,0.4460431654676259,0.5224372301295379,0.38205021589636967,0.14038701423316824
VXNlcjpmZGEwZTUzZS0xZTFlLTExZTktOTRkMi1mYTE2M2VlYjExZTE=,39,"La production en France est beaucoup plus taxée que dans les autres pays. Cela crée une concurrence déloyale. La taxation doit être faite sur la consommation et non sur la production. Vous achetez un téléviseur. Vous ne financez pas les retraites car non fabriquées en Europe. Par ailleurs les aides sociales sont une mutualisation des risques et comme pour une assurance il y a des régles a respecter. Les aides doivent servir a sortir la tête de l eau a pouvoir faire face a un accident de la vie mais en aucun cas  a entretenir chichement tout une population très au fait de leurs droits, et pas spécialement de leurs devoirs. Le travail et le retour au travail doit être le cœur de la création de valeur",La production en France est beaucoup plus taxée que dans les autres pays || Cela crée une concurrence déloyale || La taxation doit être faite sur la consommation et non sur la production || Acheter un téléviseur ne finance pas les retraites car non fabriquées en Europe || Les aides sociales sont une mutualisation des risques et il y a des règles à respecter || Les aides doivent servir à sortir la tête de l'eau pour faire face à un accident de la vie || Les aides ne doivent pas entretenir chichement une population très au fait de leurs droits et non spécialement de leurs devoirs || Le travail et le retour au travail doit être le cœur de la création de valeur,0.8908271,8.0,707.0,665.0,7.0,8.0,8.0,0.0,1.0,0.7666666666666667,Non,Oui,127,Moyen (101-200),Llama 8B,,0.8981132075471698,0.8830188679245283,0.19694721221115113,0.0,0.19694721221115113
VXNlcjozOWQwNzJjNC0xZDEwLTExZTktOTRkMi1mYTE2M2VlYjExZTE=,40,"Plus de tranches de taxation au niveau de l'impôt. Remettre l'ISF qui rapporterait 3 milliards. Réduire la TVA sur les produits de première nécessité (alimentaire et autres) et l'augmenter sur les produits de luxe, les actions en bourse.",Plus de tranches de taxation au niveau de l'impôt || Remettre l'ISF qui rapporterait 3 milliards || Réduire la TVA sur les produits de première nécessité (alimentaire et autres) || Augmenter la TVA sur les produits de luxe || Augmenter la TVA sur les actions en bourse,0.9243617,5.0,237.0,268.0,10.0,10.0,10.0,0.0,0.0,1.0,Non,Non,38,Très court (0-50),Llama 8B,,0.9148936170212767,0.9148936170212767,0.5640586797066015,0.3487530562347188,0.2153056234718827
VXNlcjoyMTVjYzkwMi0xZTFmLTExZTktOTRkMi1mYTE2M2VlYjExZTE=,41,Arrêter de se référer au revenu fiscal d'un couple pour calculer le taux de CSG applicable sur une petite pension. Faut-il divorcer pour obtenir un calcul plus équitable?,"[PARSE_FAIL] CSV illisible: Error tokenizing data. C error: Expected 4 fields in line 7, saw 5",0.024645256,1.0,170.0,94.0,0.0,0.0,0.0,,,0.0,,,28,Très court (0-50),Llama 8B,,0.0,0.0,0.12463912394225984,0.3510204081632653,0.0
VXNlcjo0YjJjOTczYy0xZDZhLTExZTktOTRkMi1mYTE2M2VlYjExZTE=,42,payer l'impôt  dès le premier euro touché,Payer l'impôt dès le premier euro touché,1.0000001,1.0,41.0,40.0,10.0,10.0,10.0,0.0,0.0,1.0,Non,Non,7,Très court (0-50),Llama 8B,,1.0,1.0,1.0,0.0,1.0
VXNlcjplN2VmZDU1NS0xYTY5LTExZTktOTRkMi1mYTE2M2VlYjExZTE=,44,"la collectivité doit assurer la possibilité pour chacun de maintenir son train de vie pour garantir ses besoins primaires (nourriture + logement + déplacements domicile-travail) Dans ce cadre les augmentations de salaires, de retraites, d'allocations doivent se faire en €uros et pas en pourcentages. Par exemple pour 2019 une augmentation de 100 euros mensuel tant pour celui qui gagne 1 SMIC que pour celui qui gagne 5 SMIC. En effet avec le système actuel en pourcentage les + forts revenus sont toujours les + avantagés alors que leurs besoins primaires sont les mêmes que ceux qui ont des bas revenus. En période de difficultés économiques, il faut envisager qu'il n'y ait aucune augmentation pour ceux qui gagnent + de 3 SMIC","La collectivité doit assurer la possibilité pour chacun de maintenir son train de vie || Les besoins primaires sont la nourriture, le logement et les déplacements domicile-travail || L'augmentation des salaires, retraites et allocations doit se faire en euros, pas en pourcentages || Exemple : augmentation de 100 euros mensuel pour tous, qu'ils gagnent 1 SMIC ou 5 SMIC (2019) || Le système actuel en pourcentage favorise les personnes à hauts revenus || Il est important de considérer que les besoins primaires sont les mêmes pour tous, quels que soient leurs revenus || Dans des périodes économiques difficiles, il n'y a pas d'augmentation pour ceux qui gagnent plus de 3 SMIC",0.90835255,7.0,731.0,679.0,9.0,8.0,9.0,0.0,0.0,0.8666666666666666,Non,Non,121,Moyen (101-200),Llama 8B,,0.7280334728033474,0.6192468619246863,0.30499051510287467,0.0,0.30499051510287467
VXNlcjpmMDM3OTY0Yi0xZTE4LTExZTktOTRkMi1mYTE2M2VlYjExZTE=,45,"Les riches doivent payer des impôts, ainsi que les pauvres devrait payer aussi des impôts pour que tout le monde soit égaux et participer aux dépenses publiques responsabiliser tout le monde",Les riches doivent payer des impôts || les pauvres devraient payer aussi des impôts || pour que tout le monde soit égal || participer aux dépenses publiques responsabiliser tout le monde,0.95394015,4.0,190.0,186.0,6.0,6.0,5.0,0.0,1.0,0.5666666666666667,Non,Oui,31,Très court (0-50),Llama 8B,,0.8923076923076922,0.8923076923076922,0.8078014184397163,0.0,0.8078014184397163
VXNlcjo2ZjEzZWZhYS0xZDU1LTExZTktOTRkMi1mYTE2M2VlYjExZTE=,46,L'impôt sur le revenu payé par tous les contribuables y compris les exilés fiscaux. l'exemple des états unis ou les contribuables délocalisés payent un différentiel au trésor public américain;.,"Les contribuables, y compris les exilés fiscaux, payent l'impôt sur le revenu || L'exemple des États-Unis montre que les contribuables délocalisés payent un différentiel au trésor public américain",0.9494039,2.0,193.0,196.0,4.0,5.0,3.0,0.0,0.0,0.4,Non,Non,29,Très court (0-50),Llama 8B,,0.9066666666666667,0.7466666666666667,0.6530327868852459,0.0,0.6530327868852459
VXNlcjplZmZmMzg4Mi0xY2I2LTExZTktOTRkMi1mYTE2M2VlYjExZTE=,50,Supprimer les tranches d'imposition et instaurer un impôt proportionnel Remettre l'ISF sur les plus hauts revenus Supprimer l'augmentation de la CSG pour l'ensemble des retraités,Supprimer les tranches d'imposition || Instaurer un impôt proportionnel || Remettre l'ISF sur les plus hauts revenus || Supprimer l'augmentation de la CSG pour l'ensemble des retraités,0.9666202,4.0,178.0,184.0,10.0,10.0,10.0,0.0,0.0,1.0,Non,Non,25,Très court (0-50),Llama 8B,,0.9836065573770492,0.9836065573770492,0.988950276243094,0.0,0.988950276243094
VXNlcjo5ZjYxN2MyYS0xOWM5LTExZTktOTRkMi1mYTE2M2VlYjExZTE=,52,Réintégrer dans l'impôt sur le revenu des revenus qui aujourd'hui n'y sont pas soumis. Créer en conséquences plus de tranches progressives d'impôt.,Réintégrer dans l'impôt sur le revenu des revenus qui aujourd'hui n'y sont pas soumis || Créer en conséquences plus de tranches progressives d'impôt,0.9602426,2.0,147.0,148.0,10.0,10.0,9.0,0.0,0.0,0.9666666666666666,Non,Non,22,Très court (0-50),Llama 8B,,1.0,1.0,0.6598290598290599,0.0,0.6598290598290599
VXNlcjo1ZjAyNjVmZS0xZTIwLTExZTktOTRkMi1mYTE2M2VlYjExZTE=,56,arrêter de faire de la défiscalisation .celle- ci sert les intérêts des plus fortunés. remettre ISF,Arrêter de faire de la défiscalisation || Celle-ci sert les intérêts des plus fortunés || Remettre l'ISF,0.9683974,3.0,99.0,104.0,6.0,10.0,8.0,0.0,1.0,0.8,Non,Oui,16,Très court (0-50),Llama 8B,,0.9767441860465117,0.9767441860465117,0.816140350877193,0.0,0.816140350877193
VXNlcjo3ZTY3N2NjOS0xZTIxLTExZTktOTRkMi1mYTE2M2VlYjExZTE=,57,"En finir avec la redistribution de l'impôt de tous pour financer la rémunération des 4 clergés en Alsace et Moselle et celle des enseignants de religion dans ces 3 départements, loin d'être les plus défavorisés de France. L'usage de l'impôt public doit respecter les principes de la RF : une et indivisible,, égalité et laïcité. Ces 3 départements par référendums locaux peuvent décider de financer par eux mêmes leurs clergés (Islam en étant exclu) leurs enseignants, sans rogner sur les deniers publics nationaux.","La redistribution de l'impôt pour financer la rémunération des 4 clergés et des enseignants de religion en Alsace et Moselle est injuste || L'usage de l'impôt public doit respecter les principes de la République française : une et indivisible, égalité et laïcité || Ces 3 départements peuvent décider de financer leurs clergés et enseignants par eux-mêmes sans rogner sur les deniers publics nationaux",0.9223319,3.0,515.0,401.0,8.0,8.0,9.0,0.0,0.0,0.8333333333333334,Non,Non,83,Court (51-100),Llama 8B,,0.7909604519774012,0.6892655367231638,0.3766710091191502,0.0,0.3766710091191502
VXNlcjpkMzFkYzQ5Ni0xZDUwLTExZTktOTRkMi1mYTE2M2VlYjExZTE=,58,"""Combien coûte la retraite des fonctionnaires français ? 37 300 000 000 euros par an de retraites pour la fonction publique Chaque seconde le budget de l'Etat dépense 1182 euros pour payer la retraite des fonctionnaires, soit 37,3 milliards d'euros de retraites par an. Les fonctionnaires ne cotisent et ne couvrent qu'un quart de cette somme. Le régime des fonctionnaires est plus avantageux que celui du privé dans son mode de calcul: 6 derniers mois pris en compte, par opposition aux 25 meilleures années dans le privé. Réversion en cas de veuvage sans conditions de ressources, etc. En 2010, pour payer les retraites de ses fonctionnaires, l'Etat a versé 28 milliards d'euros, soit, comme employeur, un taux de cotisation de 62,14%. 25% Les fonctionnaires ne cotisent et ne couvrent qu'un quart de la somme qu'ils reçoivent en retraites. Le reste est couvert par les cotisations du secteur privé...""  Trop de privilèges payés par le privé pour le statut de fonctionnaire qui ne se justifie que pour l'armée , la police et la justice . Tout le reste trouve le même ou meilleur service dans le privé , et à payer selon besoin plutôt que toute une vie .","Le budget de l'État dépense 1182 euros par seconde pour payer la retraite des fonctionnaires || Les fonctionnaires ne cotisent et ne couvrent qu'un quart de la somme qu'ils reçoivent en retraites || Le régime des fonctionnaires est plus avantageux que celui du privé dans son mode de calcul || L'État a versé 28 milliards d'euros pour payer les retraites de ses fonctionnaires en 2010 || Les fonctionnaires ne cotisent et ne couvrent qu'un quart de la somme qu'ils reçoivent en retraites || Trop de privilèges payés par le privé pour le statut de fonctionnaire qui ne se justifie que pour l'armée, la police et la justice || Le reste trouve le même ou meilleur service dans le privé, et à payer selon besoin plutôt que toute une vie",0.79300296,7.0,1155.0,732.0,6.0,8.0,8.0,0.0,1.0,0.7333333333333333,Non,Oui,198,Moyen (101-200),Llama 8B,,0.7535410764872522,0.6798866855524078,0.2805406952424983,0.0,0.2805406952424983
VXNlcjowZDllYzIyMS0xOTUwLTExZTktOTRkMi1mYTE2M2VlYjExZTE=,59,"L’idée générale, est de laisser le libre choix à chaque contribuable de choisir comment doit être investit l’argent de ses impôts.  Cette proposition est une base de réflexion, qui présente à mon avis de nombreux avantages, le premier et non le moindre étant une plus grande démocratisation de notre société, une responsabilisation et le sentiment pour tout un chacun  d’être décisionnaire et utile. Dans une moindre mesure, une  réconciliation (légère)  des français envers les impôts et taxes diverses, et surtout, un juste contrepoids envers les technocrates décisionnaires de Bercy.    L’idée est de rajouter un feuillet à la déclaration de revenus avec les catégories ci-dessous (liste non exhaustive.) Culture.   Défense.  Santé.  Écologie.  Économie.  Enseignement.  Justice.  Agriculture.  Sécurité.   Jeunesse et sports.      Chaque contribuable attribuerait un pourcentage dans les catégories qu’il désire (avec un maximum de15% pour une catégorie, afin de lisser les résultats). Ces pourcentages correspondraient à la part de leur impôt sur le revenu qu’il souhaiterait allouer à telle ou telle catégorie.   Afin que les personnes non imposables soient également  prisent en compte, et parce que l’impôt sur le revenus, n est qu’une source de taxe  parmi d’autres,  il suffirait, une fois la totalité des déclarations recueillies, de faire une moyenne nationale sur les pourcentages.  Ces pourcentages seraient ensuite appliqués sur 80%  du montant des autres taxes, (Impôt sur les sociétés, Taxe intérieure de consommation sur les produits énergétiques, Taxe sur la valeur ajoutée), les 20% restant  servant de marge de manœuvre à l’exécutif.  De plus, avec cette méthode, l’état disposerait d’un bel outil analytique. Il serait possible de voire par exemple, les attentes des contribuables par  niveau de revenu, par situation géographique, etc  etc, qui permettrait de coller le mieux possible dans la redistribution.","La proposition est de laisser le libre choix à chaque contribuable d'investir l'argent de ses impôts || Cela permettrait une plus grande démocratisation de notre société || Et une responsabilisation et un sentiment pour tout un chacun d'être décisionnaire et utile || L'idée est de rajouter un feuillet à la déclaration de revenus avec les catégories ci-dessous || Culture. Défense. Santé. Écologie. Économie. Enseignement. Justice. Agriculture. Sécurité. Jeunesse et sports || Chaque contribuable attribuerait un pourcentage dans les catégories qu'il désire || Avec un maximum de 15% pour une catégorie, afin de lisser les résultats || Ces pourcentages correspondraient à la part de leur impôt sur le revenu qu'ils souhaiteraient allouer à telle ou telle catégorie || Les personnes non imposables seraient également prises en compte || Il suffirait de faire une moyenne nationale sur les pourcentages || Ces pourcentages seraient ensuite appliqués sur 80% du montant des autres taxes || Les 20% restant serviraient de marge de manœuvre à l'exécutif || L'état disposerait d'un bel outil analytique || Il serait possible de voir les attentes des contribuables par niveau de revenu, par situation géographique, etc.",0.8504596,14.0,1931.0,1213.0,4.0,5.0,6.0,0.0,1.0,0.5,Non,Oui,284,Long (+200),Llama 8B,,0.7172675521821632,0.6907020872865275,0.8527854723957174,0.05703548273016622,0.7957499896655512
VXNlcjo1NTkzMDkyZC0xZDdkLTExZTktOTRkMi1mYTE2M2VlYjExZTE=,60,"Lutter contre la fraude fiscale, imposer les entreprises et dirigeants qui gagnent de l'argent en France, réduire les privilèges des parlementaires et hauts fonctionnaires...Indexer les retraites sur l'inflation.",Combattre la fraude fiscale || Imposer les entreprises et dirigeants qui gagnent de l'argent en France || Réduire les privilèges des parlementaires et hauts fonctionnaires || Indexer les retraites sur l'inflation,0.9528078,4.0,212.0,212.0,10.0,10.0,10.0,0.0,0.0,1.0,Non,Non,28,Très court (0-50),Llama 8B,,0.9538461538461539,0.9538461538461539,0.5146971201588877,0.0,0.5146971201588877
VXNlcjo0NTM0Njg0Mi0xZTIxLTExZTktOTRkMi1mYTE2M2VlYjExZTE=,61,"Le train de vie de l’état doit être réduit drastiquement à la fois pour nos élus et pour la haute administration. Le Danemark peut servir de référence en cette matière, toute raison gardée.. Ceci est valable pour la vie quotidienne des élus   mais aussi pour la haute administration pléthorique et budgétivore. Nos anciens présidents , nos anciens premiers ministres, nos anciens ministres de l’intérieur, tout comme nos anciens préfets ou autres grands commis de l’état n’ont aucune raison d’être remerciés à vie pour les missions accomplies durant leur passage aux affaires. Tout comme les  soldats, les gendarmes, les pompiers qui accomplissent leurs missions, ils font leur job , c’est tout. La haute administration doit être limitée à quelques fonctions indispensables à la bonne marche du pays et les comités bidule supprimés car ils sont trop souvent créés ou maintenus pour seulement accueillir les ex . Les ‘re-casages ‘dans les Autorités  Administratives  Indépendantes ou dans les établissements publics à des niveaux de rémunération indus démontrent que le système s’auto-alimente, au détriment de l’efficacité et de la rigueur budgétaire Toute rémunération dans la Haute Fonction Publique devrait être limitée au niveau de celle du Président. de la Republique. On met toujours en avant la différence de salaire entre les fonctionnaires et les cadres supérieurs des entreprises. Il ne faut pas oublier que les premiers ont la garantie de l’emploi  à vie et que tous , en fonction de leur éthique sont disponibles 24h sur 24. Et que dire des privilèges des voitures de fonction, des appartements hausmaniens , des billets gratuits ? Ceci mériterait une nouvelle nuit du 4 aout.  En 2012 selon Challenges 656 hauts fonctionnaires dont 232 cadres de Bercy gagnaient plus que le Président, est-ce normal ? Echelle des salaires :Dans le privé, comme dans le public  l’échelle des salaires -tout inclus- doit être graduellement revue avec des objectifs dans le temps. Il est indispensable que cela soit fait  en incorporant au salaire tous les avantages de la fonction et en les rendant imposables au prix du marché. Les privilèges d'un autre temps , sur la gratuité des transports , l'électricité a faible coût ,  etc , faites à certaines catégories professionnelles  sont à abolir .","Le train de vie de l’état doit être réduit drastiquement || Tout comme les soldats, les gendarmes, les pompiers qui accomplissent leurs missions, ils font leur job , c’est tout. || La haute administration doit être limitée à quelques fonctions indispensables à la bonne marche du pays || Les comités bidule supprimés car ils sont trop souvent créés ou maintenus pour seulement accueillir les ex. || Toute rémunération dans la Haute Fonction Publique devrait être limitée au niveau de celle du Président. de la Republique || Les premiers ont la garantie de l’emploi  à vie et que tous , en fonction de leur éthique sont disponibles 24h sur 24. || Ceci mériterait une nouvelle nuit du 4 aout. || Echelle des salaires :Dans le privé, comme dans le public l’échelle des salaires -tout inclus- doit être graduellement revue avec des objectifs dans le temps || Les privilèges d'un autre temps , sur la gratuité des transports , l'électricité a faible coût ,  etc , faites à certaines catégories professionnelles sont à abolir.",0.82389486,9.0,2290.0,1020.0,5.0,6.0,5.0,0.0,1.0,0.5333333333333333,Non,Oui,367,Long (+200),Llama 8B,,0.6045694200351494,0.6045694200351494,0.7449762161518544,0.026842907981698028,0.7181333081701564
VXNlcjo2NjBkZTdlYS0xZDQ5LTExZTktOTRkMi1mYTE2M2VlYjExZTE=,63,"1/Pour rendre crédible et acceptable les hausses de taxes et ou impôts, il faut commencer par une véritable chasse à la dépense public, Nombre et coût de la représentation, assemblée nationale et sénat, nombre et coût des différentes institutions, nombre et coût des hauts fonctionnaires, après et uniquement après cette mise en ordre réelle,  je suis prêt à entendre les hausses de taxes. 2/Et toujours dans la crédibilité, stopper les aides à la migration, les aides sociales avec des sommes d’argent distribuées sans contrôle. 3/Et encore, stopper les rémunérations des anciens présidents, des anciens ministres, anciens etc. ,,,   4/Pour résumé, il faut montrer l’exemple en termes de bonne gestion des finances publiques","Chasse à la dépense publique pour rendre crédible les hausses de taxes et impôts || Mise en ordre réelle des institutions et des hauts fonctionnaires avant augmentation des impôts || Stopper les aides à la migration sans contrôle || Stopper les rémunérations des anciens présidents, ministres, etc. || Montrer l'exemple en termes de bonne gestion des finances publiques",0.77900374,5.0,725.0,369.0,8.0,8.0,9.0,0.0,0.0,0.8333333333333334,Non,Non,112,Moyen (101-200),Llama 8B,,0.5757575757575758,0.47474747474747475,0.4873928781245854,0.2848174048174048,0.20257547330718062
VXNlcjo3YjIzMzMzMS0xZDlhLTExZTktOTRkMi1mYTE2M2VlYjExZTE=,64,"Il me semble que les travaux internationaux d'experts  tels que Thomas Piketty, ou encore M. Stiglitz et d'autres pourraient inspirer plus fortement les hauts fonctionnaires de Bercy et le ministre des finances.","Les travaux internationaux d'experts pourraient inspirer les hauts fonctionnaires de Bercy et le ministre des finances || Ils sont Thomas Piketty, M. Stiglitz et d'autres experts qui pourraient inspirer",0.85402644,2.0,211.0,202.0,6.0,5.0,7.0,0.0,1.0,0.6,Non,Oui,32,Très court (0-50),Llama 8B,,0.7500000000000001,0.53125,0.47953814416471385,0.41636948466822893,0.06316865949648492
VXNlcjphNTYxMzIzMi0xZDU4LTExZTktOTRkMi1mYTE2M2VlYjExZTE=,68,"augmenter les impôts directs sur les hauts revenus. ( scandale de la suppression de l'ISF. ) Arrêter la "" pédagogie"" de la baisse des impôts ex : "" trop d'impôt tue l'impôt "" etc... lutter efficacement contre la fraude et l'évasion fiscale......",Augmenter les impôts directs sur les hauts revenus || Scandale de la suppression de l'ISF || Arrêter la pédagogie de la baisse des impôts || Trop d'impôt tue l'impôt est une erreur || Lutter efficacement contre la fraude et l'évasion fiscale,0.91975904,5.0,245.0,241.0,8.0,8.0,8.0,0.0,0.0,0.8,Non,Non,42,Très court (0-50),Llama 8B,,0.9462365591397849,0.9462365591397849,0.3923814527781426,0.0,0.3923814527781426
VXNlcjoxZDE5YmVjNy0xZTIxLTExZTktOTRkMi1mYTE2M2VlYjExZTE=,71,Que la France suive l’Islande et mette les banques sous tutelle ou les nationalise afin d'effacer la dette.,La France devrait suivre l'exemple de l'Islande en mettant les banques sous tutelle ou les nationalisant pour éradiquer la dette,0.9323173,1.0,107.0,128.0,10.0,10.0,10.0,0.0,0.0,1.0,Non,Non,18,Très court (0-50),Llama 8B,,0.6190476190476191,0.6190476190476191,0.469645390070922,0.0,0.469645390070922
VXNlcjo4M2U4OTIzNS0xZTIwLTExZTktOTRkMi1mYTE2M2VlYjExZTE=,75,"que l’impôt sur le revenu soit l’impôt principal en fusionnant les autres impôts a lui même, chacun contribue a hauteur de ces revenus pour plus de solidarité.",l'impôt sur le revenu est l'impôt principal || les autres impôts sont fusionnés à lui-même || chaque impôt contribue en fonction des revenus || ce système vise plus de solidarité,0.9255029,4.0,159.0,178.0,6.0,5.0,5.0,0.0,1.0,0.5333333333333333,Non,Oui,27,Très court (0-50),Llama 8B,,0.6956521739130435,0.6376811594202899,0.5777448071216618,0.0,0.5777448071216618
VXNlcjo0ODgyNDk2ZC0xZTFmLTExZTktOTRkMi1mYTE2M2VlYjExZTE=,76,"tout le monde doit être soumis à l'impot sur le revenu. La redistribution n'est acceptable que si elle n'est pas financée par une fiscalité confiscatoire. Au delà de 30%, l'impot devient confiscatoire.","tout le monde doit être soumis à l'impot sur le revenu || la redistribution n'est acceptable que si elle n'est pas financée par une fiscalité confiscatoire || au delà de 30%, l'impot devient confiscatoire",0.98295796,3.0,201.0,204.0,10.0,9.0,9.0,0.0,0.0,0.9333333333333333,Non,Non,32,Très court (0-50),Llama 8B,,1.0,1.0,0.5369536423841059,0.0,0.5369536423841059
VXNlcjpkOTZjMDI5OS0xZGMwLTExZTktOTRkMi1mYTE2M2VlYjExZTE=,77,"Que tout le monde soit imposable, et que chacun paye ses impôts en fonction de ce qu'il gagne, pas d'exception",Que tout le monde soit imposable || et que chacun paye ses impôts en fonction de ce qu'il gagne || pas d'exception,0.9711175,3.0,110.0,114.0,7.0,6.0,8.0,0.0,1.0,0.7,Non,Oui,20,Très court (0-50),Llama 8B,,1.0,1.0,0.9857142857142858,0.0,0.9857142857142858
VXNlcjozMjI1MjhmMC0xZDc3LTExZTktOTRkMi1mYTE2M2VlYjExZTE=,78,"le taux d'imposition le même pour tous sans exception par exemple suppression csg pour retratite de 2000 euros mais en couplu 2750 euros ,encore une injustice.2000 euros pour tous les retraites en couple ou non.","Le taux d'imposition est le même pour tous sans exception || Suppression CSG pour un retrait de 2000 euros mais en couplé à 2750 euros || C'est encore une injustice || Tous les retraites, qu'elles soient en couple ou non, devraient être égales à 2000 euros",0.95107365,4.0,211.0,256.0,5.0,5.0,4.0,0.0,1.0,0.4666666666666667,Non,Oui,35,Très court (0-50),Llama 8B,,0.7951807228915663,0.746987951807229,0.6101070663811563,0.0,0.6101070663811563
VXNlcjo2ZmU2M2ZjZS0xZTIwLTExZTktOTRkMi1mYTE2M2VlYjExZTE=,80,"Réduire les impôts pour les familles nombreuses de la classe moyenne et aisée. C'est la double peine: nous devons tout payer (école, crèche, garderie, nounou, loisirs...) et les aides se réduisent, et nous n'avons droit à presque rien. Les enfants sont l'avenir de notre pays, et il vaudrait mieux favoriser des familles qui ont les moyens de leur donner une bonne éducation mais qui ont besoin d'un ""coup de pouce"" pendant les années où les enfants sont à charge.","Réduire les impôts pour les familles nombreuses de la classe moyenne et aisée || C'est la double peine: nous devons tout payer (école, crèche, garderie, nounou, loisirs...) || Les aides se réduisent, et nous n'avons droit à presque rien || L'enfants sont l'avenir de notre pays || Favoriser des familles qui ont les moyens de leur donner une bonne éducation mais qui ont besoin d'un 'coup de pouce'",0.9633177,5.0,464.0,398.0,7.0,7.0,6.0,0.0,1.0,0.6666666666666667,Non,Oui,79,Court (51-100),Llama 8B,,0.9,0.9,0.4893596807904237,0.0,0.4893596807904237
VXNlcjoxZWY1YTVkNi0xZDhkLTExZTktOTRkMi1mYTE2M2VlYjExZTE=,81,Que chaque citoyen paye des impôts à hauteur de ses revenus Moins de taxes directes ou indirectes notamment sur les produits dérivés du pétrole et sur l'énergie.,Chaque citoyen doit payer des impôts en fonction de ses revenus || Moins de taxes directes ou indirectes sont nécessaires || Taxes sur les produits dérivés du pétrole et l'énergie doivent être réduites,0.9278322,3.0,161.0,201.0,10.0,10.0,10.0,0.0,0.0,1.0,Non,Non,27,Très court (0-50),Llama 8B,,0.7536231884057972,0.7536231884057972,0.6349723756906078,0.0,0.6349723756906078
VXNlcjo3ZWVjMTMyZi0xZTIxLTExZTktOTRkMi1mYTE2M2VlYjExZTE=,82,"J'ai toujours payé mes impôts, même si aujourd'hui la pression fiscale est très importante. L'augmentation des salaires peut permettre des rentrées fiscales plus importantes, une reprise de la consommation, une croissance plus forte. Il faut que les entreprises, les TRES grosses entreprises, payent leurs impôts et leurs cotisations ! Qu'elles cessent de faire du chantage en prétextant qu'elles vont devoir licencier !! La justice fiscale c'est aussi ça ! Que tout le monde paye à hauteur de ce qu'il doit payer pour que la société tourne dans le bon sens.  Rétablir l'ISF me semble indispensable également.","J'ai toujours payé mes impôts || L'augmentation des salaires peut permettre des rentrées fiscales plus importantes || Une reprise de la consommation, une croissance plus forte || Il faut que les entreprises payent leurs impôts et leurs cotisations ! || Qu'elles cessent de faire du chantage en prétextant qu'elles vont devoir licencier ! || La justice fiscale c'est aussi ça ! || Que tout le monde paye à hauteur de ce qu'il doit payer pour que la société tourne dans le bon sens || Rétablir l'ISF me semble indispensable également",0.93702114,8.0,609.0,531.0,4.0,3.0,4.0,0.0,1.0,0.36666666666666664,Non,Oui,96,Court (51-100),Llama 8B,,0.92,0.92,0.8284246367511183,0.0,0.8284246367511183
VXNlcjpmNjJiZmYxMy0xZDdiLTExZTktOTRkMi1mYTE2M2VlYjExZTE=,84,"Tout citoyen paye un impôt sur le revenu, selon ses moyens, pas seulement moins la moitié de la population. Ceci afin de réduire les taxes et impots indirects payés par tout consommateur",Les citoyens payent un impôt sur le revenu || Ceci est selon leurs moyens || Pas moins de la moitié de la population || Réduire les taxes et impôts indirects,0.95035785,4.0,186.0,157.0,3.0,2.0,4.0,0.0,1.0,0.3,Non,Oui,32,Très court (0-50),Llama 8B,,0.7384615384615385,0.6769230769230768,0.503030303030303,0.0,0.503030303030303
VXNlcjo1YWU3MzdhOC0xZTIyLTExZTktOTRkMi1mYTE2M2VlYjExZTE=,86,Que le barème soit le même pour tous le monde pour l ir la taxe foncière et d habitation,Le barème soit le même pour tous le monde pour la taxe foncière et d'habitation,0.98795193,1.0,88.0,79.0,8.0,7.0,7.0,0.0,0.0,0.7333333333333333,Non,Non,19,Très court (0-50),Llama 8B,,0.9268292682926829,0.9268292682926829,0.8403193612774451,0.0,0.8403193612774451
VXNlcjpkYTczNDcwYi0xZTIxLTExZTktOTRkMi1mYTE2M2VlYjExZTE=,87,"Tout le monde doit participer à l'effort.  La lutte contre l'évasion fiscale doit être une priorité car il est facile de faire la chasse aux  petits revenus qui tentent de contourner la législation alors que les plus riches bénéficient de tout un système qui leur est dédié.  Ramener dans les comptes tout l'argent"" évadé"" solutionnerait beaucoup de problème de budget (santé, social, public, etc.)  I lest également inadmissible que de grands chefs d'entreprises du CAC 40, représentant la France soit résident fiscal ailleurs qu'en France","La lutte contre l'évasion fiscale doit être une priorité || Tout le monde doit participer à l'effort || Il est facile de faire la chasse aux petits revenus qui tentent de contourner la législation || Les plus riches bénéficient de tout un système qui leur est dédié || Ramener dans les comptes tout l'argent évadé solutionnerait beaucoup de problèmes de budget (santé, social, public, etc.) || Il est inadmissible que de grands chefs d'entreprises du CAC 40, représentant la France, soient résident fiscal ailleurs qu'en France",0.95844066,6.0,540.0,527.0,10.0,9.0,9.0,0.0,0.0,0.9333333333333333,Non,Non,85,Court (51-100),Llama 8B,,0.9368421052631579,0.8631578947368421,0.44916455696202534,0.44066835443037977,0.00849620253164557
VXNlcjpkNjA0Y2EyMy0xZTIxLTExZTktOTRkMi1mYTE2M2VlYjExZTE=,88,Supprimer toutes les niches fiscales qui avantagent certains de nos contribuables et notamment les plus aisés,Supprimer toutes les niches fiscales || qui avantagent certains de nos contribuables || notamment les plus aisés,0.9751714,3.0,109.0,112.0,4.0,8.0,6.0,0.0,1.0,0.6,Non,Oui,16,Très court (0-50),Llama 8B,,0.9696969696969697,0.9696969696969697,0.9873303167420815,0.0,0.9873303167420815
VXNlcjplOGJlNDE3Yy0xYjNlLTExZTktOTRkMi1mYTE2M2VlYjExZTE=,89,"Rétablissement d’un l’ISF conditionné :         Les contribuables sujets à l’ISF qui investissent effectivement dans l’économie la part d’impôt qu’ils devraient normalement payer en seraient dispensés. Les autres paieraient l’ISF. Suppression de la TVA sur les taxes pour les factures d’eau, d’électricité, de gaz, etc. Réduction du taux de TVA de 20% pour les biens d'équipement du logement et certains travaux d'amélioration de l'environnement de l'habitat Rétablissement d’un taux de TVA majoré pour les produits de luxe. Tous les contribuables résidant à l’étranger qui gagnent de l’argent en France doivent être imposés en France pour ces revenus (sportifs, acteurs, chanteurs, chefs d'entreprise...). Toutes les entreprises étrangères qui gagnent de l’argent en France devraient payer un impôt forfaitaire par tranches de chiffre d'affaires réalisé en France à déterminer pour ne pas les faire fuirent. Ou définir un taux commun avec les autres pays de l'UE. Supprimer les niches fiscales. Supprimer les réductions d’impôt pour les cotisations aux parties politiques. Réduire drastiquement les avantages donnés aux élus (appartement de fonction, budget informatique, voiture avec chauffeur…) Réduire les rémunérations des hauts fonctionnaires. Remettre en place les portiques pour les poids lourds étrangers uniquement. Supprimer la CSG sur les retraites. Ne pas imposer la CSG non déductible. Lutter contre la fraude fiscale et sanctionner sévèrement Instaurer un impôt symbolique même très bas pour tous les revenus même très bas","Les contribuables sujets à l’ISF qui investissent effectivement dans l’économie la part d’impôt qu’ils devraient normalement payer en seraient dispensés || Tous les contribuables résidant à l’étranger qui gagnent de l’argent en France doivent être imposés en France pour ces revenus || Toutes les entreprises étrangères qui gagnent de l’argent en France devraient payer un impôt forfaitaire par tranches de chiffre d'affaires réalisé en France à déterminer pour ne pas les faire fuirent || Supprimer les niches fiscales || Supprimer les réductions d’impôt pour les cotisations aux parties politiques || Réduire drastiquement les avantages donnés aux élus (appartement de fonction, budget informatique, voiture avec chauffeur…) || Réduire les rémunérations des hauts fonctionnaires || Remettre en place les portiques pour les poids lourds étrangers uniquement || Supprimer la CSG sur les retraites || Ne pas imposer la CSG non déductible || Lutter contre la fraude fiscale et sanctionner sévèrement || Instaurer un impôt symbolique même très bas pour tous les revenus même très bas",0.71626884,12.0,1530.0,1080.0,9.0,9.0,10.0,0.0,0.0,0.9333333333333333,Non,Non,224,Long (+200),Llama 8B,,0.8044444444444444,0.8044444444444444,0.22000724375226366,0.6239942049981891,0.0
VXNlcjowNWY3ZjM4My0xZDViLTExZTktOTRkMi1mYTE2M2VlYjExZTE=,90,"Prélèvement à la source des honoraires des Acteurs,Chanteurs,Sportifs.(certains partent a l’étranger sans payer d’impôts) Les Dirigeants d’Entreprise,dont l'Etat est actionnaire ou a donné des aides  doivent payer leurs impôts en France.(Carlos Gohn... Intégrer les ouvres d'art dans les succession à partir d'un plafond à définir","Prélèvement à la source des honoraires des Acteurs,Chanteurs,Sportifs. || Certains partent a l’étranger sans payer d’impôts || Les Dirigeants d'Entreprise,dont l'Etat est actionnaire ou a donné des aides doivent payer leurs impôts en France. || Intégrer les ouvres d'art dans les succession à partir d'un plafond à définir",0.97588915,4.0,330.0,322.0,8.0,7.0,8.0,0.0,1.0,0.7666666666666667,Non,Oui,45,Très court (0-50),Llama 8B,,0.9827586206896551,0.9827586206896551,0.6476491648649136,0.17443109330959802,0.4732180715553156
VXNlcjozNDIwMzhjMC0xZDRiLTExZTktOTRkMi1mYTE2M2VlYjExZTE=,91,Chaque citoyen même modeste devrait payer l'impôt sur le revenu. Ne pas prendre la classe moyenne pour des vaches à lait. Supprimer la taxe d'habitation pour tout le monde et ne pas faire payer à nouveau la classe moyenne.,Chaque citoyen même modeste devrait payer l'impôt sur le revenu || Ne pas prendre la classe moyenne pour des vaches à lait || Supprimer la taxe d'habitation pour tout le monde || Ne pas faire payer à nouveau la classe moyenne,0.9642639,4.0,222.0,225.0,10.0,10.0,9.0,0.0,0.0,0.9666666666666666,Non,Non,39,Très court (0-50),Llama 8B,,0.9876543209876543,0.9876543209876543,0.553054945054945,0.0,0.553054945054945
VXNlcjowYzhiMzM1Ny0xYTU4LTExZTktOTRkMi1mYTE2M2VlYjExZTE=,93,"Qu'elle frappe en priorité les TRES RICHES : ISF, FLAT TAXE.....TAXER l'EVASION FISCALE ....Supprimer toutes les niches fiscales inefficaces et couteuses",Frapper en priorité les très riches || Taxes comme l'ISF et la flat taxe doivent être mises en avant || Lutter contre l'évasion fiscale est essentiel || Supprimer les niches fiscales inefficaces et coûteuses est une nécessité,0.8972119,4.0,153.0,225.0,9.0,8.0,10.0,0.0,0.0,0.9,Non,Non,21,Très court (0-50),Llama 8B,,0.5161290322580646,0.4838709677419355,0.44652435686918446,0.0,0.44652435686918446
VXNlcjoyZDVlMjZlZS0xZDc5LTExZTktOTRkMi1mYTE2M2VlYjExZTE=,94,"Que tout le monde paie des impôts depuis le premier euro gagné, y compris sur les prestations sociales, que les tranches d'impôts soient plus nombreuses et progressives. Supprimer l'augmentation de la CSG pour les retraités, c'est injuste.","Que tout le monde paie des impôts depuis le premier euro gagné || y compris sur les prestations sociales || les tranches d'impôts soient plus nombreuses et progressives || Supprimer l'augmentation de la CSG pour les retraités, c'est injuste",0.9766312,4.0,239.0,240.0,7.0,7.0,9.0,0.0,1.0,0.7666666666666667,Non,Oui,37,Très court (0-50),Llama 8B,,0.988235294117647,0.988235294117647,0.755190042231607,0.0,0.755190042231607
VXNlcjowODE5YzhiNi0xZDUxLTExZTktOTRkMi1mYTE2M2VlYjExZTE=,97,"Les tranches d'impositions devraient davantage intégrer la situation familliale (personne isolée avec enfant,veuve)et tenir compte des ressources réélles.",Les tranches d'impositions devraient davantage intégrer la situation familiale || Personne isolée avec enfant et veuve doivent être pris en compte dans les tranches d'imposition,0.8285594,2.0,154.0,177.0,5.0,7.0,7.0,0.0,0.0,0.6333333333333333,Non,Non,18,Très court (0-50),Llama 8B,,0.6923076923076924,0.6538461538461539,0.6591508983940213,0.0,0.6591508983940213
VXNlcjpjMDBhZDU0OC0xZTFmLTExZTktOTRkMi1mYTE2M2VlYjExZTE=,101,"CSG de +1,7 % pour les retraités à supprimer totalement et revaloriser les retraites sur l'inflation, celles ci étant bloquées depuis trop longtemps 2013? Que la CSG soit progressive, limpot sur le revenu l'est et la CSG  qui est plus importante financièrement ne l'est pas","CSG de +1,7 % pour les retraités à supprimer totalement || retraites sur l'inflation, celles-ci étant bloquées depuis trop longtemps 2013 || la CSG soit progressive || l'est et la CSG qui est plus importante financièrement ne l'est pas",0.93731725,4.0,273.0,235.0,5.0,3.0,7.0,0.0,1.0,0.5,Non,Oui,45,Très court (0-50),Llama 8B,,0.9130434782608696,0.9130434782608696,0.6655784061696659,0.2675372750642673,0.3980411311053986
VXNlcjo3MGRjZGM3MS0xZDYwLTExZTktOTRkMi1mYTE2M2VlYjExZTE=,103,Tout le monde doit payer des impôts en fonction des revenus même les plus bas car c'est un acte citoyen.,"Les impôts doivent être payés par tout le monde, y compris les personnes à faible revenu || Tout le monde doit payer des impôts en fonction de ses revenus",0.7529148,2.0,104.0,154.0,6.0,5.0,8.0,0.0,0.0,0.6333333333333333,Non,Non,20,Très court (0-50),Llama 8B,,0.4528301886792453,0.41509433962264153,0.4162790697674419,0.4669767441860465,0.0
VXNlcjoyN2Q4ZWZlMy0xZDZiLTExZTktOTRkMi1mYTE2M2VlYjExZTE=,112,L’impôt sur le revenu est redistributif. Il faut augmenter les droits d’enregistrement sur les successions afin de baisser progressivement les autres impôts et taxes.,Le revenu est redistributif || Il faut augmenter les droits d'enregistrement sur les successions,0.8892496,2.0,166.0,96.0,4.0,5.0,10.0,0.0,0.0,0.6333333333333333,Non,Non,24,Très court (0-50),Llama 8B,,0.6666666666666666,0.6666666666666666,0.4031027795733678,0.0,0.4031027795733678
VXNlcjpmNGNiZmJmOS0xZDk1LTExZTktOTRkMi1mYTE2M2VlYjExZTE=,113,"Plus juste, c'est élargir l'assiette à tous les citoyens, quelque soit l'impôt. Supprimer les niches et exemptions. Redéployer les affectations des impôts et taxes.",Élargir l'assiette à tous les citoyens || Supprimer les niches et exemptions || Redéployer les affectations des impôts et taxes,0.89896166,3.0,164.0,127.0,7.0,9.0,10.0,0.0,0.0,0.8666666666666666,Non,Non,24,Très court (0-50),Llama 8B,,0.8163265306122449,0.8163265306122449,0.433038961038961,0.0,0.433038961038961
VXNlcjoxYjQyYTI0ZS0xYTI3LTExZTktOTRkMi1mYTE2M2VlYjExZTE=,114,"Une vrai fiscalité pour les entreprises et tous les puissants qui, armés d'avocats spécialisés arrivent à contourner les règles.",Les entreprises et les puissants utilisent des stratégies pour éviter les règles fiscales || Ils ont recours à des avocats spécialisés pour les aider à contourner les lois,0.8033223,2.0,128.0,171.0,8.0,6.0,8.0,0.0,1.0,0.7333333333333333,Non,Oui,19,Très court (0-50),Llama 8B,,0.5384615384615384,0.4230769230769231,0.3640468227424749,0.0,0.3640468227424749
VXNlcjo2MmNjMmFjMi0xZTIyLTExZTktOTRkMi1mYTE2M2VlYjExZTE=,121,"Depuis plusieurs années déjà tout le monde, journalistes, politiques, citoyens parlent de justice ou plutôt d'injustice fiscale ! 	 	Le ressenti de cette injustice est d'autant plus flagrant et violent au plus près des limites des tranches définies, qu'il s'agisse des « tranches d'impositions » ou des tranches d'éligibilité aux différentes « prestations sociales » en vigueur dans notre pays. Les exemples le plus récents et les plus douloureux étant l'augmentation de la CSG fixés selon le niveau de revenu pour les retraités ou encore l'exonération de la taxe d'habitation fixée selon le revenu fiscal de référence, ou plus récemment encore l'éligibilité au changement de chaudière pour un euro.... etc 	 	En effet, cette méthode de seuils ou de plafonds induit des situations souvent conflictuelles entre voisins ou amis : un ménage dépassant le seuil d'exonération de 100 ou 200 euros voir moins, se voit injustement et très sensiblement lésé par rapport à un ménage voisin qui se trouve en dessous de ce seuil de 100 ou 200 euros voir moins, surtout si la taxe d'habitation est très élevée dans la commune et compte tenu du coût dans le cas du remplacement d'une chaudière. Les deux ménages sont d'ailleurs d'accord entre eux pour convenir que cela est très injuste.  	Comme je vous le dis plus haut, tout le monde en parle et personne ne bouge pourquoi ? Cette progressivité totale et réelle est elle si difficile à mettre en place que personne n'ose entamer le chantier ? 	N'avons nous pas en France les mathématiciens ou financiers compétents pour résoudre ce problème ou est une volonté politique de ne pas y réfléchir ? 	Est il possible de concevoir un algorithme de calcul pour lisser au maximum ces seuils ou plafonds en aboutissant évidemment à une même recette fiscale ou à une même dépense sociale pour l'ETAT ?   	Et bien entendu si cet algorithme existe , est il possible de le traduire en code informatique et l'introduire dans les logiciels utilisés par les services de l'ETAT ?  	Je pense très sincèrement que cette solution si elle était mise en place apaiserait les relations entre les contribuables et réduirait très sensiblement ce sentiment d'injustice exprimé depuis longtemps et plus récemment surtout par une majorité de citoyens.","La justice fiscale est un sujet de préoccupation pour les journalistes, politiques et citoyens || L'injustice fiscale est flagrante au plus près des limites des tranches définies || Les exemples récents d'injustice fiscale sont l'augmentation de la CSG pour les retraités et l'exonération de la taxe d'habitation selon le revenu fiscal || Cette méthode de seuils ou de plafonds induit des situations conflictuelles entre voisins ou amis || Les ménages dépassant les seuils d'exonération se sentent injustement lésés par rapport à ceux qui sont en dessous du seuil || Tout le monde parle de justice fiscale mais personne ne bouge || La progressivité totale et réelle est-elle si difficile à mettre en place que personne n'ose entamer le chantier ? || Pouvez-nous concevoir un algorithme de calcul pour lisser au maximum ces seuils ou plafonds ? || Est-il possible de traduire cet algorithme en code informatique et l'introduire dans les logiciels utilisés par les services de l'État ? || Cette solution apaiserait les relations entre les contribuables et réduirait le sentiment d'injustice",0.74175346,10.0,2260.0,1088.0,8.0,8.0,9.0,0.0,1.0,0.8333333333333334,Non,Oui,371,Long (+200),Llama 8B,,0.5742574257425743,0.49834983498349833,0.45313288372892846,0.1162746645619574,0.33685821916697106
VXNlcjo0ZmFmYzE5My0xZTIwLTExZTktOTRkMi1mYTE2M2VlYjExZTE=,122,"Le problème se pose surtout sur la classe moyenne puisque les gens à faible revenus ne payent pas d impôt -2500 euros par mois et par foyer  et perçoivent les aides sociales et les foyers gagnant plus de 10000 euros par mois ont l accès plus facile aux produits de défiscalisation et si on parle des foyers patrimoniaux ayant beaucoup d épargnés financières arrivent à se constituer des revenus avec une très faible imposition  . Il faut aider la classe moyenne à sortir de l’eau, aujourd’hui notre pouvoir d achat baisse nous travaillons nous ne rechignons pas à l effort bien au contraire mais nous perdons du pouvoir d achat sans cesse et nous sommes sans arrêt les oubliés de toutes les réformes fiscales","Les gens à faible revenus ne payent pas d'impôt || Il y a une différence dans l'accès aux produits de défiscalisation en fonction du revenu || Les foyers gagnant plus de 10000 euros par mois ont accès plus facile aux produits de défiscalisation || La classe moyenne perd du pouvoir d'achat sans cesse || Nous travaillons et nous ne rechignons pas à l'effort, mais nous perdons du pouvoir d'achat || Il faut aider la classe moyenne à sortir de l'eau || Notre pouvoir d'achat baisse sans cesse || Nous sommes les oubliés de toutes les réformes fiscales",0.868904,8.0,708.0,550.0,6.0,5.0,7.0,0.0,0.0,0.6,Non,Non,124,Moyen (101-200),Llama 8B,,0.7008547008547008,0.5384615384615384,0.23006999901409841,0.0,0.23006999901409841
VXNlcjpjMWVjNjFhNS0xZDRlLTExZTktOTRkMi1mYTE2M2VlYjExZTE=,124,tout le monde devrait y être soumis dès le 1er euro et créer + de tranches,tout le monde devrait y être soumis || dès le 1er euro || créer + de tranches,0.9610338,3.0,74.0,77.0,4.0,4.0,7.0,0.0,1.0,0.5,Non,Oui,16,Très court (0-50),Llama 8B,,0.9696969696969697,0.9696969696969697,0.9814569536423841,0.0,0.9814569536423841
VXNlcjo5ZTljNGQzYS0xZTIwLTExZTktOTRkMi1mYTE2M2VlYjExZTE=,125,"Obliger toutes les entreprises et personnes faisant des profits sur notre territoire à payer leurs impôts en France, et exclure toute possibilité de montage financier pour qu'elles passent outre.",Obliger toutes les entreprises et personnes faisant des profits sur notre territoire à payer leurs impôts en France || Exclure toute possibilité de montage financier pour qu'elles passent outre,0.96949977,2.0,195.0,193.0,7.0,9.0,8.0,0.0,1.0,0.8,Non,Oui,29,Très court (0-50),Llama 8B,,0.983050847457627,0.983050847457627,0.9938144329896907,0.0,0.9938144329896907
VXNlcjoyODVlNjgyMS0xOTVkLTExZTktOTRkMi1mYTE2M2VlYjExZTE=,126,"actuellement la TVA représente le double de la CSG. Pour donner du pouvoir d'achat aux plus modestes, baisser la CSG sur les salaires ( pas sur les revenus financiers) de 1,5% , baisser la TVA sur les produits de premières nécessité de 5,5% à 5% et augmenter la tranche haute de la TVA de 20 à 21%. Ceci n'aurait aucune incidence sur les revenus de l'état et aurait pour avantage de remplacer un impôt sur le travail par un impôt sur la consommation et donc de mettre les produits étranger sur le même point que la production française avec un cout  = 0.  Réduire les avantages fiscaux accordés à certaines professions (journaliste par exemple)","La TVA représente actuellement le double de la CSG || Baisser la CSG sur les salaires de 1,5% || Baisser la TVA sur les produits de premières nécessité de 5,5% à 5% || Augmenter la tranche haute de la TVA de 20 à 21% || Ceci n'aurait aucune incidence sur les revenus de l'état || Remplacer un impôt sur le travail par un impôt sur la consommation || Mettre les produits étranger sur le même point que la production française avec un cout = 0 || Réduire les avantages fiscaux accordés à certaines professions (journaliste par exemple)",0.9147364,8.0,644.0,533.0,7.0,8.0,8.0,0.0,1.0,0.7666666666666667,Non,Oui,114,Moyen (101-200),Llama 8B,,0.8959276018099547,0.8868778280542987,0.490584498094028,0.0,0.490584498094028
VXNlcjpkNTkwNWNmNi0xYzI2LTExZTktOTRkMi1mYTE2M2VlYjExZTE=,129,"o	La taxe d’habitation payable par chaque résident et proportionnelle aux revenus serait maintenue et versée aux communes (si revenus hors de France > forfait de taxe sur la plus forte taxe d’habitation de la commune)  o	La taxe foncière (sur immobilier, forêt, bateaux…) payable par chaque propriétaire et proportionnelle aux revenus (si revenus déclarés hors de France > forfait de taxe sur la plus forte taxe foncière du département) versée aux départements",La taxe d'habitation payable par chaque résident et proportionnelle aux revenus serait maintenue || elle est versée aux communes (si revenus hors de France > forfait de taxe sur la plus forte taxe d’habitation de la commune) || La taxe foncière payable par chaque propriétaire et proportionnelle aux revenus || (si revenus déclarés hors de France > forfait de taxe sur la plus forte taxe foncière du département) || elle est versée aux départements,0.9749296,5.0,460.0,448.0,4.0,4.0,5.0,0.0,1.0,0.4333333333333333,Non,Oui,73,Court (51-100),Llama 8B,,0.9268292682926829,0.9268292682926829,0.8462271223814775,0.0,0.8462271223814775
VXNlcjo0ZjdmODEwZC0xZDQ0LTExZTktOTRkMi1mYTE2M2VlYjExZTE=,130,taxer plus les gafas qui gagnent des milliards  er retrisbuer au peuple,Taxer plus les entreprises qui gagnent des milliards || Retourner au peuple une partie de la richesse créée,0.8386832,2.0,71.0,107.0,9.0,7.0,9.0,0.0,0.0,0.8333333333333334,Non,Non,12,Très court (0-50),Llama 8B,,0.6,0.6,0.4893682588597843,0.0,0.4893682588597843
VXNlcjplYWEzMDdiOS0xZTIwLTExZTktOTRkMi1mYTE2M2VlYjExZTE=,133,"L'exemple doit venir d'en haut et tout le monde doit faire des efforts. Les ministres deputés et sénateurs doivent sérieusement réduire leur train de vie (voitures de fonction, repas de gala, voyage) et justifier de leurs frais professionnels (supprimer l'indemnité discrétionnaire des parlementaires, la remplacer par un plafond de dépenses, celles-ci étant remboursées sur examen de justificatifs avec validation par la Cour des Comptes). Par ailleurs trouver un moyen de remplacer l'ISF par autre chose: taxe foncière progressive selon les revenus ou patrimoine net d'endettement, taxe Tobin sur les transactions boursières au niveau européen","Les ministres députés et sénateurs doivent sérieusement réduire leur train de vie || Voitures de fonction, repas de gala, voyages doivent être réduits || Ils doivent justifier leurs frais professionnels || L'indemnité discrétionnaire des parlementaires doit être supprimée || Un plafond de dépenses doit être établi pour les frais professionnels || Ces dépenses doivent être remboursées sur examen de justificatifs avec validation par la Cour des Comptes || Il faut trouver un moyen de remplacer l'ISF || La taxe foncière progressive selon les revenus ou patrimoine net d'endettement pourrait être une alternative à l'ISF || Une taxe Tobin sur les transactions boursières au niveau européen pourrait également être un moyen de remplacer l'ISF",0.89275724,9.0,645.0,742.0,7.0,8.0,8.0,0.0,1.0,0.7666666666666667,Non,Oui,94,Court (51-100),Llama 8B,,0.7553648068669527,0.6866952789699571,0.4127833096254149,0.0,0.4127833096254149
VXNlcjpkNjQ1NzI0YS0xYmJmLTExZTktOTRkMi1mYTE2M2VlYjExZTE=,137,"Étendre l'impôt sur le revenu à tous les foyers fiscaux avec une imposition en fonction des capacités contributives . Il est anormal que plus de 50% des foyers fiscaux soient exonérés.  Introduire une nouvelle tranche d'imposition pour les foyers les plus riches. Et revoir les modalités de progressivité de l'impôt. Supprimer les niches fiscales hors celles liées aux économies d'énergie et aux énergies renouvelables.  Uniformiser les taux de CSG pour les revenus d'activité et de remplacement (retraites , allocations chômage etc.).","Étendre l'impôt sur le revenu à tous les foyers fiscaux || Plus de 50% des foyers fiscaux sont exonérés, ce qui est anormal || Imposer en fonction des capacités contributives || Introduire une nouvelle tranche d'imposition pour les foyers les plus riches || Revoir les modalités de progressivité de l'impôt || Supprimer les niches fiscales hors celles liées aux économies d'énergie et aux énergies renouvelables || Uniformiser les taux de CSG pour les revenus d'activité et de remplacement (retraites, allocations chômage etc.)",0.96035886,7.0,535.0,527.0,10.0,10.0,10.0,0.0,0.0,1.0,Non,Non,81,Court (51-100),Llama 8B,,0.9385474860335197,0.8491620111731844,0.28978159126365055,0.5681747269890796,0.0
VXNlcjoyMWJmMzNhMS0xOWJhLTExZTktOTRkMi1mYTE2M2VlYjExZTE=,138,"- Tous les citoyens doivent être égaux dans le paiement de l'impôt.  - Tous les citoyens doivent payer l'impôt sur le revenu en fonction d'un coefficient social adapté, car tous profitent des biens mis en commun  (routes, aides, scolarité, etc.)  - Plus de passe droit sinon on peut enlever ""Égalité"" du fronton des bâtiments de l'état et des collectivités.",Tous les citoyens doivent être égaux dans le paiement de l'impôt || Tous les citoyens doivent payer l'impôt sur le revenu en fonction d'un coefficient social adapté || Plus de passe droit sinon on peut enlever 'Égalité' du fronton des bâtiments de l'état et des collectivités,0.9434305,3.0,357.0,275.0,9.0,10.0,9.0,0.0,0.0,0.9333333333333333,Non,Non,59,Court (51-100),Llama 8B,,0.896551724137931,0.896551724137931,0.4962121212121212,0.0,0.4962121212121212
VXNlcjo4MzAzMzE3Zi0xZDg3LTExZTktOTRkMi1mYTE2M2VlYjExZTE=,143,Introduire la progressivité de l'impôt sur les sociétés comme à l'impôt sur le revenu. Permettrait de faire davantage contribuer les entreprises les plus profitables = fiscalité plus juste,Introduire la progressivité de l'impôt sur les sociétés || Faire davantage contribuer les entreprises les plus profitables || Permettre une fiscalité plus juste,0.9165993,3.0,188.0,160.0,8.0,8.0,8.0,0.0,0.0,0.8,Non,Non,28,Très court (0-50),Llama 8B,,0.8070175438596492,0.8070175438596492,0.6111995284409077,0.0,0.6111995284409077
VXNlcjpiNGVjNzE4Mi0xZTIwLTExZTktOTRkMi1mYTE2M2VlYjExZTE=,145,Tous les citoyens doivent payer des impôts sur le revenu. Supprimer la CSG non déductible car on est imposé sur des revenus que l'on ne touche pas.,Les citoyens doivent payer des impôts sur le revenu || La CSG non déductible doit être supprimée,0.9085175,2.0,147.0,96.0,9.0,9.0,10.0,0.0,0.0,0.9333333333333333,Non,Non,27,Très court (0-50),Llama 8B,,0.653061224489796,0.6122448979591837,0.5393939393939393,0.0,0.5393939393939393
VXNlcjoxYmYxNDI5Mi0xZTI0LTExZTktOTRkMi1mYTE2M2VlYjExZTE=,148,"plutot que de fixer un plafond de ressources pour arréter les distributions d'aides, mettre en place un échelonnement dégressif permettant ainsi d'éviter l'effet de seuil et une meilleure distribution aux plus pauvres",Plutôt que de fixer un plafond de ressources pour arrêter les distributions d'aides || Mettre en place un échelonnement dégressif permettant ainsi d'éviter l'effet de seuil et une meilleure distribution aux plus pauvres,0.99380416,2.0,217.0,219.0,5.0,4.0,8.0,0.0,1.0,0.5666666666666667,Non,Oui,32,Très court (0-50),Llama 8B,,0.9599999999999999,0.9599999999999999,0.8783748361730013,0.0,0.8783748361730013
VXNlcjo2NWQ0MzUzYi0xZDg4LTExZTktOTRkMi1mYTE2M2VlYjExZTE=,149,"- Instaurer 14 tranches d’impôt pour lisser l’effort et revenir à un impôt réellement progressif. Celui qui a le moins paye moins, celui qui a le plus paye plus (et vraiment !)  - Supprimer les niches fiscales non socialement utiles qui minent la progressivité de l’impôt, et donc la justice fiscale.  - Lutter réellement contre la fraude fiscale en embauchant des fonctionnaires dédiés avec des moyens pour leur mission.  - Lier l’impôt à la nationalité (comme aux Etats-Unis) pour lutter contre l'évasion fiscale.  - Rétablir l’ISF.  - Abolir les privilèges fiscaux (possibilité de négocier ses impôts quand on est fortuné, qu’on a fraudé et qu’on revient en France).  - Supprimer la TVA qui est une taxe injuste et la remplacer par une contribution écologique en fonction du produit. Les produits écologiquement responsables. doivent très moins cher que les produits polluants et néfastes pour la santé.","Instaurer 14 tranches d’impôt pour lisser l’effort et revenir à un impôt réellement progressif || Celui qui a le moins paye moins, celui qui a le plus paye plus (et vraiment !) || Supprimer les niches fiscales non socialement utiles qui minent la progressivité de l’impôt || Lutter réellement contre la fraude fiscale en embauchant des fonctionnaires dédiés avec des moyens pour leur mission || lier l’impôt à la nationalité (comme aux Etats-Unis) pour lutter contre l'évasion fiscale || Rétablir l’ISF || Abolir les privilèges fiscaux (possibilité de négocier ses impôts quand on est fortuné, qu’on a fraudé et qu’on revient en France) || Supprimer la TVA qui est une taxe injuste et la remplacer par une contribution écologique en fonction du produit",0.97394836,8.0,906.0,752.0,8.0,9.0,8.0,0.0,0.0,0.8333333333333334,Non,Non,145,Moyen (101-200),Llama 8B,,0.9178082191780821,0.9178082191780821,0.28704378517599927,0.0,0.28704378517599927
VXNlcjo0MTcwZTY1My0xZTIwLTExZTktOTRkMi1mYTE2M2VlYjExZTE=,152,"La fiscalité actuelle apparaît globalement juste et largement redistributrice. Il faut en revanche faire preuve de pédagogie et mieux expliquer le fonctionnement du système fiscal (progressivité de l'IR, prélèvements sociaux, etc.)",La fiscalité actuelle apparaît globalement juste || elle est largement redistributrice || Il faut en revanche faire preuve de pédagogie || mieux expliquer le fonctionnement du système fiscal,0.948743,4.0,231.0,190.0,4.0,7.0,9.0,0.0,1.0,0.6666666666666667,Non,Oui,31,Très court (0-50),Llama 8B,,0.7999999999999999,0.7999999999999999,0.5019670388091441,0.0,0.5019670388091441
VXNlcjoyMTAxMDE2Ni0xZTIwLTExZTktOTRkMi1mYTE2M2VlYjExZTE=,154,"Taxer les produits inutiles ou de confort (SUV, piscines individuelles, eau consommée au-delà des besoins de base par personne et par jour, essence au-delà d'un seuil utile de base aux déplacements normaux et obligatoires de chaque individu, la troisième voiture sans utilité autre que le confort, le chauffage au-delà d'un seuil de confort minimal, les voyages en avion pour le tourisme qui ont un impact énorme sur la planète et ses habitants). Taxer les gens selon leurs revenus (plus on est riche, plus on paye) Taxer les produits de luxe (par définition inutiles et réservés aux ultra-riches) Stopper la publicité à outrance qui incite à consommer à outrance Eduquer les gens en leur répétant que voyager c'est polluer, que la piscine c'est l'horreur en termes de surconsommation d'eau, changer la vision idéale de l'occidental et le ramener à la réalité de notre planète en l'éduquant tout le temps, pour que nous changions tous de paradigme.","Taxer les produits inutiles ou de confort || SUV, piscines individuelles, eau consommée au-delà des besoins de base || Essence au-delà d'un seuil utile de base || Troisième voiture sans utilité autre que le confort || Chauffage au-delà d'un seuil de confort minimal || Voyages en avion pour le tourisme || Taxer les gens selon leurs revenus || Plus on est riche, plus on paye || Taxer les produits de luxe || Produits de luxe inutiles et réservés aux ultra-riches || Stopper la publicité à outrance || Eduquer les gens pour changer leur vision idéale || Voyager c'est polluer || Piscine c'est l'horreur en termes de surconsommation d'eau || Changer la vision idéale de l'occidental et le ramener à la réalité de notre planète",0.85419554,15.0,948.0,725.0,5.0,6.0,7.0,0.0,1.0,0.6,Non,Oui,155,Moyen (101-200),Llama 8B,,0.8013245033112583,0.7880794701986756,0.4394876174210077,0.0,0.4394876174210077
VXNlcjoxNjA2ZTI2YS0xZTIxLTExZTktOTRkMi1mYTE2M2VlYjExZTE=,155,tout le monde doit payer proportionnellement à ses moyens,tout le monde doit payer proportionnellement à ses moyens,1.0000001,1.0,57.0,57.0,10.0,10.0,10.0,0.0,0.0,1.0,Non,Non,9,Très court (0-50),Llama 8B,,1.0,1.0,1.0,0.0,1.0
VXNlcjpiODRkNzFjNS0xZTFlLTExZTktOTRkMi1mYTE2M2VlYjExZTE=,109,"supprimer la CSG pour tous les retraités, indexer les retraites sur le coût de la vie","[PARSE_FAIL] Colonnes manquantes: ['description', 'type', 'syntax', 'semantic']",0.119205564,1.0,85.0,79.0,0.0,0.0,0.0,,,0.0,,,16,Très court (0-50),Llama 8B,,0.0,0.0,0.07804878048780489,0.7375609756097561,0.0
VXNlcjpjYTY1YjFkNi0xZDY2LTExZTktOTRkMi1mYTE2M2VlYjExZTE=,157,"A titre de solidarité et d exemple , que chacun des hauts fonctionnaires , jusqu 'à la fin du quinquennat, laisse chaque mois 1000 E   de leur salaire  pour réduction de la dette , que leurs pensions soient gelées  comme les retraites  pendant 5 ans , pour revenir au niveau européen",Chacun des hauts fonctionnaires laisse chaque mois 1000 € de leur salaire || pour réduction de la dette || Ils laissent ainsi une somme importante pour l'État || que leurs pensions soient gelées comme les retraites pendant 5 ans || pour revenir au niveau européen,0.8749697,5.0,283.0,263.0,2.0,3.0,5.0,0.0,1.0,0.33333333333333337,Non,Oui,51,Court (51-100),Llama 8B,,0.7526881720430106,0.7526881720430106,0.6106839186691312,0.0,0.6106839186691312
VXNlcjpjYTNhMjE0YS0xZTIwLTExZTktOTRkMi1mYTE2M2VlYjExZTE=,158,Taxer peut être un peu plus les hauts revenus et supprimer les rentes de situation,Taxer peut être un peu plus les hauts revenus || supprimer les rentes de situation,0.9830451,2.0,82.0,82.0,10.0,10.0,10.0,0.0,0.0,1.0,Non,Non,15,Très court (0-50),Llama 8B,,0.9655172413793104,0.9655172413793104,0.9902439024390244,0.0,0.9902439024390244
VXNlcjoyMzIxZWU1My0xZTIyLTExZTktOTRkMi1mYTE2M2VlYjExZTE=,159,Rendre impossible l'évasion fiscale en prélevant obligatoirement l'impôt directement sur les revenus faits en France,Rendre impossible l'évasion fiscale || Prélever obligatoirement l'impôt directement sur les revenus faits en France,0.9917772,2.0,116.0,115.0,10.0,10.0,10.0,0.0,0.0,1.0,Non,Non,15,Très court (0-50),Llama 8B,,0.918918918918919,0.918918918918919,0.8844155844155844,0.0,0.8844155844155844
VXNlcjo2MjI4Yjk4YS0xZTI0LTExZTktOTRkMi1mYTE2M2VlYjExZTE=,160,"le 20/01/2019  FISCALITE  Mon idée de depart est d'accroitre les recettes de notre pays sans toucher aux particuliers qui à mon avis sont au maximum de la pression fiscale.  C'est donc toutes les richesses produites sur notre pays qui doivent étre taxées plus largement.  Le principe étant que les résultats des entreprises doivent étre fiscalisés avant pompage des resultats par des filliales ou holdings situées en dehors du territoires français.  Donc une sorte de fiscalité sur le résultat brut de l'entreprise après amortissement des investissements, provisions sur parpicipation des salariés. Par contre pas d'exonération des sur-salaires des dirigeants qui doivent subir l'impôt sur les societés (primes de bilan ect).   Toutes richesses produites dans notre pays devront étre fiscalisées dans notre pays. Il est inadmissible qu'une entreprise dont l'activitée principale est en France puisse avoir son siège social dans un autre pays pour profiter d'une meilleure ficalité. Il faut mettre en rapport l'activitée  avec le nombre de salariés français qui travaillent dans l'entreprise. Et cela doit s'appliquer aussi bien à des entreprises de production que de distribution.  Il ne doit pas avoir de concurrence en Europe sur la course à la plus faible fiscalité (ex:Irlande). L'Europe doit étre uniforme sur le plan fiscal.    La rémunération des dirigeants des grandes entreprises et leur progression doivent être mesurer en rapport avec le salaire moyen des membres de l'entreprise. Les rémunérations moyennes doivent étre transparentes dans l'entreprise. En 2018, la progression des directeurs salariés des entreprises du CAC 40  a été de +17% alors que la  progression moyenne des salaires n'a été que de +1,40%. sans parler de tous les autres avantages accordés en dehords des salaires.  S'Il est  normal qu'il y ait une hiérarchie des salaires,  il ne doit pas y avoir une indécence  dans cette repartition : Un écart de 1 à 10  parait correct.  Un systeme d'intéressement du personnel doit étre obligatoire quelque soit la taille de l'entreprise : La philosophie de la répartition du resultat : 1/3 pour les dirigeants et actionnaires, 1/3 pour l'investissement, 1/3  pour le personnel me parait la juste approche. chacun contribue à la réussite de l'entreprise !   Il serait peut étre judicieux de faire refléchir des avocats ficalistes ou conseillers juridiques à la retraite qui ont passé leur vie à faire échapper à l' impôt les entreprises et les particuliers; Ils ont surements des idéees à nous donner !    Cependant l'impôt ne doit pas être discriminatoire de la réussite : Il y a donc sûrement un impôt maximum à ne pas dépasser pour ne pas stopper l'envie  de s'enrichir  et donc de créer de la richesse  pour la collectivité (ruissellement).  Il serait intéressant de faire une enquète sur la motivation des dirigeants.  Peut étre que leur motivation principale est la recherche de pouvoir et de reconnaissance sociale plus qu'une recherche financiere .est ce qu'il n'y a pas une richesse maximum qui permet de respecter la collectivité ?  Il faudrait renforcer la puissance de l'Europe afin d'éviter le retour des conflits entre les nations. La guerre a coûter suffisamment cher en vie et en argent à nos pays.  D'autre part compte tenu de la mondialisation de l'économie nous compterons plus avec une union forte. Nous pourrons vendre des avions Airbus ou faire des transactions bancaires en Euros pour éviter les pénalités americaines !!!.  Nous devons aussi regarder l'efficacité des aides de l' Etat aux entreprises. A  chaque fois qu'il y a des aides avec obligation de création d'emploi. S'il n'y a pas de  résultats positifs , ne serait -il pas possible de recupérer ces aides pour les donner à d'autres entreprises plus performantes.  En ce qui concerne les aides aux entreprises et aux particuliers ne pourrait-on pas exclure, pour une période donnée, les personnes qui ont été prises dans un redressement fiscal? Car toute frande pénalise  le reste de la collectivité qui paye à sa place le fonctionnement de notre pays .   En conclusion je suis trés attaché à mon pays et à notre démocratie qui prône une forme de liberté.  La réussite economique de la France nous evitera le risque d'une dictature. Notre pays doit rester solidaire des plus fragiles.Il doit étre juste et équilibré entre le secteur public et privée (ex:retraites). L'important est d'assurer l'avenir de nos enfants.","Accroître les recettes sans toucher aux particuliers || Toutes richesses produites dans notre pays doivent être fiscalisées || Fiscaliser le résultat brut des entreprises après amortissement des investissements || Établir un lien entre l'activité et le nombre de salariés français || Concourir à la course à la plus faible fiscalité est inacceptable || L'Europe doit être uniforme sur le plan fiscal || Mesurer les rémunérations des dirigeants en rapport avec le salaire moyen des membres de l'entreprise || Transparence dans la répartition des salaires || Écart maximal entre les salaires de 1 à 10 est acceptable || Système d'intéressement du personnel obligatoire || Philosophie de la répartition du résultat : 1/3 pour les dirigeants et actionnaires, 1/3 pour l'investissement, 1/3 pour le personnel || Faire refléchir des avocats fiscaux ou conseillers juridiques à la retraite || Impôt maximum à ne pas dépasser pour ne pas stopper l'envie de s'enrichir || Enquête sur la motivation des dirigeants || Richesse maximale qui permet de respecter la collectivité || Renforcer la puissance de l'Europe pour éviter les conflits entre les nations || Aides de l'État aux entreprises avec obligation de création d'emploi || Recouvrer les aides si les résultats ne sont pas positifs || Exclure les personnes prises dans un redressement fiscal pour une période donnée || Solidarité des plus fragiles et équilibre entre le secteur public et privé || Assurer l'avenir de nos enfants",0.70868087,21.0,4420.0,1475.0,8.0,7.0,9.0,0.0,0.0,0.8,Non,Non,704,Long (+200),Llama 8B,,0.4346978557504873,0.38401559454191037,0.11326677459974815,0.7093865803202015,0.0
VXNlcjo0NjVhMDM0Ny0xZTI0LTExZTktOTRkMi1mYTE2M2VlYjExZTE=,161,Que tout le monde prenne conscience de l'argent en commençant par réduire les dépenses de l'elysee,Prendre conscience de l'argent || Réduire les dépenses de l'Elysée,0.8982301,2.0,98.0,66.0,9.0,9.0,9.0,0.0,0.0,0.9,Non,Non,16,Très court (0-50),Llama 8B,,0.6285714285714286,0.6285714285714286,0.5157427937915743,0.0,0.5157427937915743
VXNlcjpjNzcyZmU4Yy0xZDdhLTExZTktOTRkMi1mYTE2M2VlYjExZTE=,163,"Que tous revenus paient l'impôt des le 1er euro, pour responsabiliser les francais et ne pas faire peser l'impôt sur le revenu sur quelqu'uns",Que tous les revenus paient l'impôt dès le premier euro || Tous les revenus doivent payer l'impôt pour responsabiliser les Français || L'impôt sur le revenu ne doit pas peser sur certains,0.90685135,3.0,141.0,187.0,10.0,7.0,10.0,0.0,0.0,0.9,Non,Non,24,Très court (0-50),Llama 8B,,0.6567164179104478,0.5671641791044776,0.5358536585365854,0.0,0.5358536585365854
VXNlcjpjYTc3MzY0Yy0xZTIzLTExZTktOTRkMi1mYTE2M2VlYjExZTE=,165,"Il est aujourd'hui complètement incohérent que des logements, appartements ou maisons soient fermés tout ou partie de l'année. Afin de faire face à la difficulté de plus en plus grande de se loger et pour faire baisser le nombre de logements vacants permanent ou ponctuellement, je propose que soit mis en place une taxe de ""non habitation"" pour les maisons secondaires (taux d'occupation d'env. 10% ) et les habitations principales dont les occupants laissent vacants leurs habitations plus de 3 mois / an. Cette taxe serait calculé selon un prorata temporis.",Les logements sont fermés tout ou partie de l'année || C'est incohérent que des logements soient fermés || Il est nécessaire de faire face à la difficulté de se loger || La taxe de 'non habitation' pourrait aider à résoudre le problème || Les maisons secondaires devraient être soumises à une taxe de non-habitation || Les occupants de logements principaux qui laissent leurs habitations vacantes trop longtemps devraient payer une taxe || La taxe de non-habitation pourrait être calculée selon un prorata temporis,0.8701914,7.0,560.0,514.0,8.0,6.0,10.0,0.0,0.0,0.8,Non,Non,91,Court (51-100),Llama 8B,,0.5714285714285714,0.4065934065934066,0.1808231707317073,0.6553414634146342,0.0
VXNlcjpkNDQ3MGI4Yi0xZTIzLTExZTktOTRkMi1mYTE2M2VlYjExZTE=,167,"déterminer les taux d'impositions selon les revenus réels et plus selon des tranches. Avec 200 euros de plus on peut se retrouver à passer dans une ""case"" ou le taux d'imposition peut quasiment doubler, un prorata me semblerait plus juste et équitable et inciterait davantage les gens à travailler.","Déterminer les taux d'impositions selon les revenus réels || Les taux d'imposition peuvent varier en fonction des tranches de revenu || Avec 200 euros de plus, le taux d'imposition peut presque doubler || Un prorata pourrait être plus juste et équitable",0.921817,4.0,298.0,253.0,9.0,6.0,6.0,0.0,0.0,0.7,Non,Non,49,Très court (0-50),Llama 8B,,0.6595744680851063,0.6382978723404256,0.38698224852071006,0.0,0.38698224852071006
VXNlcjpkNDZlYjc1Yy0xZDVhLTExZTktOTRkMi1mYTE2M2VlYjExZTE=,168,"Augmenter la progressivité et le nombre de tranches de l'impot sur le revenu et y inclure tous les revenus : bonus, stocks options, produits financiers ...","Augmenter la progressivité || du système fiscal pour réduire les inégalités || Inclure tous les revenus || comme les bonus, stocks options et produits financiers",0.79925066,4.0,155.0,161.0,3.0,3.0,4.0,0.0,1.0,0.33333333333333337,Non,Oui,26,Très court (0-50),Llama 8B,,0.5098039215686274,0.47058823529411764,0.6042194092827005,0.0,0.6042194092827005
VXNlcjpmMWViODgxOC0xZDU0LTExZTktOTRkMi1mYTE2M2VlYjExZTE=,170,"Cesser de diviser le peuple en définissant des classes appelées riches et pauvres. Ce que chaque Français perçoit est le fruit de son travail. Suppression de la CSG pour tous les retraités. Idem pour la taxe d'habitation; suppression pour TOUS les français. Supprimer les niches fiscales, y compris celle des journalistes ! Indexation des retraites; les retraités ont travaillé beaucoup plus et cotisé plus que les personnes aujourd'hui en activité. Les recettes de ces cotisations ont été dilapidées par l'Etat; les retraités ne doivent pas en souffrir","Ce que chaque Français perçoit est le fruit de son travail || Cesser de diviser le peuple en définissant des classes appelées riches et pauvres || Suppression de la CSG pour tous les retraités || Idem pour la taxe d'habitation; suppression pour TOUS les français || Supprimer les niches fiscales, y compris celle des journalistes ! || Indexation des retraites; les retraités ont travaillé beaucoup plus et cotisé plus que les personnes aujourd'hui en activité || Les recettes de ces cotisations ont été dilapidées par l'Etat; les retraités ne doivent pas en souffrir",0.95940244,7.0,553.0,566.0,8.0,8.0,9.0,0.0,0.0,0.8333333333333334,Non,Non,87,Court (51-100),Llama 8B,,1.0,0.8673469387755102,0.48539020362769175,0.0,0.48539020362769175
VXNlcjozODkzYTAxMS0xZTI0LTExZTktOTRkMi1mYTE2M2VlYjExZTE=,171,"Revoir le mode de financement du CICE, qui n'a aucune raison de profiter aux multinationales -- Carrefour touche 2M€, et détruit 2500 emplois en france! Le CICE devrait être réservé aux PME, celles qui créent de l'emploi, sur la base d'un plafond du chiffre d'affaire par exemple. Rétablir l'ISF. Contrairement à ce que dit notre président ( ~ ""Si on rétablit l'ISF, ça ne donnera pas plus d'argent aux smicards"" ), le rétablissement de l'ISF permettrait de faire rentrer 2M€ dans les caisses de l'état -- et si on rentre 2M€ en plus, on peut certainement diminuer d'autant  les charges/taxes/impôts des moins favorisés, ce qui revient bien à une amélioration du pouvoir d'achat!","Le CICE n'a pas de raison de profiter aux multinationales || Carrefour touche 2M€ et détruit 2500 emplois en France || Le CICE devrait être réservé aux PME qui créent de l'emploi || Rétablir un plafond du chiffre d'affaire pour les entreprises bénéficiaires du CICE || Rétablir l'ISF permettrait de faire rentrer 2M€ dans les caisses de l'état || Le rétablissement de l'ISF permettrait de diminuer les charges/taxes/impôts des moins favorisés || Au contraire, le rétablissement de l'ISF ne donnerait pas plus d'argent aux smicards",0.8454983,7.0,679.0,530.0,5.0,4.0,4.0,0.0,0.0,0.4333333333333333,Non,Non,113,Moyen (101-200),Llama 8B,,0.7248908296943233,0.5676855895196508,0.2813476096296802,0.0,0.2813476096296802
VXNlcjplMjcyM2MyOC0xZDY1LTExZTktOTRkMi1mYTE2M2VlYjExZTE=,174,Remplacer le taux de TVA par deux taux. L un applicable dans la grande distribution. L autre chez les petits commerces (taux de TVA plus bas) Le but est de favoriser la competitivité des petits commerces.,Le gouvernement propose de remplacer le taux unique de TVA par deux taux distincts || Un taux de TVA plus bas pour les petits commerces || Cela vise à favoriser la compétitivité des petits commerces,0.87552667,3.0,204.0,198.0,7.0,7.0,10.0,1.0,0.0,0.8,Oui,Non,36,Très court (0-50),Llama 8B,,0.6956521739130435,0.5507246376811594,0.3913664286900216,0.0,0.3913664286900216
VXNlcjo3Y2ZmNjNmYy0xZGE0LTExZTktOTRkMi1mYTE2M2VlYjExZTE=,177,Tout le monde doit être soumis à l'impôt,Tout le monde doit être soumis à l'impôt,0.99999994,1.0,40.0,40.0,10.0,10.0,10.0,0.0,0.0,1.0,Non,Non,8,Très court (0-50),Llama 8B,,1.0,1.0,1.0,0.0,1.0
VXNlcjo1ODkzYzFjNi0xYmMyLTExZTktOTRkMi1mYTE2M2VlYjExZTE=,179,"Les seuils de l’IFI (800K€, 1.3M€ , ..) devraient tenir compte de la composition du foyer fiscal concerné. Actuellement 2 célibataires possédant chacun 1M€ de biens immobiliers ne sont pas imposés. S’ils se mettent en couples ils le deviennent. Se sont-ils ""enrichis"" ? La modification (seuil par part) pourrait être faite à rendement de l’impôt constant en modifiant les seuils.",L'IFI devrait tenir compte de la composition du foyer fiscal concerné || Les célibataires possédant 1M€ de biens immobiliers ne sont pas imposés || S'ils se mettent en couples ils le deviennent || Se sont-ils 'enrichis' ? || La modification (seuil par part) pourrait être faite à rendement de l'impôt constant en modifiant les seuils,0.8985598,5.0,379.0,333.0,5.0,6.0,6.0,0.0,1.0,0.5666666666666667,Non,Oui,60,Court (51-100),Llama 8B,,0.9180327868852458,0.9016393442622951,0.6183187873220028,0.0,0.6183187873220028
VXNlcjowMTEzNzkyOC0xZTI0LTExZTktOTRkMi1mYTE2M2VlYjExZTE=,186,Revoir la grille de l'impôt sur le revenu et que tout le monde paye en fonction de ses revenus.,Revoir la grille de l'impôt sur le revenu || Tout le monde doit payer en fonction de ses revenus,0.9684259,2.0,95.0,96.0,10.0,10.0,10.0,0.0,0.0,1.0,Non,Non,19,Très court (0-50),Llama 8B,,0.8780487804878048,0.8780487804878048,0.8049500237981912,0.0,0.8049500237981912
VXNlcjpiNzgzNmM5My0xOTdiLTExZTktOTRkMi1mYTE2M2VlYjExZTE=,188,que les plus riches contribuent avec justice. Créer (comme avant) une tva sur les produits de luxe et baisser celle sur les produits de première nécessité.,Les plus riches doivent contribuer avec justice || Créer une TVA sur les produits de luxe || Baisser la TVA sur les produits de première nécessité,0.93028826,3.0,155.0,146.0,10.0,10.0,10.0,0.0,0.0,1.0,Non,Non,26,Très court (0-50),Llama 8B,,0.8571428571428572,0.8571428571428572,0.5991553544494721,0.32067571644042236,0.27847963800904973
VXNlcjo4ZGMyYzk3Yy0xOTVhLTExZTktOTRkMi1mYTE2M2VlYjExZTE=,189,"CSG pour tout le monde, sur chaque revenu y compris les aides gouvernementales ou régionales APL, Allocations familiales, salaires, retraites….... etc Impôts sur le revenu pour tous Retour de l'ISF sur le capital Taxation des GAFA (taxe sur le chiffre d'affaires) Impôt à la source ou taxe importante pour tous les revenus des PDG de sociétés dont le siège social est en France (non résidents en France) Taxer les routiers étrangers comme dans certains pays européens – Vignette pour tous les transporteurs  TVA augmentée sur les voyages à l'étranger (croisières, vols etc...)et tous les produits de luxe (y compris téléphones portables, tabac, alcool...) Taxation des locations Airbnb à 50% dès le 1er euro","CSG pour tout le monde || Inclure les aides gouvernementales ou régionales dans l'impôt sur le revenu || Taxer les impôts sur le revenu pour tous || Retour de l'ISF sur le capital || Taxation des GAFA (taxe sur le chiffre d'affaires) || Impôt à la source ou taxe importante pour les PDG de sociétés non résidents en France || Taxer les routiers étrangers comme dans certains pays européens || Vignette pour tous les transporteurs || TVA augmentée sur les voyages à l'étranger (croisières, vols etc...) || TVA augmentée sur les produits de luxe (y compris téléphones portables, tabac, alcool...) || Taxation des locations Airbnb à 50% dès le 1er euro",0.9116373,11.0,707.0,649.0,9.0,9.0,10.0,0.0,0.0,0.9333333333333333,Non,Non,113,Moyen (101-200),Llama 8B,,0.8677685950413223,0.8429752066115702,0.6318926455210875,0.0,0.6318926455210875
VXNlcjpjZjEyNTIzOS0xZTI0LTExZTktOTRkMi1mYTE2M2VlYjExZTE=,193,"Augmenter la progressivité de l'impôt sur le revenu, ajouter des tranches pour les hauts revenus, baisser le taux de TVA pour les biens de première nécessité (et pas pour favoriser un secteur économique en particulier, cf. restauration).",Augmenter la progressivité de l'impôt sur le revenu || Ajouter des tranches pour les hauts revenus || Baisser le taux de TVA pour les biens de première nécessité,0.92730844,3.0,237.0,161.0,10.0,10.0,10.0,0.0,0.0,1.0,Non,Non,37,Très court (0-50),Llama 8B,,0.8450704225352113,0.8450704225352113,0.7658650542806102,0.1873079565755118,0.5785570977050984
VXNlcjpiMDBlNzUwNC0xZTIxLTExZTktOTRkMi1mYTE2M2VlYjExZTE=,197,Tous le monde doit payer des impôts à la hauteur de ses moyens. Tous le monde doit contribuer au fonctionnement de la société.,Les personnes doivent payer des impôts en fonction de leurs ressources || Tout le monde doit contribuer au fonctionnement de la société,0.75672996,2.0,126.0,135.0,10.0,10.0,10.0,0.0,0.0,1.0,Non,Non,23,Très court (0-50),Llama 8B,,0.6382978723404256,0.6382978723404256,0.47442405310425617,0.0,0.47442405310425617
VXNlcjo0ZGZhODMwYi0xZTIwLTExZTktOTRkMi1mYTE2M2VlYjExZTE=,198,"Retour de l'ISF, de l'Exit Taxe, plafonnement des salaires et revenus maximaux; renforcement des contrôles fiscaux",Retour de l'ISF || L'Exit Taxe doit être mise en place || Plafonnement des salaires est nécessaire || Revenus maximaux doivent être établis || Renforcer les contrôles fiscaux pour prévenir la fraude et l'évasion,0.7567387,5.0,114.0,211.0,8.0,5.0,3.0,0.0,0.0,0.5333333333333333,Non,Non,16,Très court (0-50),Llama 8B,,0.6181818181818182,0.5818181818181818,0.5417142857142857,0.0,0.5417142857142857
VXNlcjo4MDNjYjIwNS0xYWFhLTExZTktOTRkMi1mYTE2M2VlYjExZTE=,199,"utiliser les banques privées comme collecteurs d'impots, un compte fiscal serait attribué à chaque citoyen (de la naissance au décès), à chaque société , à chaque entité publique.... chaque compte fical serait rattaché obligatoirement à chaque compte(s) privé(s) chaque compte privé crédité = 5% serait reconduit sur le Compte Fiscal, chaque compte privé débité en liquide (black) et/ou extérieur (evasion, emploi ext ...) à la France = 5% serait reconduit sur le CF.   celà permet aussi inversement un revenu  universel par ex le smicard 5% de 1200 soit 60€ de prélevé mais 70€ de revenu universel..... celà permet aussi de calculer l'impôt sur le revenu (réelement à la source) avec beaucoup plus de tranches, rappel d'impot automatique celà permet aussi d'investir dans la dette publique","Utiliser les banques privées comme collecteurs d'impôts || Attribuer un compte fiscal à chaque citoyen (de la naissance au décès) || Attribuer un compte fiscal à chaque société || Attribuer un compte fiscal à chaque entité publique || Chaque compte fiscal serait rattaché obligatoirement à chaque compte(s) privé(s) || Chaque compte privé crédité = 5% serait reconduit sur le Compte Fiscal || Chaque compte privé débité en liquide (black) et/ou extérieur (evasion, emploi ext ...) à la France = 5% serait reconduit sur le CF || Cela permet un revenu universel par exemple le SMICard 5% de 1200 soit 60€ de prélevé mais 70€ de revenu universel || Cela permet de calculer l'impôt sur le revenu (réellement à la source) avec beaucoup plus de tranches || Cela permet un rappel d'impot automatique || Cela permet d'investir dans la dette publique",0.9179759,11.0,790.0,841.0,7.0,9.0,9.0,0.0,1.0,0.8333333333333334,Non,Oui,125,Moyen (101-200),Llama 8B,,0.8856088560885608,0.8782287822878229,0.3568888888888889,0.5144888888888889,0.0
VXNlcjozNGU4ZWI5MS0xZTIwLTExZTktOTRkMi1mYTE2M2VlYjExZTE=,202,Connaître le nombre de documents inutiles demandés par l'administration et adapter le nombre d'agents en fonction de l'efficacité du service. (amélioration de la productivité et de la compréhension de la demande). L'intercommunalité a eu pour conséquences d'augmenter le nombre de fonctionnaires. Le coût du service rendu est donc supérieur sans que la qualité soit améliorée. Un chef de service veut son secrétariat pour son statut et non par besoin. Réduire le nombre de fonctionnaires territoriaux à ce qu'il était avant la mise en place des intercommunalités.,Connaître le nombre de documents inutiles demandés par l'administration || Adapter le nombre d'agents en fonction de l'efficacité du service pour améliorer la productivité et la compréhension de la demande || L'intercommunalité a eu pour conséquence d'augmenter le nombre de fonctionnaires || Le coût du service rendu est supérieur sans que la qualité soit améliorée || Un chef de service veut son secrétariat pour son statut et non par besoin || Réduire le nombre de fonctionnaires territoriaux à ce qu'il était avant la mise en place des intercommunalités,0.96216387,6.0,563.0,557.0,9.0,8.0,8.0,0.0,0.0,0.8333333333333334,Non,Non,86,Court (51-100),Llama 8B,,0.9655172413793104,0.9655172413793104,0.32739695834251703,0.5380824333259864,0.0
VXNlcjo0NjM1ZWMyMC0xZTIyLTExZTktOTRkMi1mYTE2M2VlYjExZTE=,205,"Faire une réforme complète des impôts et de la redistribution. Afin de simplifier la gestion de tout ces systèmes vieillissants et faire beaucoup d’économie sur la gestion.  Avoir une transparence totale (visible sur un site internet).  Regarder ce qu’on a besoin, y compris le remboursement de la dette sur 10 ou 20 ans, et créer l’impôt en conséquence avec beaucoup plus de tranches de l’impôt sur le revenu, pour plus d’équité, tout le monde paye cet impôt, même minimum, ne serait-ce pour dire je participe.  Supprimer toute les niches fiscales dont plus personne n’y comprend rien et agir plutôt sur la tva pour l’incitation.  Supprimer toutes les aides et les transformer en revenu universel pour tous les adultes et un pourcentage pour chaques enfants, dans le but de simplification de clarté et d’équité pour la redistribution.","Réformer complètement les impôts et la redistribution || Simplifier la gestion des systèmes vieillissants et faire économie sur la gestion || Avoir une transparence totale visible sur un site internet || Regarder ce qu’on a besoin, y compris le remboursement de la dette sur 10 ou 20 ans || Créer l’impôt en conséquence avec beaucoup plus de tranches de l’impôt sur le revenu pour plus d’équité || Tout le monde paye cet impôt, même minimum, ne serait-ce pour dire je participe || Supprimer toutes les niches fiscales dont plus personne n’y comprend rien || Agrer plutôt sur la TVA pour l’incitation || Supprimer toutes les aides et les transformer en revenu universel pour tous les adultes et un pourcentage pour chaque enfant",0.8866477,9.0,835.0,727.0,7.0,7.0,8.0,0.0,1.0,0.7333333333333333,Non,Oui,136,Moyen (101-200),Llama 8B,,0.8888888888888888,0.8819444444444444,0.4383866133866134,0.0,0.4383866133866134
VXNlcjozNzgyZDQxMy0xZTIxLTExZTktOTRkMi1mYTE2M2VlYjExZTE=,207,"Que tout le monde paie des impots, meme ceux aux Smic,","Les personnes travaillant au SMIC doivent payer des impôts || Tout le monde doit payer des impôts, y compris les travailleurs au SMIC",0.7355479,2.0,54.0,133.0,7.0,7.0,8.0,0.0,0.0,0.7333333333333333,Non,Non,11,Très court (0-50),Llama 8B,,0.28571428571428575,0.28571428571428575,0.3039572192513369,0.0,0.3039572192513369
VXNlcjoyYWUzYjgyMS0xZDc0LTExZTktOTRkMi1mYTE2M2VlYjExZTE=,210,"Taux national pour les impôts fonciers , les transactions immobilères . CSG totalement déductible .",Les taux nationaux sont applicables aux impôts fonciers et aux transactions immobilières || La CSG est totalement déductible,0.86480767,2.0,99.0,124.0,5.0,3.0,3.0,0.0,0.0,0.36666666666666664,Non,Non,15,Très court (0-50),Llama 8B,,0.6285714285714286,0.5714285714285715,0.4502564102564103,0.0,0.4502564102564103
VXNlcjozZmUwNTgwMC0xOTc0LTExZTktOTRkMi1mYTE2M2VlYjExZTE=,214,tous les citoyens paient l'IR,Tous les citoyens paient l'IR,1.0,1.0,29.0,29.0,10.0,10.0,9.0,0.0,0.0,0.9666666666666666,Non,Non,5,Très court (0-50),Llama 8B,,1.0,1.0,1.0,0.0,1.0
VXNlcjozODkzYTAxMS0xZTI0LTExZTktOTRkMi1mYTE2M2VlYjExZTE=,216,"Revoir le mode de financement du CICE, qui n'a aucune raison de profiter aux multinationales -- Carrefour touche 2M€, et détruit 2500 emplois en france! Le CICE devrait être réservé aux PME, celles qui créent de l'emploi, sur la base d'un plafond du chiffre d'affaire par exemple. Rétablir l'ISF. Contrairement à ce que dit notre président ( ~ ""Si on rétablit l'ISF, ça ne donnera pas plus d'argent aux smicards"" ), le rétablissement de l'ISF permettrait de faire rentrer 2M€ dans les caisses de l'état -- et si on rentre 2M€ en plus, on peut certainement diminuer d'autant les charges/taxes/impôts des moins favorisés, ce qui revient bien à une amélioration du pouvoir d'achat!","Le CICE n'a pas de raison de profiter aux multinationales || Carrefour touche 2M€ et détruit 2500 emplois en France || Le CICE devrait être réservé aux PME qui créent de l'emploi || Rétablir un plafond du chiffre d'affaire pour les entreprises bénéficiaires du CICE || Rétablir l'ISF permettrait de faire rentrer 2M€ dans les caisses de l'état || Le rétablissement de l'ISF permettrait de diminuer les charges/taxes/impôts des moins favorisés || Au contraire, le rétablissement de l'ISF ne donnerait pas plus d'argent aux smicards",0.8454983,7.0,678.0,530.0,5.0,4.0,3.0,0.0,1.0,0.4,Non,Oui,113,Moyen (101-200),Llama 8B,,0.7248908296943233,0.5676855895196508,0.2813476096296802,0.0,0.2813476096296802
VXNlcjo1MWM1MzBhYi0xZTI0LTExZTktOTRkMi1mYTE2M2VlYjExZTE=,217,le gouvernement a instauré une flat tax sur les revenus du capital et en même temps bloqué la rentabilité du livret A à un taux ridiculement bas et en plus a modifié le calcul des intérêts à venir en défaveur de cette épargne populaire,Le gouvernement a instauré une flat tax sur les revenus du capital || Le gouvernement a bloqué la rentabilité du livret A à un taux ridiculement bas || Le gouvernement a modifié le calcul des intérêts à venir en défaveur de l'épargne populaire,0.9589305,3.0,235.0,243.0,10.0,9.0,9.0,0.0,0.0,0.9333333333333333,Non,Non,44,Très court (0-50),Llama 8B,,0.8314606741573034,0.8314606741573034,0.604716622289844,0.3162267021681248,0.2884899201217192
VXNlcjowODRmMjZiNi0xZTI0LTExZTktOTRkMi1mYTE2M2VlYjExZTE=,219,"Rétablir l' ISF , supprimer toutes les niches fiscales et lutter efficacement contre l'évasion fiscale",Rétablir l'ISF pour une fiscalité plus équitable || Suppression des niches fiscales pour réduire les inégalités || Lutter efficacement contre l'évasion fiscale pour protéger le système fiscal,0.9123512,3.0,102.0,191.0,8.0,5.0,10.0,0.0,0.0,0.7666666666666667,Non,Non,15,Très court (0-50),Llama 8B,,0.5306122448979591,0.48979591836734687,0.4857337883959044,0.4114129692832765,0.07432081911262794
VXNlcjo0ZGZiY2Q5OC0xZTIwLTExZTktOTRkMi1mYTE2M2VlYjExZTE=,222,que les élus soient irréprochable quand a leurs impôts une meilleure répartitions de l’impôt entre les plus riches et les moins aisés,Les élus devraient être irréprochables quant à leurs impôts || Une meilleure répartition de l'impôt entre les plus riches et les moins aisés est souhaitable,0.93496966,2.0,133.0,156.0,10.0,10.0,10.0,0.0,0.0,1.0,Non,Non,22,Très court (0-50),Llama 8B,,0.8421052631578947,0.8421052631578947,0.5522491349480969,0.0,0.5522491349480969
VXNlcjowNDU5ZTkwNC0xZDU5LTExZTktOTRkMi1mYTE2M2VlYjExZTE=,223,"Lors du calcul de l'impôt sur le revenu, plafonner le nombre de part à 4. Ce qui correspond à une famille de 3 enfants.",Plafonner le nombre de part à 4 || Cela correspond à une famille de 3 enfants,0.86182654,2.0,119.0,77.0,4.0,4.0,7.0,0.0,1.0,0.5,Non,Oui,24,Très court (0-50),Llama 8B,,0.6486486486486487,0.6486486486486487,0.5194379391100703,0.0,0.5194379391100703
VXNlcjo0ZjMwMDM2OS0xZDk5LTExZTktOTRkMi1mYTE2M2VlYjExZTE=,224,"1)Pas de rétablissement de l’ISF mais création de nouvelles tranches d’impôts, 1 vers le bas ou tous les n’ont imposables participent à l’effort commun (d’un minimum de 10€ mensuel) et au fonctionnement du Pays, et 1 tranche vers le haut à 50% (revenu supérieur à 152260€) pour les plus fortunés, alors que cela et limité à 45% actuellement. 2)Supprimer la flat-taxe sur les dividendes, et ramener l’abattement de 40% à 10%, Quant les entreprises du CAC40 en 2018, redistribuent aux actionnaires 57,4 milliards d’Euros (soit une augmentation de 62% entre 2009 et 2018), posez vous la question de la juste rétribution de l’effort dans ce Pays.   3)Soumettre à l’impôt les forme de richesse qui y échappe (tableaux, sculptures, voitures de collection d’une valeur supérieur à 50 000€, bijoux et autres).  4)Taxer les GAFA sur les bénéfices faits en France exactement au même niveau que les petites entreprises Françaises (23%), et si ils refusent qu’ils quittent purement et simplement le territoire. 5)Supprimer toutes les possibilités d’exonérations fiscales (il est anormale que les plus gros, entreprises ou individuels qui peuvent se payer des avocats fiscalistes échappent en grandes parties à l’impôt, alors les TPE / PMI ou travailleur qui gagne 2000€ ne pourra pas ce payer les mêmes fiscalistes et échapper à l’impôt).   Quelles sont les économies qui vous semblent prioritaires à faire ? 6)Suppression de toutes les niches fiscales (type niches concernant le statut de la presse et autres)  à l’exceptions de celles créant obligatoirement un emploi (type personnel d’aide à domicile, ou garde d’enfants), remplacé par une défiscalisation des sommes engagées pour le développement du Pays, recherche, industrie, et grands travaux d’aménagements et de développement du territoire, pour les plus fortunés et les grandes entreprises. 7)Suppression des avantages de la haute fonction publique, primes exceptionnels, logement, voiture de fonction et autres, excepté pour ceux qui sont contraints et forcés de resté sur leur lieux de travail pour raison de disponibilité (Président de la République, 1er Ministre, Ministre de l’intérieur, Ministre de la Défense, Présidents de l’assemblé et du Sénat), et pour les autres comme pour les corps Préfectorale tout avantages de logement, voitures ou autres doit être considérés comme avantages en nature et soumis à l’impôt (pendant plus de 45 ans j’ai utilisé m’à voiture tout les jours pour me rendre à mon travail). 8)Supprimer tous les postes non affectés, de nombreux préfets ou autres fonctionnaires bénéficie de salaire très élevés en restant à la maison. 9)Les problèmes d’effectifs dans l’enseignement, remettre à leurs postes d’enseignants la totalité des enseignants ayants des postes dévoyés (Estimé entre 50 000 et 80 000, les services de l’état étant incapables, ou ne voulant pas fournir un chiffre fiable) assurance, magasin type MAIF, CAMIF, secrétariat, et autres, et si ils ne veulent pas retourner devant les élèves, démission immédiate et inscription à Pol emplois.    10)Que l’état se consacre à ces mitions régaliennes : Defense, Santé-retraites, Sécurité intérieur et aux frontières, enseignement et recherche, Grands aménagements du territoire (type nouveaux carneaux de navigation, organisation du transport raille-route), et ne lever l’impôts que pour cela ; Et pour le reste DECENTRALISER au maximum comme en Allemagne, en Espagne, en Italie (foutez la paix et laisser vivre les régions, lever leurs impôts avec obligation dans la loi de budgets annuels en équilibre). 11)Nous n’avons pas besoin de nouveaux service publics mais que simplement ceux qui existes fonctionnes et surtout soit accessibles à tous.   12)Abandonné l’idée du service nationale universel (SNU) et obligatoire, encore un bidule qui coutera très cher et pour un intérêt quasiment nul (entre 2 et 2,5 milliards d’Euros annuel) faire uniquement appel au volontariat, (sachant que la majorité des syndicats d’étudiants sont contre, ne refaite pas l’erreur des 80 km/h), car en plus des Gilets Jaunes vous aurez la Jeunesse dans la rue. 13)Un seul mot SIMPLIFIER, trop de bureaux de paperasse de chefs de services et autres fonctionnaires qui ce donne beaucoup trop d’importance (et passe beaucoup trop de temps à la machine à café). 14)Prendre en compte les problèmes ou remarques des utilisateurs des services de l’état et apporter des réponses rapides","Créer de nouvelles tranches d'impôts pour les plus fortunés || Supprimer la flat-taxe sur les dividendes || Ramener l'abattement de 40% à 10% || Soumettre à l'impôt les formes de richesse qui y échappent || Taxer les GAFA sur les bénéfices faits en France || Supprimer toutes les possibilités d'exonérations fiscales || Suppression des niches fiscales || Suppression des avantages de la haute fonction publique || Supprimer tous les postes non affectés || Remettre à leurs postes d'enseignants les enseignants dévoyés || L'état se consacre aux missions régaliennes || DECENTRALISER au maximum comme en Allemagne, en Espagne, en Italie || Nous n'avons pas besoin de nouveaux services publics mais que simplement ceux qui existent fonctionnent et soient accessibles à tous || Abandonner l'idée du service nationale universel (SNU) et obligatoire || Faire appel au volontariat pour le SNU || Simplifier les services publics || Prendre en compte les problèmes ou remarques des utilisateurs des services de l'état et apporter des réponses rapides",0.62611747,17.0,4397.0,1041.0,8.0,8.0,7.0,0.0,0.0,0.7666666666666667,Non,Non,680,Long (+200),Llama 8B,,0.34717784877529284,0.3301384451544196,0.14903147699757868,0.0,0.14903147699757868
VXNlcjo2ZmVhOGI4My0xZTIzLTExZTktOTRkMi1mYTE2M2VlYjExZTE=,225,"Plus de tranches d'impôts et que les très riches (et non les fameux 20% de la taxe d'habitation qui ne sont pas riches du tout pour la majorité )soient taxés davantage, rétablir l'ISF",Plus de tranches d'impôts || Les très riches devraient être taxés davantage || Rétablir l'ISF,0.9100505,3.0,183.0,93.0,9.0,10.0,10.0,0.0,0.0,0.9666666666666666,Non,Non,33,Très court (0-50),Llama 8B,,0.576271186440678,0.576271186440678,0.5001811594202898,0.0,0.5001811594202898
VXNlcjpjMmZkYWQ4MC0xZDk5LTExZTktOTRkMi1mYTE2M2VlYjExZTE=,226,"Beaucoup de pays ont mis en place la flat tax, comme la Russie. Les résultats sont surprenants : les citoyens la perçoivent comme juste (même taux pour tous), elle permet de réduire l'évasion fiscale. Il est possible avec la flat tax de réfléchir à un impôt ""négatif"" pour les très bas revenus (ils perçoivent au lieu de payer).",Beaucoup de pays ont mis en place la flat tax || la flat tax est perçue comme juste || elle permet de réduire l'évasion fiscale || il est possible avec la flat tax de réfléchir à un impôt 'négatif' pour les très bas revenus,0.88367176,4.0,328.0,223.0,7.0,5.0,7.0,0.0,1.0,0.6333333333333333,Non,Oui,58,Court (51-100),Llama 8B,,0.7652173913043478,0.7652173913043478,0.3883229813664596,0.0,0.3883229813664596
VXNlcjphNDFiN2M5OC0xOTU5LTExZTktOTRkMi1mYTE2M2VlYjExZTE=,229,"Comme le disent  d'ailleurs certains ministres (y compris celui des comptes publiques) il s'agit effectivement d'un"" impôt injuste"". Dans ce cas il faut qu'il disparaisse pour tous les contribuables . Laisser cet impôt pour 20% des contribuables est une atteinte grave à l'égalité de chacun devant l'impôt"" . Dans ma commune (Orléans), les habitants du  quartier populaire de La Source payent une taxe d'habitation qui est environ 30% supérieure à ce que payent les habitants du centre ville . Centre ville, qui par ailleurs est doté largement de tous les commerces et transports urbains contrairement au sud de  La Source (éloigné du centre ville de 12 à 13 Kms . D'autre part, je n'apprécie pas la stigmatisations qui est faîte des habitants qui ont un revenu de 4000 à 5000 Euros pour un couple en les présentant comme des ""RICHES"".  NON, lorsque un couple gagne 4000 à 5000 euros, il n'est pas riche. La taxe d'habitation doit disparaître pour tous les contribuables.",Les impôts injustes doivent disparaître || Laisser cet impôt pour 20% des contribuables est une atteinte grave à l'égalité || La taxe d'habitation est inéquitable entre les quartiers de La Source et du centre-ville || Les habitants du quartier populaire de La Source payent plus que les habitants du centre-ville || L'éloignement géographique ne doit pas être un facteur pour payer plus d'impôts || La stigmatisation des couples avec un revenu de 4000 à 5000 euros est injustifiée || Les couples avec un revenu de 4000 à 5000 euros ne sont pas riches || Toute taxe d'habitation doit disparaître pour tous les contribuables,0.77057743,8.0,971.0,622.0,7.0,5.0,6.0,0.0,0.0,0.6,Non,Non,162,Moyen (101-200),Llama 8B,,0.5765124555160142,0.4199288256227758,0.2319167990755453,0.6144665607395638,0.0
VXNlcjoyYWU5ZTZhMy0xZDU1LTExZTktOTRkMi1mYTE2M2VlYjExZTE=,232,Taxer davantage le capital au moment de sa transmission (y compris héritage) et non au moment de sa détention. Fusionner CSG et IR. Augmenter un peu la TVA,Taxer davantage le capital au moment de sa transmission || y compris héritage || Fusionner CSG et IR || Augmenter un peu la TVA,0.88465625,4.0,155.0,127.0,6.0,7.0,6.0,0.0,1.0,0.6333333333333333,Non,Oui,28,Très court (0-50),Llama 8B,,0.846153846153846,0.846153846153846,0.6037974683544305,0.0,0.6037974683544305
VXNlcjpmMWMzZGQ0Yi0xZDRjLTExZTktOTRkMi1mYTE2M2VlYjExZTE=,233,"Surtout ne pas rétablir l'ISF,qui nous fait perdre 35 milliards (Monsieur Edouard Philippe le 09 octobre 2017)et qui fait de la France un des seuls pays au monde a posséder encore un tel impôt(IFI).Assez de démagogie",Surtout ne pas rétablir l'ISF || L'ISF fait perdre 35 milliards à la France || La France est un des seuls pays au monde à posséder encore un tel impôt (IFI),0.9244109,3.0,216.0,156.0,9.0,10.0,10.0,0.0,0.0,0.9666666666666666,Non,Non,36,Très court (0-50),Llama 8B,,0.7012987012987012,0.7012987012987012,0.6926601215521272,0.0,0.6926601215521272
VXNlcjoxNzZlYTQ2MS0xOTZjLTExZTktOTRkMi1mYTE2M2VlYjExZTE=,234,"- Supprimer la TVA, la CSG, les cotisations, la Flat Tax, etc. - Créer un seul et grand impôt sur le Revenu PROGRESSIF avec plus de tranche.   Cela donnera de la lisibilité fiscale (On saura clairement combien on paye) et une justice fiscale.","Supprimer la TVA, la CSG, les cotisations, la Flat Tax, etc. || Créer un seul et grand impôt sur le Revenu PROGRESSIF || Avec plus de tranches || Cela donnera de la lisibilité fiscale || On saura clairement combien on paye || Et une justice fiscale",0.9708377,6.0,242.0,248.0,5.0,7.0,8.0,0.0,1.0,0.6666666666666667,Non,Oui,43,Très court (0-50),Llama 8B,,1.0,1.0,0.7997370457411441,0.1575874125874126,0.6421496331537315
VXNlcjplMjcyM2MyOC0xZDY1LTExZTktOTRkMi1mYTE2M2VlYjExZTE=,235,"Tout le monde devrait payer l impot sur le revenu et avec un nombre de tranche plus important, rendant l'impot sur le revenu plus dependant des revenus. proposition de tranches : 1% 10% 15% 20% 25% 30% 35% 40% 45% 50%",Tout le monde devrait payer l'impot sur le revenu || L'impôt sur le revenu devrait être plus dépendant des revenus || Payer un impôt sur le revenu avec un nombre de tranches plus important || 1% 10% 15% 20% 25% 30% 35% 40% 45% 50%,0.95434904,4.0,217.0,230.0,7.0,6.0,6.0,0.0,1.0,0.6333333333333333,Non,Oui,41,Très court (0-50),Llama 8B,,0.7727272727272727,0.6590909090909092,0.5270711425931629,0.0,0.5270711425931629
VXNlcjphNGI2ZjhlNi0xZTIzLTExZTktOTRkMi1mYTE2M2VlYjExZTE=,240,"Tous les français doivent contribuer à l'impôt sur le revenu, y compris les bas salaires. Proportionnellement aux revenus.",Les Français doivent contribuer à l'impôt sur le revenu || Tous les Français doivent contribuer || y compris les bas salaires || Proportionnellement aux revenus,0.9118257,4.0,122.0,160.0,2.0,3.0,5.0,0.0,1.0,0.33333333333333337,Non,Oui,18,Très court (0-50),Llama 8B,,0.888888888888889,0.8444444444444444,0.7543629061701351,0.0,0.7543629061701351
VXNlcjo3OGQ5N2RiYy0xYTU5LTExZTktOTRkMi1mYTE2M2VlYjExZTE=,241,"Taxer davantage les très très riches....On m'a augmenté ma CSG pour la donner à Mr Bernard Arnaud ou à Mr Goshn, cet argent que l'on m'a volé, on l'a volé à mes enfants et petits enfants que je suis obligé d'aider à démarrer dans ma vie, on l'a volé à mes parents âgés car je sois les aider à payer toujours plus, un établissement de retraite décent !!",Les très riches doivent être taxés davantage || Cet argent m'a été volé || L'argent a été volé à mes enfants et petits-enfants || L'argent a été volé à mes parents âgés || Je suis obligé de les aider à démarrer dans ma vie || Il est important d'avoir un établissement de retraite décent,0.78840184,6.0,352.0,286.0,6.0,3.0,4.0,0.0,1.0,0.4333333333333333,Non,Oui,68,Court (51-100),Llama 8B,,0.6666666666666666,0.5116279069767442,0.40658307210031347,0.4747335423197493,0.0
VXNlcjo0MGU4ZmUxMy0xZTIyLTExZTktOTRkMi1mYTE2M2VlYjExZTE=,242,"Moins pénaliser le travail, faire le grand ménage dans les niches fiscales, augmenter la déductibilité des dons pour des associations d’intérêt public, augmenter les droits de succession sur les tranches supérieurs hors successions concernant les activités économiques, commerciales, industrielles ou libérales. Taxation minimum obligatoire des sociétés, surtout les multinationales étrangères ayant des activités ""significatives"" sur le territoire (à définir). Fiscaliser toutes les primes de la fonction publique;",Ménager les niches fiscales || Augmenter la déductibilité des dons pour des associations d’intérêt public || Augmenter les droits de succession sur les tranches supérieurs || Taxation minimum obligatoire des sociétés || Fiscaliser toutes les primes de la fonction publique,0.9235121,5.0,515.0,272.0,3.0,5.0,4.0,1.0,0.0,0.4,Oui,Non,67,Court (51-100),Llama 8B,,0.6935483870967742,0.6935483870967742,0.42801274197500616,0.0,0.42801274197500616
VXNlcjphOGZjMjMwNS0xZDYxLTExZTktOTRkMi1mYTE2M2VlYjExZTE=,243,"que tout le monde paye  l’impôt sur le revenu. bien sur à la hauteur de ses moyens. chacun doit être conscient que c'est son argent qui contribue à la société. rendre obligatoire la règle de 3 pour la redistribution des bénéfices des sociétés : 1/3 pour les salariés, 1/3 pour l'entreprise, 1/3 pour les actionnaires. taxer fortement les très hauts revenus.","Chacun doit être conscient que c'est son argent qui contribue à la société || Tout le monde doit payer l'impôt sur le revenu || Bien sûr à la hauteur de ses moyens || Rendre obligatoire la règle de 3 pour la redistribution des bénéfices des sociétés : 1/3 pour les salariés, 1/3 pour l'entreprise, 1/3 pour les actionnaires || Tasser fortement les très hauts revenus",0.93165165,5.0,357.0,366.0,7.0,5.0,7.0,0.0,1.0,0.6333333333333333,Non,Oui,61,Court (51-100),Llama 8B,,0.9387755102040816,0.761904761904762,0.4248302235115712,0.0,0.4248302235115712
VXNlcjo2MmNjMmFjMi0xZTIyLTExZTktOTRkMi1mYTE2M2VlYjExZTE=,245,"Depuis plusieurs années déjà tout le monde, journalistes, politiques, citoyens parlent de justice ou plutôt d'injustice fiscale !                  Le ressenti de cette injustice est d'autant plus flagrant et violent au plus près des limites des tranches définies, qu'il s'agisse des « tranches d'impositions » ou des tranches d'éligibilité aux différentes « prestations sociales » en vigueur dans notre pays. Les exemples le plus récents et les plus douloureux étant l'augmentation de la CSG fixés selon le niveau de revenu pour les retraités ou encore l'exonération de la taxe d'habitation fixée selon le revenu fiscal de référence, ou plus récemment encore l'éligibilité au changement de chaudière pour un euro.... etc                  En effet, cette méthode de seuils ou de plafonds induit des situations souvent conflictuelles entre voisins ou amis : un ménage dépassant le seuil d'exonération de 100 ou 200 euros voir moins, se voit injustement et très sensiblement lésé par rapport à un ménage voisin qui se trouve en dessous de ce seuil de 100 ou 200 euros voir moins, surtout si la taxe d'habitation est très élevée dans la commune et compte tenu du coût dans le cas du remplacement d'une chaudière. Les deux ménages sont d'ailleurs d'accord entre eux pour convenir que cela est très injuste.          Comme je vous le dis plus haut, tout le monde en parle et personne ne bouge pourquoi ? Cette progressivité totale et réelle est elle si difficile à mettre en place que personne n'ose entamer le chantier ?         N'avons nous pas en France les mathématiciens ou informaticiens compétents pour mettre en place ce système de calcul ou est ce une volonté politique de ne pas y réfléchir ?         Est il possible de concevoir un algorithme pour lisser au maximum ces seuils ou plafonds en aboutissant évidemment à une même recette fiscale ou à une même dépense sociale pour l'ETAT ?           Et bien entendu si cet algorithme existe , est il possible de le traduire en code informatique et l'introduire dans les logiciels utilisés par les services de l'ETAT ? Je tiens évidemment à repréciser ce système de calcul devrait s'appliquer aussi bien pour les impôts et taxes que pour les prestations sociales.          Je pense très sincèrement que ce système de calcul apaiserait les relations entre les contribuables et réduirait très sensiblement ce sentiment d'injustice exprimé depuis longtemps et plus récemment surtout par une majorité de citoyens.","La justice fiscale est un sujet de préoccupation pour les journalistes, politiques et citoyens || L'injustice fiscale est flagrante au plus près des limites des tranches définies || Les exemples récents d'injustice fiscale sont l'augmentation de la CSG pour les retraités et l'exonération de la taxe d'habitation selon le revenu fiscal || Cette méthode de seuils ou de plafonds induit des situations conflictuelles entre voisins ou amis || Les ménages dépassant les seuils d'exonération se sentent injustement lésés par rapport à ceux qui sont en dessous du seuil || Tout le monde parle de justice fiscale mais personne ne bouge || La progressivité totale et réelle est-elle si difficile à mettre en place que personne n'ose entamer le chantier ? || Pouvez-nous concevoir un algorithme pour lisser au maximum ces seuils ou plafonds ? || Ce système de calcul devrait s'appliquer aussi bien pour les impôts et taxes que pour les prestations sociales || Cette solution apaiserait les relations entre les contribuables et réduirait le sentiment d'injustice",0.7465799,10.0,2396.0,1052.0,6.0,7.0,7.0,0.0,0.0,0.6666666666666667,Non,Non,393,Long (+200),Llama 8B,,0.5399361022364217,0.4696485623003194,0.3971175127024243,0.0,0.3971175127024243
VXNlcjo1NzI4MTE3OS0xZTIwLTExZTktOTRkMi1mYTE2M2VlYjExZTE=,246,"● Plafonnement de la taxation sur les carburants, actuellement largement excessive. ● Instauration d'un système de Sécurité Sociale à l'anglo-saxonne ; on cotise pour ses soins.",La taxation sur les carburants est excessive || Il faut plafonner la taxation sur les carburants || On doit instaurer un système de Sécurité Sociale à l'anglo-saxonne || Les cotisations sont destinées aux soins,0.88110495,4.0,177.0,210.0,10.0,7.0,8.0,0.0,0.0,0.8333333333333334,Non,Non,26,Très court (0-50),Llama 8B,,0.6774193548387097,0.6129032258064516,0.40066006600660065,0.0,0.40066006600660065
VXNlcjo4MTc3NjZlZS0xZTIzLTExZTktOTRkMi1mYTE2M2VlYjExZTE=,247,je pense que ISF ne doit pas être de nouveau instaurer pour ne pas que les capitaux puissent partir vers les paradis fiscaux par contre il faudrait créer des tranches plus réalistes  de chacun et non du pouvoir d'achat. Si l'argent des français est réinjecté dans l'économie cela créer des impôts indirects et une qualité de vie pour chacun et l'état avec ses impôts indirects créer aussi une trésorerie,ISF ne doit pas être réinstauré || pour éviter que les capitaux partent vers les paradis fiscaux || il faudrait créer des tranches plus réalistes de chacun || et non du pouvoir d'achat || l'argent des français injecté dans l'économie créera des impôts indirects || et une qualité de vie pour chacun || l'état avec ses impôts indirects créera aussi une trésorerie,0.8258071,7.0,403.0,362.0,4.0,5.0,5.0,0.0,1.0,0.4666666666666667,Non,Oui,69,Court (51-100),Llama 8B,,0.8609271523178808,0.8476821192052981,0.47307339449541286,0.4215412844036697,0.05153211009174313
VXNlcjo1NDA4NWU2Ni0xZTIxLTExZTktOTRkMi1mYTE2M2VlYjExZTE=,248,"Que chaque citoyen participe à l'impôt en fonction de ses revenus, avec une base élargie sans pour autant mettre en difficulté les citoyens sans ressources",Chaque citoyen doit participer à l'impôt || selon ses revenus || une base élargie est nécessaire pour une taxation juste || mais sans mettre en difficulté les citoyens sans ressources,0.7949234,4.0,155.0,183.0,4.0,4.0,5.0,0.0,1.0,0.4333333333333333,Non,Oui,25,Très court (0-50),Llama 8B,,0.7272727272727274,0.6909090909090909,0.6258486452818437,0.0,0.6258486452818437
VXNlcjo3OTA2NjhhNS0xZDg4LTExZTktOTRkMi1mYTE2M2VlYjExZTE=,249,Dire tout simplement que les citoyens ont des devoirs donc des droits . Faire payer a tous un impôt sur le revenu meme si la somme est symbolique  Comme ça on n’entendra plus dire : moi je paye des impôts pour les autres qui n’en payent pas,"Les citoyens ont des devoirs donc des droits || Faire payer à tous un impôt sur le revenu, même si la somme est symbolique || On n'entendra plus dire : moi je paye des impôts pour les autres qui n'en payent pas",0.9673153,3.0,240.0,210.0,9.0,10.0,9.0,0.0,0.0,0.9333333333333333,Non,Non,47,Très court (0-50),Llama 8B,,0.8913043478260869,0.8913043478260869,0.6941298581478492,0.0,0.6941298581478492
VXNlcjplZmZhODYzYS0xZTIyLTExZTktOTRkMi1mYTE2M2VlYjExZTE=,251,"Un statut à part, permettant aux créateurs et créatrices de travailler en toute légalité tout en tirant profit de leur travail (retraite, N° de Siret etc.) malgré la faiblesse de leurs revenus. La CFE devrait être revue (la payer lorsque l'on travaille de chez soit et sans espace de travail particulier revient à payer deux fois la taxe d'habitation......), ainsi que les cotisations, peut-être en fonction des revenus  (tous les 3 mois, comme les déclarations à la CAF ?) plutôt qu'à un taux fixe. Le travail au noir ne serait ainsi plus un recourt systématique. Il faudrait par ailleurs revoir toute la réglementation des AE à mes yeux. Elle était censée être simplifiée au possible pour être accessible à tous. Or au fil des ans, tout s'est complexifié au point que même les conseillers (impôts, chambres de commerce etc.)  en viennent à se contredire les uns les autres lorsque l'on cherche des renseignements pour déclarer correctement.","Un statut à part permet aux créateurs et créatrices de travailler en toute légalité || Payer la CFE deux fois revient à payer deux fois la taxe d'habitation || Les cotisations devraient être fonction des revenus || Tous les 3 mois, comme les déclarations à la CAF, pourrait être une solution pour les cotisations || Le travail au noir ne serait plus un recourt systématique si les réglementations étaient simplifiées || La réglementation des AE devrait être revue et simplifiée pour être accessible à tous || Les conseillers (impôts, chambres de commerce etc.) se contredisent souvent lorsqu'on cherche des renseignements pour déclarer correctement",0.7662312,7.0,942.0,648.0,6.0,9.0,9.0,0.0,0.0,0.8,Non,Non,156,Moyen (101-200),Llama 8B,,0.6544117647058824,0.6029411764705882,0.2560224089635854,0.0,0.2560224089635854
VXNlcjoxYmM5MDQwNC0xZDcxLTExZTktOTRkMi1mYTE2M2VlYjExZTE=,253,"1) Si l’Etat  veut que les citoyens adhèrent vraiment à l’impôt, il faut qu’il cesse de brader le patrimoine collectif, comme les autoroutes, aéroports, FDJ, etc. 2) Pour être juste, il faudrait que chacun contribute au prorate de ses revenus.  3) Combattre l'optimisation fiscal.","Si l’Etat veut que les citoyens adhèrent vraiment à l’impôt, il faut qu’il cesse de brader le patrimoine collectif || Il faudrait que chacun contribue au prorata de ses revenus pour être juste || Combattre l'optimisation fiscale est nécessaire",0.85273314,3.0,280.0,243.0,10.0,10.0,10.0,0.0,0.0,1.0,Non,Non,44,Très court (0-50),Llama 8B,,0.8172043010752689,0.7526881720430109,0.5234059405940594,0.0,0.5234059405940594
VXNlcjoyZDY4MGE4OS0xZTIwLTExZTktOTRkMi1mYTE2M2VlYjExZTE=,255,"Que tous les foyers fiscaux participent (même symboliquement) à l'impôt sur le revenu. Bref élargir l'assiette de l'impôt. Chacun doit contribuer à sa hauteur. Un plancher minimum de 50€ pour les plus modestes par exemple.  Que les sportifs de haut niveau (footballeurs en premier lieu) paient un impôt plus important. Leurs salaires sont indécents au regard de leur ""niveau d’intelligence"" pour nombre d'entre eux ( Bref j'étais nul à l'école, je séchais les cours et je jouais au foot pour me perfectionner). Taxer d'avantages les  marchands de biens immobiliers, taxer les propriétaires bailleurs ( à partir de 3 biens en location par exemple).  Taxer davantage les œuvres d'art ( N'en déplaise à M.Fabius).",Que tous les foyers fiscaux participent (même symboliquement) à l'impôt sur le revenu || Elargir l'assiette de l'impôt pour que chacun contribue à sa hauteur || Instaurer un plancher minimum de 50€ pour les plus modestes || Payer un impôt plus important aux sportifs de haut niveau (footballeurs en premier lieu) || Taxer d'avantages les marchands de biens immobiliers || Taxer les propriétaires bailleurs à partir de 3 biens en location par exemple || Taxer davantage les œuvres d'art (N'en déplaise à M.Fabius),0.86163473,7.0,710.0,512.0,7.0,8.0,6.0,0.0,0.0,0.7,Non,Non,113,Moyen (101-200),Llama 8B,,0.780952380952381,0.7142857142857143,0.3048355045263855,0.5561315963788916,0.0
VXNlcjo1ODljMWRiMy0xZDVhLTExZTktOTRkMi1mYTE2M2VlYjExZTE=,8,diminuer le taux de prelevement pour les retraités percevant mins de 2550 euros,Diminuer le taux de prélèvement pour les retraités || percevant des minima sociaux inférieurs à 2550 euros || Note: The first idea is a statement that proposes to reduce the withholding tax rate for retirees. The syntax is negative because it implies a reduction || The second idea is also a statement that provides additional context about the retirees who would benefit from this reduction. The syntax is positive because it describes a specific group of people,0.4890613,4.0,79.0,463.0,2.0,2.0,2.0,1.0,1.0,0.2,Oui,Oui,13,Très court (0-50),Llama 8B,,0.24175824175824173,0.24175824175824173,0.1819451675751891,0.0,0.1819451675751891
VXNlcjphZTgzMjI3My0xYTI1LTExZTktOTRkMi1mYTE2M2VlYjExZTE=,15,"commencer par réduire les dépenses, tuer les coûts",Réduire les dépenses est essentiel pour améliorer la situation financière || Tuer les coûts signifie éliminer les inutiles et optimiser l'utilisation des ressources,0.56470346,2.0,50.0,164.0,2.0,2.0,3.0,1.0,0.0,0.23333333333333334,Oui,Non,8,Très court (0-50),Llama 8B,,0.46153846153846156,0.46153846153846156,0.2908411214953271,0.0,0.2908411214953271
VXNlcjo5MzI1NmZiOC0xZTE2LTExZTktOTRkMi1mYTE2M2VlYjExZTE=,16,Abandonner l'euro,Abandonner l'euro pourrait être une solution pour sortir de la crise économique || L'euro est un système monétaire qui ne fonctionne plus || La France devrait abandonner l'euro et adopter une nouvelle devise nationale,0.7509781,3.0,17.0,217.0,1.0,2.0,2.0,1.0,0.0,0.16666666666666669,Oui,Non,2,Très court (0-50),Llama 8B,,0.15,0.15,0.13311965811965812,0.6935042735042736,0.0
VXNlcjpiOWQ1ZmNhYS0xZDU0LTExZTktOTRkMi1mYTE2M2VlYjExZTE=,20,Ajouter une tranche supplémentaire aux impôts sur le revenu pour que les plus riches soient enfin taxés plus que les tranches populaires et le sclasses moyennes trop touchées,Les plus riches doivent être taxés plus que les classes populaires et moyennes || Les impôts sur le revenu doivent être révisés pour favoriser la justice sociale || Les tranches populaires et moyennes sont trop touchées par l'impôt sur le revenu,0.83781064,3.0,174.0,245.0,7.0,7.0,6.0,1.0,0.0,0.6666666666666667,Oui,Non,28,Très court (0-50),Llama 8B,,0.5641025641025642,0.38461538461538464,0.44402256454762423,0.0,0.44402256454762423
VXNlcjo4ZGI1YWI3ZS0xZDRmLTExZTktOTRkMi1mYTE2M2VlYjExZTE=,21,Donner plus pouvoir d'achat,Augmenter le pouvoir d'achat est un objectif économique clé || Les politiques de réduction des impôts et des cotisations sociales peuvent augmenter le pouvoir d'achat || La création d'emplois et la baisse du chômage sont également essentielles pour améliorer le pouvoir d'achat || Les entreprises doivent investir dans l'économie réelle pour stimuler la croissance et augmenter le pouvoir d'achat,0.4719752,4.0,27.0,396.0,1.0,1.0,1.0,1.0,0.0,0.1,Oui,Non,4,Très court (0-50),Llama 8B,,0.08219178082191782,0.08219178082191782,0.08416075650118203,0.7326713947990544,0.0
VXNlcjpmZWE3ODgwOS0xZDhlLTExZTktOTRkMi1mYTE2M2VlYjExZTE=,30,Impôts pour toutes les catégories sociales idem revenus modestes ???,Les impôts devraient être identiques pour toutes les catégories sociales || Les revenus modestes sont affectés par l'inefficacité de l'imposition progressive || L'imposition progressive est inefficace car elle pénalise les ménages modestes || Les impôts devraient être réformés pour prendre en compte les revenus modestes,0.75596946,4.0,68.0,321.0,2.0,1.0,1.0,1.0,0.0,0.13333333333333333,Oui,Non,10,Très court (0-50),Llama 8B,,0.3125,0.3125,0.3169801109457448,0.0,0.3169801109457448
VXNlcjo1ZGQ2N2VhYS0xOTkwLTExZTktOTRkMi1mYTE2M2VlYjExZTE=,31,la simplifier et aligner public privé et indépendant,La simplification est un objectif commun entre les entreprises publiques et privées || L'alignement des politiques publiques et privées permet de réduire les coûts et améliorer l'efficacité || Les entreprises indépendantes peuvent également bénéficier de la simplification pour se concentrer sur leur activité principale || L'alignement public-privé permet de créer des synergies et d'améliorer la gouvernance || La simplification peut également aider les entreprises à se débarrasser de processus inutiles et à se concentrer sur leur valeur ajoutée,0.62521863,5.0,52.0,549.0,1.0,1.0,1.0,1.0,0.0,0.1,Oui,Non,8,Très court (0-50),Llama 8B,,0.16326530612244897,0.14285714285714285,0.09233259882178352,0.0,0.09233259882178352
VXNlcjpjYzM3NjY4My0xZTFlLTExZTktOTRkMi1mYTE2M2VlYjExZTE=,36,redistribution de l'impôts équtablement;,La redistribution de l'impôt est un concept qui vise à réduire les inégalités économiques || L'impôt doit être redistribué pour favoriser les plus démunis et réduire la pauvreté || La redistribution de l'impôt est un moyen d'améliorer l'équité fiscale et promouvoir une société plus égalitaire || L'État doit intervenir pour redistribuer les richesses et réduire les inégalités économiques,0.7266288,4.0,40.0,389.0,1.0,0.0,1.0,1.0,0.0,0.06666666666666667,Oui,Non,4,Très court (0-50),Llama 8B,,0.10126582278481013,0.10126582278481013,0.09486247086247088,0.7241100233100233,0.0
VXNlcjozZDZhODAyOC0xZTIwLTExZTktOTRkMi1mYTE2M2VlYjExZTE=,43,plus de tranches d'imposition,Les gouvernements doivent réduire les taux d'imposition pour encourager l'investissement et la croissance économique || L'augmentation des impôts peut avoir un impact négatif sur l'économie et freiner le développement || Les entreprises doivent être incitées à investir en créant un environnement favorable aux affaires || La réduction des impôts peut également favoriser la création d'emplois et améliorer la situation économique || L'imposition excessive peut conduire à une fuite de capitaux et à une stagnation économique,0.33279705,5.0,29.0,525.0,0.0,0.0,1.0,1.0,0.0,0.03333333333333333,Oui,Non,4,Très court (0-50),Llama 8B,,0.06741573033707865,0.0449438202247191,0.047153568453207444,0.7622771452374342,0.0
VXNlcjpjMTM1OTZkOC0xZTFmLTExZTktOTRkMi1mYTE2M2VlYjExZTE=,47,que les plus riches soient taxés en fonction de leurs revenus réels.  Que les expatriés francais ne puissent plus bénéficier du systeme de santé francais gratuitement s'ils sont fiscalement domiciliés hors de France.,Les plus riches devraient être taxés en fonction de leurs revenus réels || Ces derniers ne bénéficient pas du système de santé français gratuitement || Ils sont fiscalement domiciliés hors de France || Les expatriés français ne devraient plus bénéficier du système de santé français gratuitement si ils sont fiscalement domiciliés hors de France,0.93530905,4.0,216.0,345.0,3.0,2.0,2.0,1.0,1.0,0.23333333333333334,Oui,Oui,33,Très court (0-50),Llama 8B,,0.6285714285714286,0.6095238095238096,0.37977508190914727,0.0,0.37977508190914727
VXNlcjozNjVjZjIzZC0xZTIxLTExZTktOTRkMi1mYTE2M2VlYjExZTE=,48,simplification du système et des aides,Simplification est un processus qui vise à réduire la complexité d'un système || Les systèmes complexes nécessitent une simplification pour être compris et utilisés efficacement || La simplification permet de réduire les erreurs et améliorer l'expérience utilisateur || Simplifier un système ne signifie pas le rendre idiot ou inintelligent || Les systèmes simplifiés sont plus faciles à maintenir et à mettre à jour || La simplification est essentielle pour améliorer la productivité et la efficacité des systèmes,0.69119734,6.0,38.0,514.0,1.0,0.0,2.0,1.0,0.0,0.1,Oui,Non,6,Très court (0-50),Llama 8B,,0.1111111111111111,0.1111111111111111,0.09143610013175231,0.7268511198945982,0.0
VXNlcjo3M2YxN2NlZS0xZDRiLTExZTktOTRkMi1mYTE2M2VlYjExZTE=,53,"Taxer les entreprise hyper rentable (Total, BNP, Sanofi, AXA, LVMH, L'Oréal ...)",Les entreprises hyper rentables sont des leaders dans leur secteur || Ces entreprises ont une présence internationale et un chiffre d'affaires élevé || Total est leader dans l'énergie avec un chiffre d'affaires de 220 milliards d'euros || BNP Paribas est leader dans les services financiers avec un chiffre d'affaires de 80 milliards d'euros || Sanofi est leader dans la santé avec un chiffre d'affaires de 40 milliards d'euros || AXA est leader dans l'assurance avec un chiffre d'affaires de 100 milliards d'euros || LVMH est leader dans le luxe avec un chiffre d'affaires de 50 milliards d'euros || L'Oréal est leader dans la beauté avec un chiffre d'affaires de 30 milliards d'euros || Note: The syntax and semantic annotations are based on the content of each sentence.,0.5657918,9.0,80.0,773.0,0.0,0.0,1.0,1.0,0.0,0.03333333333333333,Oui,Non,12,Très court (0-50),Llama 8B,,0.16,0.16,0.1564158584674411,0.0,0.1564158584674411
VXNlcjoyYTExNzJkMC0xOWQwLTExZTktOTRkMi1mYTE2M2VlYjExZTE=,55,Supprimer la CSG,"Les idées principales sont à extraire || Seuls le contenu entre <<< TEXT >>> est utilisé || Extraire la liste des idées DISTINCTES et PRINCIPALES || Chaque idée = une phrase claire, autonome, reformulée si nécessaire || Annoter chaque idée avec type, syntaxe et sémantique || Sortie en CSV avec entête EXACTE",0.1313048,6.0,16.0,308.0,0.0,0.0,0.0,1.0,1.0,0.0,Oui,Oui,3,Très court (0-50),Llama 8B,,0.037037037037037035,0.037037037037037035,0.02962962962962963,0.0,0.02962962962962963
VXNlcjpjODkxZDk3YS0xZDc2LTExZTktOTRkMi1mYTE2M2VlYjExZTE=,62,une meilleure répartition des prélèvements / création de nouvelles tranches d'impositions plus équitables.,La répartition actuelle des prélèvements est injuste || Les prélèvements doivent être redistribués pour favoriser l'égalité || Créer de nouvelles tranches d'impositions peut améliorer la justice fiscale,0.67070645,3.0,106.0,202.0,5.0,6.0,6.0,1.0,0.0,0.5666666666666667,Oui,Non,13,Très court (0-50),Llama 8B,,0.46153846153846156,0.46153846153846156,0.36568694463431306,0.5074504442925496,0.0
VXNlcjozZjlhNzAwOS0xYTc2LTExZTktOTRkMi1mYTE2M2VlYjExZTE=,65,plus de tranche sur le revenu,La réduction du temps de travail peut améliorer la qualité de vie || L'augmentation des impôts peut entraîner une augmentation du coût de la vie || Les entreprises doivent prendre en compte les besoins de leurs employés pour améliorer leur bien-être || La réduction du temps de travail peut également favoriser l'équilibre entre vie professionnelle et personnelle || L'augmentation des impôts peut être justifiée si elle est utilisée pour financer des services publics essentiels || Les employés doivent être mieux payés pour répondre aux besoins de la société,0.29112226,6.0,29.0,560.0,0.0,0.0,0.0,1.0,0.0,0.0,Oui,Non,6,Très court (0-50),Llama 8B,,0.018518518518518517,0.018518518518518517,0.03259762308998303,0.7739219015280137,0.0
VXNlcjo3ZTc0OTQwNi0xZTFmLTExZTktOTRkMi1mYTE2M2VlYjExZTE=,66,augmenter le nombre de tranches pour faire payer davantage les hauts revenus  et taxer davantage les grandes entreprises,Augmenter le nombre de tranches pour faire payer davantage les hauts revenus || Faire payer davantage les hauts revenus || Avoir un système fiscal plus équitable,0.83658355,3.0,120.0,161.0,3.0,3.0,3.0,1.0,0.0,0.3,Oui,Non,18,Très court (0-50),Llama 8B,,0.6511627906976745,0.6511627906976745,0.6200000000000001,0.30399999999999994,0.31600000000000017
VXNlcjplNjQ4YTI1OS0xYTY3LTExZTktOTRkMi1mYTE2M2VlYjExZTE=,67,la taxe d'habitation pour tous ou pour personne la CSG retraite pour tous les retaités ou pour personne. L'impôt sur le revenu pour tous et tous les revenus,La taxe d'habitation est un impôt qui concerne tous || La CSG retraite est un impôt qui concerne les retraités || Il y a des impôts qui concernent tout le monde (IR),0.7315506,3.0,156.0,165.0,2.0,1.0,4.0,1.0,0.0,0.23333333333333334,Oui,Non,28,Très court (0-50),Llama 8B,,0.3880597014925374,0.3582089552238806,0.41949017525225707,0.4644078597981944,0.0
VXNlcjpjMGI5MDIxMS0xZDlmLTExZTktOTRkMi1mYTE2M2VlYjExZTE=,73,"que TOUT LE Monde paye des impôts, à sa mesure et selon ses revenus bien sûr, car il est important que : - chaque citoyen se sente CONCERNE - il n'y ait PLUS d'un côté ceux qui payent l'impôt et de l'autre ceux qui reçoivent les aides sans être concernés.",Chaque citoyen doit payer des impôts à sa mesure et selon ses revenus || Il est important que chaque citoyen se sente concerné par l'impôt || Il n'y a pas de place pour les inégalités dans le système fiscal,0.81732917,3.0,255.0,206.0,8.0,8.0,8.0,1.0,0.0,0.8,Oui,Non,50,Très court (0-50),Llama 8B,,0.5656565656565656,0.48484848484848486,0.23387891934529678,0.0,0.23387891934529678
VXNlcjo3YWRlNjU2Ny0xZTIxLTExZTktOTRkMi1mYTE2M2VlYjExZTE=,74,augmenter fiscalité des gafa,"Les GAF (Google, Amazon, Facebook et Apple) doivent être soumises à une fiscalité plus élevée || Cette augmentation de la fiscalité pourrait générer des revenus supplémentaires pour les États || Les GAF sont déjà très taxées dans certains pays || L'augmentation de la fiscalité pourrait encourager ces entreprises à investir plus dans leur présence territoriale || Cela pourrait également favoriser l'émergence de nouvelles start-ups et d'entreprises innovantes",0.67626977,5.0,28.0,461.0,1.0,2.0,1.0,1.0,1.0,0.13333333333333333,Oui,Oui,4,Très court (0-50),Llama 8B,,0.07792207792207792,0.07792207792207792,0.05756646216768917,0.7539468302658487,0.0
VXNlcjphYzE0ODc2YS0xZDRkLTExZTktOTRkMi1mYTE2M2VlYjExZTE=,79,Plus taxer les riches avec le le retour de l'ISF,"Le retour de l'ISF (Impôt sur la Fortune) est un sujet d'actualité || L'ISF vise à taxer les plus riches et à réduire les inégalités économiques || Cette mesure est considérée comme une manière de redistribuer la richesse et de promouvoir l'équité fiscale || Les opposants à cette mesure arguent que cela pourrait encourager les plus riches à fuir le pays ou à se détourner de l'impôt || Cependant, les partisans de la réintroduction de l'ISF estiment qu'elle permettrait de collecter des revenus supplémentaires pour financer les dépenses publiques et réduire le déficit budgétaire",0.7189076,5.0,48.0,582.0,0.0,1.0,1.0,1.0,1.0,0.06666666666666667,Oui,Oui,10,Très court (0-50),Llama 8B,,0.16949152542372883,0.11864406779661016,0.07867109634551495,0.0,0.07867109634551495
VXNlcjoyNjc0NjViOS0xYmMzLTExZTktOTRkMi1mYTE2M2VlYjExZTE=,83,refonte complète du système fiscale,La refonte complète du système fiscal est nécessaire pour répondre aux besoins actuels de la population || Le système fiscal actuel est inefficace et nécessite une réforme profonde || Une nouvelle taxe sur les entreprises pourrait générer des revenus supplémentaires pour le gouvernement || Les impôts directs devraient être réduits pour encourager la consommation et l'investissement || La simplification des déclarations fiscales pourrait améliorer la transparence et la confiance dans le système fiscal || Les inégalités sociales devraient être combattues par une réforme du système fiscal plus équitable,0.7396549,6.0,35.0,607.0,1.0,1.0,2.0,1.0,0.0,0.13333333333333333,Oui,Non,5,Très court (0-50),Llama 8B,,0.12727272727272726,0.12727272727272726,0.08861370716510904,0.7291090342679127,0.0
VXNlcjowOGFiM2M2Yi0xZDZiLTExZTktOTRkMi1mYTE2M2VlYjExZTE=,85,Egalité citoyenne vis à vis de l'impôt et ne pas faire des clans salariés retraités chômeurs etc.,"Égalité citoyenne vis-à-vis de l'impôt || Faire des clans salariés, retraités, chômeurs, etc. || Note: The first idea is a statement that emphasizes the importance of equality in relation to taxation. The second idea is a proposition that suggests avoiding the creation of groups based on employment status (salaries",0.77951014,3.0,97.0,316.0,2.0,2.0,2.0,1.0,0.0,0.2,Oui,Non,17,Très court (0-50),Llama 8B,,0.45945945945945943,0.45945945945945943,0.3193028928860864,0.5445576856911309,0.0
VXNlcjo5YmJhZGMzMi0xZTIwLTExZTktOTRkMi1mYTE2M2VlYjExZTE=,95,Diminuer le nombre de fonctionnaires: pourquoi les jardiniers ds les collectivités st ils fonctionnaires?? Diminuer le nombre d'agences publiques créées pour recaser confortablement des politiques et alii.,Les fonctionnaires ne sont pas tous nécessaires || Il y a trop d'agences publiques créées pour des raisons politiques || Les jardiniers dans les collectivités devraient être considérés comme des travailleurs privés || Diminuer le nombre de fonctionnaires permettrait d'économiser des ressources publiques,0.7788531,4.0,205.0,304.0,6.0,5.0,5.0,1.0,0.0,0.5333333333333333,Oui,Non,27,Très court (0-50),Llama 8B,,0.4871794871794872,0.28205128205128205,0.26940298507462684,0.5844776119402985,0.0
VXNlcjpkZmE1YTgxNS0xZTFmLTExZTktOTRkMi1mYTE2M2VlYjExZTE=,96,"que chaque citoyen paye l'impôt , même participation très faible","Chaque citoyen doit payer l'impôt || Paiement de l'impôt est une obligation pour tout citoyen || Même avec une participation très faible, chaque citoyen doit contribuer à l'impôt",0.82004535,3.0,64.0,178.0,5.0,5.0,6.0,1.0,0.0,0.5333333333333333,Oui,Non,10,Très court (0-50),Llama 8B,,0.47826086956521735,0.47826086956521735,0.4719643992371265,0.0,0.4719643992371265
VXNlcjozM2EwNTM3Ni0xY2Q1LTExZTktOTRkMi1mYTE2M2VlYjExZTE=,99,"Tous nous devons contribuer à hauteur raisonnable en fonction de nos revenus et de TOUS les revenus (prestations familiales et sociales, hormis APL cela serait trop complexe, prisent en compte dans le calcul des impots. Un contribuable sans aucune aide doit payer la même imposition qu'un contribuable avec aides.  On commence par 20 euros annuels pour tous les foyers fiscaux et augmente avec plus de tranches pour s'adapter plus justement au revenu, sans étrangler les très haut revenus mais en leur imposant un pourcentage (25%) non défiscalisable.   L'ISF étant une mauvaise chose, puisqu'il faut que les 'gros revenus' investissent; on incite les 'gros revenus' à investir dans la transition écologique ou à l'investissement dans notre savoir faire en soutenant les entreprises française et ON CONTROLE. Si pas d'investissement à hauteur de l'ISF, ils payent la différence.","Nous devons contribuer en fonction de nos revenus et de tous les revenus || Tous les foyers fiscaux doivent payer la même imposition || On commence par 20 euros annuels pour tous les foyers fiscaux || Les tranches d'imposition s'adaptent au revenu sans étrangler les très hauts revenus || Il est injuste de ne pas prendre en compte les prestations familiales et sociales dans le calcul des impôts || L'ISF est une mauvaise chose car il pousse les 'gros revenus' à investir || Nous devons inciter les 'gros revenus' à investir dans la transition écologique ou dans l'investissement en soutenant les entreprises françaises et en contrôlant || S'ils ne font pas d'investissement à hauteur de l'ISF, ils doivent payer la différence",0.85000014,8.0,878.0,727.0,7.0,8.0,8.0,1.0,1.0,0.7666666666666667,Oui,Oui,136,Moyen (101-200),Llama 8B,,0.708955223880597,0.6044776119402985,0.18884150929874227,0.6489267925610062,0.0
VXNlcjplMmRjNWE1NS0xZTIwLTExZTktOTRkMi1mYTE2M2VlYjExZTE=,104,je pense qu'il faudrait remettre l'ISF ce qui serait beaucoup plus équitable pour l'équilibre de l'économie car cela n'est pas juste que ce soit toujours les mêmes qui payent pour les autres.  un jour les gens qui payent pour tout le monde n'y arriveront plus et cela sera un gros problème. Il faut un partage des richesses pour que le pays marche bien.,Les mêmes personnes payent toujours pour les autres || Cela n'est pas juste || L'équilibre de l'économie est inégalitaire || Il faudrait remettre en question le système actuel || Un partage des richesses est nécessaire pour un pays équilibré || Note : Les phrases ont été reformulées pour être plus claires et autonomes.,0.74368465,6.0,353.0,320.0,4.0,5.0,4.0,1.0,1.0,0.4333333333333333,Oui,Oui,63,Court (51-100),Llama 8B,,0.5555555555555555,0.23809523809523808,0.3403522504892368,0.0,0.3403522504892368
VXNlcjozNjgwMWQ4YS0xOTlhLTExZTktOTRkMi1mYTE2M2VlYjExZTE=,107,Que tous les citoyens payent un impôt progressif.,Les citoyens devraient payer un impôt progressif en fonction de leurs revenus || Cet impôt permettrait une répartition plus équitable des richesses et des ressources publiques,0.6973982,2.0,49.0,175.0,2.0,4.0,3.0,1.0,0.0,0.3,Oui,Non,8,Très court (0-50),Llama 8B,,0.3243243243243243,0.3243243243243243,0.2521428571428571,0.5982857142857143,0.0
VXNlcjpmZDYwZWI0Yy0xOTYzLTExZTktOTRkMi1mYTE2M2VlYjExZTE=,111,Lutter efficacement contre l'évasion fiscale. Faire un audit de toutes les niches fiscales et supprimer toutes celles ne servant pas en ayant le courage de ne pas céder aux lobbys car derrière chaque niche il y a un chien prèt à mordre.,Éviter l'évasion fiscale est essentiel || Faire un audit de toutes les niches fiscales || Supprimer les niches fiscales inutiles || Courager le courage pour ne pas céder aux lobbys,0.89195174,4.0,236.0,180.0,6.0,6.0,6.0,1.0,0.0,0.6,Oui,Non,42,Très court (0-50),Llama 8B,,0.5675675675675675,0.5405405405405405,0.4627027027027027,0.0,0.4627027027027027
VXNlcjo1ZTY0MTE3MS0xOTY3LTExZTktOTRkMi1mYTE2M2VlYjExZTE=,115,Faire ruisseler les revenus,Les entreprises doivent gérer leurs coûts pour faire ruisseler leurs revenus || Faire ruisseler les revenus nécessite une bonne gestion des ressources || La réduction des coûts peut aider à faire ruisseler les revenus,0.78648895,3.0,27.0,217.0,1.0,1.0,1.0,1.0,0.0,0.1,Oui,Non,4,Très court (0-50),Llama 8B,,0.19999999999999998,0.19999999999999998,0.217096018735363,0.0,0.217096018735363
VXNlcjo1NGU5YjAzNS0xYWRiLTExZTktOTRkMi1mYTE2M2VlYjExZTE=,117,"retenir l impots sur tout les revenus,du travail,du capital et aussi des multinationales",Retenir l'impôt sur tous les revenus || Tous les revenus doivent être soumis à l'impôt || Impôter le travail pour financer les services publics || Impôter le capital pour réduire la richesse inégalité || Impôter les multinationales pour prévenir l'évasion fiscale,0.752555,5.0,88.0,263.0,1.0,1.0,1.0,1.0,0.0,0.1,Oui,Non,13,Très court (0-50),Llama 8B,,0.25806451612903225,0.25806451612903225,0.30502460502460504,0.0,0.30502460502460504
VXNlcjoxYjJkNzYzNy0xOTY5LTExZTktOTRkMi1mYTE2M2VlYjExZTE=,120,Remettre les impôts aux plus fortunés,Les impôts sont un moyen de redistribuer la richesse et de réduire les inégalités || Remettre les impôts aux plus fortunés permettrait de financer des services publics essentiels || Cela encouragerait les entreprises à investir dans l'économie et créer des emplois || Les personnes les plus riches auraient encore plus d'argent pour investir et créer de la richesse || La redistribution de la richesse pourrait améliorer la justice sociale et réduire les inégalités,0.5636009,5.0,37.0,465.0,1.0,1.0,0.0,1.0,1.0,0.06666666666666667,Oui,Oui,6,Très court (0-50),Llama 8B,,0.17777777777777776,0.17777777777777776,0.11896414342629483,0.0,0.11896414342629483
VXNlcjoyM2QxZDI2MS0xZTIzLTExZTktOTRkMi1mYTE2M2VlYjExZTE=,123,rétablir l'ISF et créer une tranche supplémentaire d'impôt à 70%,Rétablir l'ISF || L'ISF est un impôt sur le patrimoine qui a été supprimé en 2017 || Créer une tranche supplémentaire d'impôt à 70%,0.8625699,3.0,64.0,131.0,6.0,6.0,6.0,1.0,0.0,0.6,Oui,Non,10,Très court (0-50),Llama 8B,,0.6363636363636364,0.6363636363636364,0.6225641025641026,0.0,0.6225641025641026
VXNlcjo0Y2U1NzVlMy0xZDc3LTExZTktOTRkMi1mYTE2M2VlYjExZTE=,131,Remplacer les multiples impôts par un unique impôt sur TOUS les revenus (y compris les rentes) qui soit payer par tous les monde avec un barème continu plutôt que des paliers,"Les impôts multiples devraient être remplacés par un unique impôt || Ce système permettrait une simplification de la fiscalité || Tous les revenus, y compris les rentes, devraient être soumis à ce nouvel impôt || Un barème continu plutôt que des paliers pourrait réduire les inégalités fiscales || Payer cet impôt par tous les monde pourrait générer une plus grande solidarité et équité",0.7036595,5.0,174.0,386.0,5.0,5.0,6.0,1.0,0.0,0.5333333333333333,Oui,Non,31,Très court (0-50),Llama 8B,,0.5849056603773585,0.4528301886792453,0.4525,0.438,0.014500000000000013
VXNlcjplY2Y2YTM5Yi0xOTY4LTExZTktOTRkMi1mYTE2M2VlYjExZTE=,134,"Expliquer le cout réel des services de l'état à ""hauteur d'homme"" pour que les budgets fassent sens auprès de chaque citoyen. par ailleurs établir une échelle  comparative avec les grandes démocraties  impôts/services pour mieux comprendre le sens de la dépense","Expliquer le cout réel des services de l'état à 'hauteur d'homme' || pour que les budgets fassent sens auprès de chaque citoyen || établir une échelle comparative avec les grandes démocraties impôts/services pour mieux comprendre le sens de la dépense || Note: || * ""Expliquer le cout réel des services de l'état à 'hauteur d'homme'"" is a proposition because it suggests an action to be taken. || * The syntax of this phrase is positive because it does not contain any explicit negation. || * The semantic value is neutral because the phrase does not express a clear opinion or emotion. || * ""pour que les budgets fassent sens auprès de chaque citoyen"" is also a proposition because it suggests an action to be taken. Its syntax is positive and its semantic value is positive || * The third phrase is a proposition again || Please let me know if you have any further requests!",0.5176665,10.0,261.0,876.0,1.0,1.0,1.0,1.0,1.0,0.1,Oui,Oui,40,Très court (0-50),Llama 8B,,0.4545454545454546,0.4545454545454546,0.23096617320195417,0.0,0.23096617320195417
VXNlcjowMDQ4ZGU2ZC0xZTIzLTExZTktOTRkMi1mYTE2M2VlYjExZTE=,135,En finir avec les niches fiscales et avantages en tout genre et impôts pour tous avec une dizaine de tranches,Les niches fiscales sont inefficaces et créent des inégalités || Il est temps d'abolir les niches fiscales pour favoriser l'économie équitable || Un système fiscal avec une dizaine de tranches permettrait une plus grande justice sociale || Les impôts doivent être réformés pour prendre en compte la diversité des situations économiques || La suppression des niches fiscales pourrait générer des recettes supplémentaires pour l'État || Il est important de privilégier une fiscalité progressive pour réduire les inégalités || Les tranches d'imposition doivent être ajustées pour prendre en compte la situation économique des ménages et des entreprises || Un système fiscal équitable est essentiel pour promouvoir une croissance durable || La réforme fiscale doit être accompagnée d'une réduction de la dette publique || L'abolition des niches fiscales pourrait entraîner une augmentation du déficit budgétaire,0.7286438,10.0,109.0,907.0,1.0,1.0,1.0,1.0,0.0,0.1,Oui,Non,20,Très court (0-50),Llama 8B,,0.1724137931034483,0.11494252873563218,0.09733494851605087,0.7221320411871593,0.0
VXNlcjo5YWE1NGU1YS0xZTIzLTExZTktOTRkMi1mYTE2M2VlYjExZTE=,140,Voir les autres contributeurs,Identify other contributors to a project || Contribute to open-source projects || Collaborate with others on a shared goal || Learn from others' experiences and expertise,0.36772826,4.0,29.0,170.0,0.0,0.0,0.0,1.0,0.0,0.0,Oui,Non,4,Très court (0-50),Llama 8B,,0.0,0.0,0.08040201005025127,0.0,0.08040201005025127
VXNlcjo2NjU2NTdmYS0xZGIzLTExZTktOTRkMi1mYTE2M2VlYjExZTE=,141,donner l'exemple à haut niveau... le poisson pourri toujours par la tête!,Le poisson est souvent considéré comme étant 'par la tête' || Cela signifie que le poisson a une mauvaise odeur || La tête du poisson est responsable de son odeur,0.7116048,3.0,73.0,162.0,0.0,0.0,0.0,1.0,1.0,0.0,Oui,Oui,12,Très court (0-50),Llama 8B,,0.2727272727272727,0.2727272727272727,0.1891968727789623,0.0,0.1891968727789623
VXNlcjo5YWNiOTk3YS0xZTIyLTExZTktOTRkMi1mYTE2M2VlYjExZTE=,142,Un impôt progressif et strictement proportionnel. Que ceux qui créent la richesse sur nôtre sol soi moins taxé que ceux qui la créent ailleurs,Un impôt progressif est nécessaire || Les riches doivent être moins taxés que les pauvres || Cette proposition vise à encourager la création de richesse sur le sol national,0.7843925,3.0,142.0,172.0,0.0,0.0,0.0,1.0,0.0,0.0,Oui,Non,24,Très court (0-50),Llama 8B,,0.4827586206896552,0.3793103448275862,0.22703619909502265,0.0,0.22703619909502265
VXNlcjo0Yjc2MDMxYy0xZTI0LTExZTktOTRkMi1mYTE2M2VlYjExZTE=,146,"Remettre L’ISF, taxer les paradis fiscaux","Le système fiscal international est en crise || L'ISF (Impôt de Solidarité sur le Fortune) est un outil essentiel pour remettre les finances publiques à flot || Cependant, l'ISF est souvent échappé par les plus riches et les paradis fiscaux || Les paradis fiscaux sont des territoires qui offrent des régimes fiscaux très attractifs pour les capitaux || Il est donc essentiel de taxer ces paradis fiscaux pour réduire la fraude et l'évasion fiscales || La mise en place d'un système fiscal plus équitable et plus efficace nécessite une coopération internationale renforcée || Cela permettrait de récupérer les sommes détournées par les paradis fiscaux et de financer des services publics essentiels",0.6082399,7.0,41.0,698.0,1.0,1.0,1.0,1.0,0.0,0.1,Oui,Non,6,Très court (0-50),Llama 8B,,0.109375,0.109375,0.09119880699235039,0.7270409544061197,0.0
VXNlcjo1MGM4ODgwMS0xZTIyLTExZTktOTRkMi1mYTE2M2VlYjExZTE=,150,"Impôt sur le revenu pour tout citoyen quel que soit son revenu (même si ce n'est qu'un prélèvement modique), afin que chacun contribue au fonctionnement de l'état et que chacun comprenne que le budget de  l'état, c'est les impôts et les taxes.! ,  suppression des niches fiscales (journalistes, politiques etc...), fusion des régimes de retraites même nombre de trimestres de cotisations et même age de départ à la retraite pour tous ! élus et hauts fonctionnaires compris.",Chacun doit contribuer au fonctionnement de l'état || L'impôt sur le revenu est un moyen de faire contribuer tout citoyen || Les impôts et les taxes font partie du budget de l'état || Les niches fiscales doivent être supprimées || Toutes les personnes doivent avoir le même régime de retraite || Tous les élus et hauts fonctionnaires doivent avoir le même âge de départ à la retraite,0.87282014,6.0,473.0,383.0,7.0,8.0,7.0,1.0,0.0,0.7333333333333333,Oui,Non,77,Court (51-100),Llama 8B,,0.6163522012578616,0.3647798742138365,0.22132402110112193,0.6229407831191025,0.0
VXNlcjo5NGYxOTg3MC0xZTIxLTExZTktOTRkMi1mYTE2M2VlYjExZTE=,151,suppression de la taxe d'habitation pour TOUS les Français.Cet impôt serait injuste pour 80% des Français et ne le serait plus pour les¨20% des autres.,Le taux d'habitation est considéré comme injuste par 80% des Français || La suppression de la taxe d'habitation pourrait être bénéfique pour les 20% des Français qui en seraient affectés,0.8238523,2.0,151.0,186.0,2.0,1.0,1.0,1.0,0.0,0.13333333333333333,Oui,Non,25,Très court (0-50),Llama 8B,,0.5294117647058824,0.3235294117647059,0.3946587537091988,0.484272997032641,0.0
VXNlcjo2MGU2YjUxZS0xOTdlLTExZTktOTRkMi1mYTE2M2VlYjExZTE=,153,mettre des tranches supplémentaires.,Les tranches supplémentaires sont nécessaires pour améliorer la qualité de la viande || Les tranches supplémentaires peuvent être utilisées pour créer des plats plus variés || Les tranches supplémentaires ne doivent pas être trop épaisses pour éviter une cuisson inégale,0.7378659,3.0,36.0,270.0,0.0,0.0,0.0,1.0,0.0,0.0,Oui,Non,4,Très court (0-50),Llama 8B,,0.15384615384615383,0.15384615384615383,0.13374613003095975,0.6930030959752322,0.0
VXNlcjo5Yjk2OGFhNi0xZDYyLTExZTktOTRkMi1mYTE2M2VlYjExZTE=,156,"Du civisme ... Impensable de voir des patrons de sociétés du CAC 40 résidents fiscaux à l'étranger, c'est purement honteux ! On parle de l'ISF mais combien de fois l'ISF en milliards sont planqués et ""optimisés"". Taxer les GAFA au même niveau que les PME françaises. et réexpliquer que les Facebook, Apple & Cie non seulement ne payent pas d’impôt en France mais nous espionnent et jouent avec la réalité(de nombreux faits sont quotidiennement dans la presse pour le prouver ==> le bon exemple des décomptes Facebook est une honte).","Les patrons de sociétés du CAC 40 résidents fiscaux à l'étranger sont impensables || L'optimisation de l'ISF est honteuse || Il faut taxer les GAFA au même niveau que les PME françaises || Les Facebook, Apple & Cie ne payent pas d'impôt en France et nous espionnent || Note: || * ""Impensable"" is a strong negative statement. || * ""Honteux"" and ""honteuse"" are strong negative adjectives. || * The proposition to tax GAFA at the same level as PME is a positive suggestion. || * The statement about Facebook",0.743496,9.0,532.0,504.0,1.0,1.0,3.0,1.0,0.0,0.16666666666666669,Oui,Non,90,Court (51-100),Llama 8B,,0.5240641711229946,0.4705882352941177,0.18896379274870936,0.14573291672327132,0.04323087602543804
VXNlcjowMmE4YmFlYi0xZTIyLTExZTktOTRkMi1mYTE2M2VlYjExZTE=,162,"Impôts sur les revenus pour tous  Taxer les œuvres d art comme les tous les autres revenus (immobilier , bourse ,....)",Taxer les œuvres d'art comme les autres revenus || Tous les revenus doivent être imposés || L'imposition des revenus doit être équitable,0.7674161,3.0,118.0,136.0,4.0,4.0,6.0,1.0,0.0,0.4666666666666667,Oui,Non,21,Très court (0-50),Llama 8B,,0.5581395348837209,0.46511627906976744,0.3675889328063241,0.0,0.3675889328063241
VXNlcjo2MTk4MDIzZS0xOTU2LTExZTktOTRkMi1mYTE2M2VlYjExZTE=,166,Tout le monde devrait payer l'impôt en fonction de son revenu même faible. Rendre les tranches d'impôts plus progressives en dépassant la tranche des 50%.,Les personnes devraient payer l'impôt en fonction de leur revenu || Cette proposition vise à rendre les tranches d'impôts plus progressives || La tranche des 50% ne devrait pas être dépassée,0.89027125,3.0,154.0,190.0,5.0,8.0,8.0,1.0,0.0,0.7,Oui,Non,25,Très court (0-50),Llama 8B,,0.6769230769230768,0.6153846153846154,0.37275311611633505,0.0,0.37275311611633505
VXNlcjozOTVjZGEzMS0xZTIzLTExZTktOTRkMi1mYTE2M2VlYjExZTE=,169,"Identifier les produits de luxe sur lesquels un taux de TVA devrait être majoré, pour réduire celle des produits de première nécessité.","Les produits de luxe sont souvent taxés à un taux élevé || Un taux de TVA majoré sur les produits de luxe pourrait réduire la charge fiscale pour les produits de première nécessité || Ces derniers étant essentiels au bien-être des populations || Les gouvernements peuvent ainsi redistribuer les ressources pour soutenir les plus démunis || En réduisant la TVA sur les produits de première nécessité, on encourage la consommation et l'investissement dans ces catégories || Cela pourrait également favoriser une économie plus équitable et plus durable",0.7209928,6.0,135.0,549.0,1.0,2.0,3.0,1.0,1.0,0.2,Oui,Oui,22,Très court (0-50),Llama 8B,,0.3589743589743589,0.3076923076923077,0.2083012409071459,0.6333590072742834,0.0
VXNlcjpjMGEzZDQ4OS0xZTIyLTExZTktOTRkMi1mYTE2M2VlYjExZTE=,172,mettre fin aux doublons dans la gestion de la France,Éliminer les doublons dans la gestion de la France || La France doit se doter d'un système de gestion efficace pour éradiquer les doublons || Les erreurs de gestion peuvent être évitées en supprimant les doublons,0.7595172,3.0,52.0,212.0,2.0,3.0,2.0,1.0,0.0,0.23333333333333334,Oui,Non,10,Très court (0-50),Llama 8B,,0.2978723404255319,0.2978723404255319,0.23977272727272728,0.0,0.23977272727272728
VXNlcjozMDYxMzZlOS0xZTIwLTExZTktOTRkMi1mYTE2M2VlYjExZTE=,176,supprimer les retraites de nos anciens présidents et députes actuels qui travaillent;évasion fiscale et niches fiscales.plusieurs tranches impôts.,"Supprimer les retraites de nos anciens présidents || et députes actuels qui travaillent || évasion fiscale et niches fiscales || plusieurs tranches impôts || Note: The text is quite concise and doesn't provide many distinct ideas. However || Here's a brief explanation of each idea: || * ""Supprimer les retraites de nos anciens présidents"" is a statement that proposes eliminating retirement benefits for former presidents. || + Type: statement || + Syntax: negative (it implies that something should be removed) || + Semantic: negative (it has a critical tone towards the current system) || * ""et députes actuels qui travaillent"" is a statement that adds to the previous idea || + Type: statement || + Syntax: negative (it implies that something should be removed) || + Semantic: negative (it has a critical tone towards the current system) || * ""évasion fiscale et niches fiscales"" is a proposition that suggests addressing tax evasion and special tax loopholes. || + Type: proposition || + Syntax: positive (it proposes a solution) || + Semantic: negative (it implies that there are problems with the current tax system) || * ""plusieurs tranches impôts"" is a statement that mentions multiple income tax brackets. || + Type: statement || + Syntax: negative (it doesn't have an explicit syntax || + Semantic: neutral (it simply states a fact about the tax system)",0.6556101,22.0,146.0,1364.0,0.0,0.0,0.0,1.0,1.0,0.0,Oui,Oui,18,Très court (0-50),Llama 8B,,0.21004566210045664,0.21004566210045664,0.27483235205378104,0.20035601278154475,0.07447633927223629
VXNlcjo4NjQyYmRiMC0xZTIxLTExZTktOTRkMi1mYTE2M2VlYjExZTE=,181,ré-indexer les retraites sur l'inflation tout de suite,Les retraites doivent être réindexées sur l'inflation pour prendre en compte la perte de valeur du pouvoir d'achat || Réindexer les retraites sur l'inflation est une mesure urgente pour protéger les pensions des seniors,0.7863011,2.0,54.0,219.0,2.0,3.0,2.0,1.0,0.0,0.23333333333333334,Oui,Non,8,Très court (0-50),Llama 8B,,0.32000000000000006,0.27999999999999997,0.20967804125698863,0.0,0.20967804125698863
VXNlcjo5ZTQyZWRmYi0xY2M0LTExZTktOTRkMi1mYTE2M2VlYjExZTE=,182,"une TVA à 33% pour les produits de luxe (alimentaire,mode,voiture...)",Les produits de luxe sont soumis à une TVA à 33% || Cette TVA est appliquée aux produits alimentaires || Les produits de mode et les voitures sont également concernés par cette TVA || La TVA à 33% pénalise les achats de luxe,0.86752445,4.0,69.0,224.0,1.0,1.0,0.0,1.0,0.0,0.06666666666666667,Oui,Non,10,Très court (0-50),Llama 8B,,0.392156862745098,0.3137254901960785,0.28883471477328126,0.0,0.28883471477328126
VXNlcjpmNjZlMTA3MS0xZTIxLTExZTktOTRkMi1mYTE2M2VlYjExZTE=,183,Faire en sorte que l'évasion fiscal des géant de l'industrie cesse pour de bon,Les géants de l'industrie évitent le paiement de leurs impôts || Il est essentiel d'éradiquer la pratique de l'évasion fiscale chez les géants de l'industrie || Les gouvernements doivent prendre des mesures pour empêcher ces pratiques,0.7421154,3.0,78.0,234.0,2.0,3.0,3.0,1.0,1.0,0.26666666666666666,Oui,Oui,14,Très court (0-50),Llama 8B,,0.37288135593220334,0.30508474576271183,0.21627647714604237,0.0,0.21627647714604237
VXNlcjo4Y2I0ZjkzOS0xZTIwLTExZTktOTRkMi1mYTE2M2VlYjExZTE=,184,"Faire contribuer l'ensemble des français quelque soit leurs revenus, à l'IRPP.",Contribution de tous les Français à l'IRPP || Faire participer tout le monde à l'IRPP || Cette contribution permettrait une répartition plus équitable des richesses,0.6656283,3.0,78.0,164.0,2.0,3.0,3.0,1.0,0.0,0.26666666666666666,Oui,Non,11,Très court (0-50),Llama 8B,,0.3684210526315789,0.2105263157894737,0.24472532814778802,0.6042197374817696,0.0
VXNlcjoxMmRhMzVmNS0xZTIzLTExZTktOTRkMi1mYTE2M2VlYjExZTE=,194,"simplicité stabilité éviter les impositions cachées (modification de la grille des indemnités kilométriques, ...) tous les citoyens doivent contribuer pour se sentir concernés (revenir sur l'exonération de l'impôt sur le revenu) mettre en place une imposition IR minimum forfaitaire et symbolique pour que chacun participe aux biens communs",Simplicité stabilité éviter les impositions cachées || Tous les citoyens doivent contribuer pour se sentir concernés || Revenir sur l'exonération de l'impôt sur le revenu || Mettre en place une imposition IR minimum forfaitaire et symbolique || Note: I've reformulated the ideas to make them clearer and more concise. Let me know if you'd like me to change anything!,0.8447663,5.0,340.0,366.0,2.0,3.0,4.0,1.0,1.0,0.3,Oui,Oui,48,Très court (0-50),Llama 8B,,0.6610169491525425,0.6610169491525425,0.3088220041111582,0.0,0.3088220041111582
VXNlcjphNjUzZjIyYi0xZDkzLTExZTktOTRkMi1mYTE2M2VlYjExZTE=,195,prévoir une nouvelle tranche,Prévoir une nouvelle tranche || La tranchée actuelle est insuffisante pour répondre aux besoins || Nous devons anticiper et préparer la prochaine étape,0.6246422,3.0,28.0,151.0,3.0,4.0,7.0,1.0,0.0,0.4666666666666667,Oui,Non,4,Très court (0-50),Llama 8B,,0.33333333333333337,0.33333333333333337,0.2636012032660078,0.0,0.2636012032660078
VXNlcjphMWQ5ZTA4ZS0xZTIyLTExZTktOTRkMi1mYTE2M2VlYjExZTE=,201,Taux unique pour tous.,Un taux unique pour tous est considéré comme un objectif à atteindre || Tout le monde devrait être soumis au même taux d'imposition || Le système fiscal actuel est injuste et nécessite une réforme pour instaurer un taux unique pour tous,0.593189,3.0,22.0,236.0,4.0,3.0,3.0,1.0,0.0,0.33333333333333337,Oui,Non,4,Très court (0-50),Llama 8B,,0.16666666666666669,0.16666666666666669,0.1598531211750306,0.0,0.1598531211750306
VXNlcjpjMTU0NmYzMy0xZTI0LTExZTktOTRkMi1mYTE2M2VlYjExZTE=,206,"Ne pas rétablir l'ISF puisque c'est un impot sur des revenu ayant déjà été imposé ! La France était le dernier pays à l'avoir ... et cela bloque le développement des entreprises.  Donner aux français qui revendiquent que les actionnaires s'enrichissent à vue d'oeil et annuellement des actions détenu par l'Etat (renault, airbus, etc soit 81 entreprises pour 77,5 Md d'euros) au lieu de 100 euros ou autre; ils pourront (d'après certains) ainsi s'enrichir très rapidement et participer au financement des plus démunis. (ou auront une vision tout autre d'un actionnaire ...)",La France était le dernier pays à avoir l'ISF || L'ISF bloque le développement des entreprises || Donner aux français des actions détenu par l'Etat pour les enrichir || Ils pourront ainsi s'enrichir très rapidement et participer au financement des plus démunis,0.7844271,4.0,573.0,260.0,6.0,5.0,5.0,0.0,0.0,0.5333333333333333,Non,Non,92,Court (51-100),Llama 8B,,0.5882352941176471,0.5359477124183006,0.21471571906354514,0.0,0.21471571906354514
VXNlcjo3N2Y0NmJlMy0xZTIzLTExZTktOTRkMi1mYTE2M2VlYjExZTE=,208,Plus de tranches d'impots,Les impôts sont trop élevés et pèsent lourdement sur les ménages || La réduction des impôts permettrait une augmentation du pouvoir d'achat || Plus de tranches d'impôt pourraient être créées pour encourager la justice fiscale || Les entreprises sont déjà trop taxées et ne peuvent pas absorber plus de charges,0.53999436,4.0,25.0,309.0,0.0,1.0,1.0,1.0,0.0,0.06666666666666667,Oui,Non,4,Très court (0-50),Llama 8B,,0.125,0.125,0.08056195301704283,0.0,0.08056195301704283
VXNlcjphZTcyN2Y1Ni0xZTFlLTExZTktOTRkMi1mYTE2M2VlYjExZTE=,211,"- indexation des retraites sur le taux de l'inflation - assurer la progressivité de la CSG - augmenter le nombre de tranches de l'impôt sur le revenu - exonérer totalement les Français de la taxe d'habitation ou, à tout le moins, augmenter plafond du Revenu Fiscal de Référence pour une exonération totale de la taxe d'habitation - suppression des niches fiscales (bravo monsieur Darmanin) - impôt sur le revenu payé par tous",Indexer les retraites sur le taux de l'inflation || Assurer la progressivité de la CSG || Augmenter le nombre de tranches de l'impôt sur le revenu || Exonérer totalement les Français de la taxe d'habitation ou augmenter plafond du Revenu Fiscal de Référence pour une exonération totale || Supprimer les niches fiscales || Impôt sur le revenu payé par tous || Note: I've reformulated some of the sentences to make them clearer and more concise.,0.7751428,7.0,425.0,443.0,8.0,8.0,7.0,1.0,0.0,0.7666666666666667,Oui,Non,72,Court (51-100),Llama 8B,,0.7948717948717949,0.7948717948717949,0.6211580845521939,0.0,0.6211580845521939
VXNlcjo2NWZkNmRkMS0xOTY0LTExZTktOTRkMi1mYTE2M2VlYjExZTE=,215,"Rendre publics tous les algorithmes de calcul, des impôts comme des aides.","Rendre publics tous les algorithmes de calcul, des impôts comme des aides || Les algorithmes de calcul doivent être transparents pour éviter la corruption et la fraude || Tous les citoyens ont le droit de comprendre comment leur argent est utilisé || La transparence financière est essentielle pour restaurer la confiance dans l'État",0.7125236,4.0,74.0,333.0,3.0,3.0,6.0,1.0,0.0,0.4,Oui,Non,12,Très court (0-50),Llama 8B,,0.393939393939394,0.393939393939394,0.3114889434889435,0.0,0.3114889434889435
VXNlcjo3Yjk1MjAyMC0xZDc4LTExZTktOTRkMi1mYTE2M2VlYjExZTE=,220,"Créer deux nouvelles tranches : 1°) un impôt d'un montant forfaitaire pour les 53% de Français qui ne paient pas d'impôts sur le revenu alors qu'ils perçoivent une rémunération, d'un montant symbolique. 2°) Une nouvelle tranche pour les revenus dépassant par exemple 500.000 € qui remplacerait l'ISF qui ne servira à rien, sans que cette tranche soit dissuasive pour ceux qui gagnent beaucoup d'argent.",Créer un impôt forfaitaire pour les Français non-paysants || Ces 53% de Français ne paient pas d'impôts sur le revenu malgré leur rémunération || Il est proposé d'imposer ces individus avec un montant symbolique || Ce système permettrait une plus grande justice fiscale || Créer une nouvelle tranche pour les revenus supérieurs à 500.000 € || Cette nouvelle tranche remplacerait l'ISF qui ne servirait à rien || Cette nouvelle tranche ne devrait pas être dissuasive pour les personnes gagnant beaucoup d'argent,0.82421404,7.0,402.0,510.0,5.0,5.0,6.0,1.0,1.0,0.5333333333333333,Oui,Oui,64,Court (51-100),Llama 8B,,0.6341463414634148,0.5975609756097561,0.3282792665726375,0.0,0.3282792665726375
VXNlcjpkMmRjMTYyMy0xZDc1LTExZTktOTRkMi1mYTE2M2VlYjExZTE=,227,communiquer plus sur le rôle des impôts,"Les impôts sont une source de revenu important pour les gouvernements || Ils permettent aux gouvernements de financer des services publics et des infrastructures || Les impôts encouragent la justice sociale en redistribuant la richesse || Ils peuvent être un outil efficace pour réduire les inégalités économiques || Cependant, les impôts peuvent également être perçus comme une charge excessive par certains contribuables || Les gouvernements doivent trouver un équilibre entre la nécessité de collecter des impôts et le besoin de réduire la pression fiscale sur les citoyens",0.4767639,6.0,39.0,576.0,0.0,0.0,0.0,1.0,0.0,0.0,Oui,Non,7,Très court (0-50),Llama 8B,,0.11881188118811882,0.07920792079207921,0.04621951219512195,0.7630243902439025,0.0
VXNlcjplZmM1MTlhNS0xZTIxLTExZTktOTRkMi1mYTE2M2VlYjExZTE=,228,Mettre en place un système qui propulserait la création d'entreprise en appliquant un taux d'imposition et des charges en relation direct avec les bénéfices perçus. Trop de commerces de très petite taille se voient submergés d'impôts de tout type et doivent en premier lieu engraisser les caisses de l'état avant de pouvoir tirer quelconque bénéfice alors que les grands de la distribution ne payent que très peu ou pas du tout d'impôts dans les pays où ils opèrent.,Un système pour propulser la création d'entreprise || Trop de commerces de petite taille sont submergés par les impôts || Impôts en relation direct avec les bénéfices perçus || Les petits commerçants doivent d'abord engraisser les caisses de l'état || Les grands de la distribution ne payent pas ou peu d'impôts dans certains pays || Note: I've kept the original text's tone and wording as much as possible while extracting the main ideas.,0.80856776,6.0,466.0,439.0,3.0,3.0,4.0,1.0,0.0,0.33333333333333337,Oui,Non,78,Court (51-100),Llama 8B,,0.5888888888888888,0.4333333333333333,0.2243098234318603,0.6205521412545117,0.0
VXNlcjpmMDIwOTEwNC0xZTIzLTExZTktOTRkMi1mYTE2M2VlYjExZTE=,236,Créer une obligation d'équilibre des dépenses de Sécurité Sociale dans la loi et proposer un débat citoyen sur la réduction des dépenses et l'augmentation des charges.,Créer une obligation d'équilibre des dépenses de Sécurité Sociale dans la loi || Proposer un débat citoyen sur la réduction des dépenses et l'augmentation des charges || Note: The first idea is a statement that proposes creating an obligation to balance Social Security expenses in the law. It has a neutral semantic value because it's a factual proposal. || The second idea is a proposition that suggests holding a citizen debate on reducing expenses and increasing charges. It has a positive semantic value because it implies a democratic and participatory approach to addressing the issue.,0.74077684,4.0,167.0,592.0,2.0,3.0,3.0,1.0,0.0,0.26666666666666666,Oui,Non,26,Très court (0-50),Llama 8B,,0.48888888888888893,0.48888888888888893,0.22858190346611532,0.0,0.22858190346611532
VXNlcjpmZDdiYTUwNS0xZTIzLTExZTktOTRkMi1mYTE2M2VlYjExZTE=,250,"Une analyse pointue du coût de la vie par tranche d'âge, situation familiale, situation professionnelle, etc. ; analyse rendue publique et lisible.",Analyse pointue du coût de la vie || Tranche d'âge prise en compte pour l'analyse || Situations familiales et professionnelles étudiées || Coût de la vie rendu public et lisible || Note: The text is quite short and doesn't contain many specific ideas,0.7759737,5.0,147.0,250.0,3.0,3.0,5.0,1.0,0.0,0.36666666666666664,Oui,Non,22,Très court (0-50),Llama 8B,,0.5294117647058824,0.5,0.31668613532213136,0.546651091742295,0.0
VXNlcjplZTgwMjBkNS0xZTIxLTExZTktOTRkMi1mYTE2M2VlYjExZTE=,254,"1/ L’Etat français est une entreprise comme une autre. Il doit optimiser ses coûts de fonctionnement, notamment en :  - Mutualisant les dépenses courantes des ministères et en les centralisant sur un même lieu qui coûterait moins cher en loyers ; les anciens bâtiments ainsi libérés pourraient être le cœur de projet innovant : refuges pour les sans abris, lieux culturels, espaces coworking publics pour les auto-entrepreneurs ne pouvant payer un loyer et ayant des difficulté à travailler chez eux, labos de recherche publics, nouvelle université (histoire de désengorger les universités existantes)… - Réduisant les salaires et les avantages en nature des très hauts fonctionnaires. - Supprimant certains avantages des anciens présidents (logement de fonction, bureaux). Le salaire (revu un peu à la baisse) et la protection rapprochée sont justifiés au regard des très hautes responsabilités qu’un président a été amené à remplir ainsi que des secrets d’Etat qu’il a été amené à connaître. Une partie des économies ainsi réalisées doivent être réinjectées dans les territoires, car il est anticonstitutionnel que des Français paient des impôts sans bénéficier de certains services publics -  dont deux sont la base de notre Etat de droit ayant pour devise Liberté, Egalité, Fraternité – à savoir l’école et la santé.   2/ Supprimer la notion de foyer fiscal pour adopter un impôt individuel avec rattachement automatique des enfants sur le plus gros revenu pour un couple marié, au parent ayant la garde en cas de séparation, à l'un des deux parents après déclaration conjointe en cas de garde alternée. Si nous sommes tous citoyens, nous sommes tous citoyens devant l’impôt qui doit être calculé pour chaque personne et non par le prisme du foyer fiscal.  3/ Réduire la TVA sur les produits de première nécessite et du quotidien (alimentation, vêtements, frais divers pour les enfants...) tout en augmentant de façon nette les produits de luxe.   4/ Rendre l'impôt obligatoire pour tout le monde : 1 euro symbolique pour les personnes non-imposables.   5/ Intégrer les aides sociales dans le calcul de l’impôt et donner un malus sur ces aides aux personnes, âgées entre 25 et 45 ans, ne justifiant pas d’au moins 5 mois de travail sur 2 ans. Pourquoi cette tranche d’âge ? En-dessous de 25 ans, on est face à des jeunes qui se parfois se cherchent encore et qui doivent bénéficier d’une attention bienveillante de leur Mère-patrie. Passés 45 ans, certaines personnes, même désireuses de travailler, ne trouvent pas de travail. Elles ne peuvent pas avoir la double peine.  6/ Ne plus tergiverser avec nos partenaires européens sur le sujet de l’optimisation fiscale qui est favorisée par certains pays (Belgique, Luxembourg, Portugal...). Si elle est immorale, elle n'est en rien illégale. Il faut faire adopter au plus vite une loi visant à l'harmonisation de systèmes fiscaux européens afin que certains de pays de l'Union cessent de courtiser les contribuables français.","Les entreprises publiques doivent optimiser leurs coûts || L'État peut mutualiser les dépenses courantes des ministères pour réduire les coûts || Les anciens bâtiments libérés peuvent être utilisés pour des projets innovants || Les salaires et avantages en nature des très hauts fonctionnaires doivent être réduits || Les économies réalisées doivent être réinjectées dans les territoires || L'impôt doit être calculé pour chaque personne, pas par le prisme du foyer fiscal || La TVA doit être réduite sur les produits de première nécessité et augmentée sur les produits de luxe || L'impôt doit être obligatoire pour tout le monde, même symbolique pour les personnes non-imposables || Les aides sociales doivent être intégrées dans le calcul de l'impôt et donner un malus aux personnes âgées entre 25 et 45 ans ne justifiant pas d'au moins 5 mois de travail sur 2 ans || L'optimisation fiscale doit être harmonisée au niveau européen pour prévenir la fuite des capitaux || Note: The type of each idea is either ""statement"" (constat) or ""proposition"" (suggestion/recommendation/objectif). The syntax is either ""positive"" if the phrase does not contain an explicit negation or ""negative"" if it does. The semantic value is either ""positive""",0.684404,11.0,2977.0,1236.0,2.0,2.0,3.0,1.0,1.0,0.23333333333333334,Oui,Oui,477,Long (+200),Llama 8B,,0.42480211081794195,0.3562005277044855,0.15617680429076897,0.22831460674157303,0.0
VXNlcjo4NGRjZGY3Ni0xYTNkLTExZTktOTRkMi1mYTE2M2VlYjExZTE=,230,"baisser les taxes type TVA, fusionner impôt sur le revenu et CSG, et créer une ou plusieurs tranches supplémentaires afin que chacun contribue vraiment selon ses moyens (avec un impôt minimum en fonction du salaire et du capital, malgré les niches fiscales)",Réduire les taxes || Baisser la TVA || Fusionner impôt sur le revenu et CSG || Créer des tranches supplémentaires d'impôts || Tout le monde contribue vraiment selon ses moyens || Un impôt minimum en fonction du salaire et du capital || Même avec les niches fiscales,0.914612,7.0,257.0,265.0,6.0,7.0,6.0,0.0,1.0,0.6333333333333333,Non,Oui,42,Très court (0-50),Llama 8B,,0.7789473684210526,0.7368421052631581,0.4183908045977011,0.0,0.4183908045977011
VXNlcjpkZTljZTNlMi0xZDUxLTExZTktOTRkMi1mYTE2M2VlYjExZTE=,70,.,"[PARSE_FAIL] Colonnes manquantes: ['description', 'type', 'syntax', 'semantic']",0.03378854,1.0,1.0,79.0,0.0,0.0,0.0,,,0.0,,,1,Très court (0-50),Llama 8B,,0.0,0.0,0.0,0.0,0.0
VXNlcjoyZmRhMDQ3Yi0xZDc0LTExZTktOTRkMi1mYTE2M2VlYjExZTE=,256,Il n'est pas normal que l'ouvrier et celui qui gagne 10 ou 20 fois son salaire paient par exemple 90 euros pour une amende routière. Pour l'ouvrier l'impact est très important quand il est dérisoire pour le riche. Certains pays nordiques indexent le prix de l'amende sur les revenus. Une réforme dans ce sens est une question de justice.,Le système actuel est injuste car il pénalise plus sévèrement les personnes à faible revenu || L'impact d'une amende routière peut être très important pour un ouvrier || Il est injustifiable que l'ouvrier et le riche paient la même somme pour une amende routière || Les pays nordiques ont adopté un système plus juste en indexant le prix de l'amende sur les revenus,0.71289194,4.0,337.0,365.0,8.0,6.0,7.0,0.0,0.0,0.7,Non,Non,59,Court (51-100),Llama 8B,,0.5142857142857143,0.34285714285714286,0.21540898617511522,0.6276728110599079,0.0
VXNlcjpjNDY0ZjllMy0xZDk4LTExZTktOTRkMi1mYTE2M2VlYjExZTE=,3,Repartir les richesses.  suppression de la taxe d habitation pour tous les français et de la csg reindexé les retraites  . Ne plus diviser les français (les patrons ont besoin des plus modestes et vice versa. Les patrons ne réussisses que si les plus modestes sont aussi avec eux) . Les français ne veulent plus de l assistanat mais veulent vivre dignement de leur salaire,Il faut répartir les richesses || Il faut supprimer la taxe d'habitation pour tous les Français || Il faut supprimer la CSG || Il faut réindexer les retraites || Il ne faut plus diviser les Français || Les patrons et les plus modestes ont mutuellement besoin les uns des autres pour réussir || Les Français ne veulent plus de l'assistanat || Les Français veulent vivre dignement de leur salaire,0.92751884,,,,,,,0.0,0.0,0.9,Non,Non,65,Court (51-100),Gemini 3 Pro,9.0,0.6811594202898551,0.608695652173913,0.25948399426660296,0.0,0.25948399426660296
VXNlcjo3MDdkM2IzOC0xZDYxLTExZTktOTRkMi1mYTE2M2VlYjExZTE=,4,"Les droits soient automatiques, comme nos devoirs de payer les impots","Les droits doivent être automatiques, tout comme le devoir de payer les impôts",0.96475005,,,,,,,0.0,0.0,1.0,Non,Non,11,Très court (0-50),Gemini 3 Pro,10.0,0.64,0.64,0.5064935064935064,0.0,0.5064935064935064
VXNlcjoxZTNlOTExYi0xZTIwLTExZTktOTRkMi1mYTE2M2VlYjExZTE=,7,réduire drastiquement la fraude fiscale. Imposer les grands groupes (GAFA) qui ne le sont pas suffisamment  Renforcer la taxe sur les transactions  financières,Il faut réduire drastiquement la fraude fiscale || Il faut imposer les grands groupes (GAFA) qui ne le sont pas suffisamment || Il faut renforcer la taxe sur les transactions financières,0.97784805,,,,,,,0.0,0.0,1.0,Non,Non,23,Très court (0-50),Gemini 3 Pro,10.0,0.8928571428571428,0.8928571428571428,0.7072847682119205,0.0,0.7072847682119205
VXNlcjo1ODljMWRiMy0xZDVhLTExZTktOTRkMi1mYTE2M2VlYjExZTE=,8,diminuer le taux de prelevement pour les retraités percevant mins de 2550 euros,Diminuer le taux de prélèvement pour les retraités percevant moins de 2550 euros,0.9812434,,,,,,,0.0,0.0,1.0,Non,Non,13,Très court (0-50),Gemini 3 Pro,10.0,0.7999999999999999,0.7999999999999999,0.7874213836477988,0.0,0.7874213836477988
VXNlcjo0OTUzNmNmYy0xZTIwLTExZTktOTRkMi1mYTE2M2VlYjExZTE=,9,"TOUT FRANÇAIS DEVRA PAYER L’IMPÔT QU’IL SOIT DOMICILIÉ OU NON EN FRANCE LES FRANÇAIS NE VOULANT PLUS PAYER L’IMPOT EN FRANCE DEVRONT CHANGER DE NATIONALITÉ .  L’IMPOT DEVRA ETRE PROGRESSIF EGALEMENT POUR LES ARTISTES ET LES CHEFS D’ENTREPRISE LES SPORTIFS ETC , LA FISCALITÉ DEVRA ETRE FIXÉE DANS LES SIX MOIS APRES LA PRISE DE FONCTION DU NOUVEAU GOUVERNEMENT (CONSTITUTION)  TOUTES SOCIÉTÉ  ÉTRANGÈRES REALISANT DES AFFAIRES EN FRANCE DEVRONT PAYER UN IMPOT OUBIEN UNE TAXE SUR CHIFFRE D’AFFAIRE ( PLUS DE POSSIBILITE D’AVOIR DES SOCIETE COMME LES GAFA)  UNE NOUVELLE TVA A 30% DEVRA ETRE INSTALLE POUR LES PRODUITS DE LUXE  (VOITURE , BIJOUX , ARTS ETC)   PLAFONNEMENT DES SALAIRES DES HAUTS FONCTIONNAIRES NE POUVANT ETRE SUPERIEUR AU PRIVE (PDG) MOYENNE EUROPÉENNE   TRANSPARENCE TOTALE SUR LES SALAIRES DES ASSEMBLÉES ET DU GOUVERNEMENT ET DES HAUT FONCTIONNAIRES  MISE A PLAT DE TOUTES LES NICHES FISCALES  ( FIN DES ABATTEMENTS FISCAUX POUR LES JOURNALISTES )","Tout Français devra payer l'impôt qu'il soit domicilié ou non en France || Les Français ne voulant plus payer l'impôt en France devront changer de nationalité || L'impôt devra être progressif également pour les artistes, les chefs d'entreprise et les sportifs || La fiscalité devra être fixée constitutionnellement dans les six mois après la prise de fonction du nouveau gouvernement || Toutes les sociétés étrangères réalisant des affaires en France devront payer un impôt ou une taxe sur le chiffre d'affaires || Il ne doit plus être possible d'avoir des sociétés fonctionnant comme les GAFA || Une nouvelle TVA à 30% devra être installée pour les produits de luxe comme les voitures, les bijoux ou les arts || Le salaire des hauts fonctionnaires doit être plafonné, ne pouvant être supérieur à la moyenne européenne du secteur privé || Il faut une transparence totale sur les salaires des assemblées, du gouvernement et des hauts fonctionnaires || Il faut mettre à plat toutes les niches fiscales, incluant la fin des abattements pour les journalistes",0.94675994,,,,,,,0.0,0.0,0.9,Non,Non,153,Moyen (101-200),Gemini 3 Pro,9.0,0.7745664739884393,0.7630057803468209,0.35743377264512716,0.0,0.35743377264512716
VXNlcjplN2VmZDU1NS0xYTY5LTExZTktOTRkMi1mYTE2M2VlYjExZTE=,10,Rétablir l'ISF sans délai avec incorporation dans son assiette de tous les éléments de fortune (objets d'art inclus + yachts etc) sans aucune autre dérogation ni exception qu'une fraction (25%) de la résidence principale ET les sommes investies durablement (5 ans) dans une entreprise française pour une affectation en FRANCE,"Il faut rétablir l'ISF sans délai || L'assiette de l'impôt doit incorporer tous les éléments de fortune, y compris les objets d'art et les yachts || Il ne faut tolérer aucune autre dérogation ni exception || Une fraction de 25% de la résidence principale doit être exemptée || Les sommes investies durablement (5 ans) dans une entreprise française pour une affectation en France doivent être exemptées",0.8606014,,,,,,,0.0,1.0,0.4,Non,Oui,50,Très court (0-50),Gemini 3 Pro,4.0,0.7611940298507461,0.7313432835820897,0.5796990887899979,0.0,0.5796990887899979
VXNlcjo5MmY3ZTU5Yy0xZTE2LTExZTktOTRkMi1mYTE2M2VlYjExZTE=,12,ainsi une réelle égalité entre les citoyens serait réelle.,Une réelle égalité entre les citoyens serait effective,0.812305,,,,,,,0.0,0.0,1.0,Non,Non,9,Très court (0-50),Gemini 3 Pro,10.0,0.7999999999999999,0.7999999999999999,0.7642857142857142,0.0,0.7642857142857142
VXNlcjo4ZGU4OTA0OS0xZDYxLTExZTktOTRkMi1mYTE2M2VlYjExZTE=,14,"Les Impôts, Les Dépenses et l’action publique. La baisse des Impôts en général (Taxes, Contributions, Cotisations,  …) est une nécessité. Ceci peut se faire simplement en supprimant de nombreuses exemptions, niches, et subventions qui alimentent des organismes dont l’utilité n’a jamais été démontrée ou des rentes de situation (DOM-TOM par exemple)  •        Les « 35 heures » seront abolies, le temps de travail devant faire partie des négociations employeurs salariés dans les limites de la réglementation européenne. Les fonctionnaires devront s’aligner sur la moyenne des pays européens. •        Les aides aux entreprises associées au « 35 heures » seront également supprimées. •        Les relocalisations seront facilitées par une diminution des charges sur le travail compensée par une augmentation de la TVA (TVA ‘sociale’) et sans impact sur le pouvoir d’achat si l’on favorise les achats de produits ‘Made in France’. •        Annihiler le monopole de la CGT des dockers et autres activités dans les ports français en ouvrant à la concurrence. •        Annihiler le monopole de la CGT du Syndicat du Livre dans les métiers de la Presse. •        Faire supporter au budget de l’Etat le poids des Allocations familiales de façon à baisser les charges des entreprises. •        Mise en place du droit privé (CDI) pour la fonction publique, sauf les fonctions régaliennes qui conservent le statut ‘fonctionnaire’ (emploi garanti contre renoncement au droit de grève) •        Rémunération et avancement au mérite pour les fonctions publiques •        Gestion des ressources humaines centralisée pour les fonctions publiques pour dynamiser la mobilité inter-corps (fonction publique, Etat, Territoriale, Hôpital…) et les évolutions de carrière. •        La retraite par répartition sera unifiée et transformée en une retraite par points. •        Aligner les retraites des fonctionnaires et des salariés du Privé (ex : 6 mois  vs 25 ans…) •        La pénibilité sera reconnue par négociation dans l’entreprise pour l’acquisition de points additionnels. •        Lorsque le retraite par points sera mise en place, la date du départ à la retraite sera libre : le montant de la retraite sera alors calculé en fonction du nombre de points acquis et de l’espérance de vie (reste à vivre) par catégorie. •        Permettre à tous les salariés du Privé d’avoir une retraite par capitalisation (comme les fonctionnaires !) •        Le contrat de travail sera unifié Privé – Public, il sera unique un CDI (indéterminé ne veut pas dire permanent, le CDD est une forme de CDI !) •        Le statut de fonctionnaire n’impliquera pas une assurance d’un travail à vie (licenciement possible) •        Le budget de la France sera obligatoirement en équilibre (Constitution) ; seuls des évènements exceptionnels (guerre, catastrophe naturelle, …) approuvée par les 2/3 du Congrès pourront y déroger. •        On pourra emprunter pour des investissements à réaliser dans les infrastructures de transports, d’énergies non-carbonées, la santé, le logement. (l’ Education et l’Armée sont des dépenses courantes). •        Les subventions en tous genres de l’Etat seront supprimées (Syndicats, associations diverses…) ; en effet, il appartient aux adhérents de subvenir aux besoins des associations. •        L’ISF sur le capital : Il ne doit pas être rétabli, ce serait une erreur majeure. Sachons qu’un « riche » qui revient en France emploiera certainement plusieurs personnes et donc fera baisser le chômage, paiera des impôts….  •        L’ISF Immobilière sera modifié (pour favoriser la construction de logements en enlevant de son assiette les sommes investies dans des programmes de logements sociaux). •        La taxe d’habitation : sera supprimée pour tous conformément à la décision du gouvernement et du Conseil Constitutionnel. •        Les Taxes sur les entreprises : devront être revues à la baisse pour s’aligner par exemple sur l’Allemagne : cotisation foncière des entreprises (CFE et les taxes additionnelles qui bénéficient aux établissements publics fonciers et aux organismes consulaires (CCI et CMA). la cotisation sur la valeur ajoutée des entreprises (CVAE) et la taxe additionnelle vient également s'ajouter pour financer les chambres de commerce et d'industrie (CCI). Ces deux taxes – CFE et CVAE – constituent ensemble la contribution économique territoriale (CET). L’IFER se divise en neuf composantes dont l'énoncé ci-dessous illustre parfaitement le langage à la Prévert de l'administration française : - imposition sur les éoliennes et hydroliennes ; - imposition sur les installations de production d'électricité d'origine nucléaire ou thermique à flamme ; - imposition sur les centrales de production d'électricité d'origine photovoltaïque ou hydraulique ; - imposition sur les transformateurs électriques ; - imposition sur les stations radioélectriques ; - imposition sur les installations gazières et sur les canalisations de transport de gaz naturel, d'autres hydrocarbures et de produits chimiques ; - imposition sur le matériel ferroviaire roulant utilisé sur le réseau ferré national pour les opérations de transport de voyageurs ; - imposition sur certains matériels roulants utilisés sur les lignes de transport en commun de voyageurs en Île-de-France ; - imposition sur les répartiteurs principaux de la boucle locale cuivre et certains équipements de commutation téléphonique. La taxe sur les éoliennes maritimes, ainsi qu'une redevance proportionnelle sur l'énergie hydraulique. la taxe sur la consommation finale d'électricité, la redevance des mines, la taxe sur les surfaces commerciales (TASCOM).  La taxe sur les friches commerciales, la taxe sur les activités commerciales saisonnières non salariées, la taxe locale sur les enseignes et publicités extérieures (TLPE). Et les taxes diverses dont l’administration de Bercy a le secret : - impôt sur les spectacles, jeux et divertissements, - surtaxe sur les eaux minérales, - taxe sur les remontées mécaniques, - prélèvement progressif sur les produits des jeux dans les casinos, - taxe d'usage des abattoirs publics, - taxe sur les jeux de boules et de quilles comportant des dispositifs électromécaniques… et les taxes propres à l’Ile de France - la taxe pour la création de bureaux et commerce (TCB) - la taxe sur les bureaux (TSB), - la taxe sur les droits de mutation de locaux professionnels. ...  Pourquoi taxer d’un côté pour redonner ensuite de l’argent aux entreprises si ce n’est pour occuper un tas de fonctionnaires (combien par taxe ? et combien pour distribuer ?) éliminons ce jeu perdant puisque les frais de gestion grèvent les 2 processus !) •        Suppression d’une kyrielle d’agences gouvernementales dont l’utilité n’est pas démontrée le gouvernement devra faire le ménage parmi les 1244 agences de l'Etat et s'attaquer à ces comités inutiles, fantômes, dont les missions restent parfois énigmatiques. En voici quelques exemples. • Ces agences aux missions obscures Un certain nombre d'agences présentent des missions aux contours très flous. L'inspection générale des Finances avait notamment pris pour exemple l'Agence de développement de la culture Kanak et l'Agence bibliographique de l'enseignement supérieur. Mais la liste est beaucoup plus longue. Que fait exactement le Centre technique du livre de l'enseignement supérieur (CTLES) ? Et le Service Culture, éditions, ressources pour l'Éducation nationale (SCEREN) ? Les missions qui incombent à l'opérateur du patrimoine et des projets immobiliers de la culture restent également très opaques. • Ces comités fantômes À en croire une annexe du Projet de loi de finances 2014, certains comités, placés directement sous la houlette du gouvernement, siègent rarement, pour ne pas dire jamais. C'est notamment le cas du Comité national des secteurs d'activités d'importance vitale, qui est composé de 26 membres et qui n'avait aucune réunion à son agenda en 2012. Idem pour le Comité stratégique de la sécurité des systèmes d'information dont les coûts de fonctionnement s'élèvent à 24.600 euros en 2012. « Mais ces comités sont composés de fonctionnaires et dépensent peu d’argent », nuance René Dosière, député apparenté PS et spécialiste de la gestion des dépenses publiques. • Ces agences jugées « inutiles » C'est ainsi que la Cour de comptes avait qualifié l'agence de financement des infrastructures de transport de France (AFITF) dans son rapport annuel en 2009. La juridiction financière avait alors écrit qu'il s'agissait d'« une agence de financement aux ambitions limitées, privée de ses moyens» et qu'elle était «désormais inutile». En conclusion, elle recommandait sa suppression en intégrant ses activités à la DGITM (La direction générale des Infrastructures des Transports et de la Mer). Toujours en exercice, cette agence a voté son budget 2014 en février 2014. Comme les années précédentes, l'AFITF prévoit de dépenser 1,8 milliard d'euros sur l'année et affiche une dette de 108 millions d'euros. • Ces agences à la gestion douteuse La Sovafim est sûrement l'un des meilleurs exemples d'agences dont la gestion soulève de nombreuses questions. Chargé de vendre des terrains et des bâtiments de Réseaux ferrés de France depuis sa création en 2006, l'établissement a écoulé l'intégralité des 158 biens qui lui avaient été confiés. Pour compenser la baisse de ses revenus, la société a donc cherché à diversifier ses activités en louant des biens immobiliers ou en investissant dans la production d'énergie solaire ! Or, « cette mutation, nullement prévue lors de sa création, a été opérée dans un cadre juridique dépourvu de stabilité et de clarté », signale la Cour des comptes dans son dernier rapport. La juridiction financière relève également un équilibre économique « incertain » et rappelle que la Sovafim n'a pas reversé un seul centime à Bercy depuis 2008. Sa suppression permettrait de récupérer une trésorerie nette de 65 millions d'euros. Dans son dernier rapport, elle a jugé cette société publique inutile et susceptible de faire courir des risques financiers à l'Etat. L'inspection générale des Finances avait également pointé du doigt l'étrange fonctionnement de la Bibliothèque publique d'information du centre d'art contemporain Beaubourg, qui possède sa propre gestion et son propre financement, au lieu d'être tout simplement reliée au musée. • Le jeu des doublons Le secteur de la santé est le parfait exemple des doublons entre agences. L'Anap (Agence nationale d'appui à la performance des établissements de santé et médico-sociaux), la HAS (Haute autorité de santé) et l'Anesm (Agence nationale de l'évaluation et de la qualité des établissements et services sociaux et médico-sociaux) ont toutes les trois la même mission, faire des recommandations, mais rien ne semble les différencier vraiment les unes des autres. L'Inspection générale des finances avait d'ailleurs dénoncé une dispersion des efforts et un manque de lisibilité institutionnelle. Même constat dans le secteur de la formation où se côtoient le Conseil national de la formation de tout au long de la vie (CNFPTLV), le Conseil national de l'insertion par l'activité économique (CNIAE), le Centre pour le développement de l'information sur la formation permanente (Centre Inffo), l'Association pour la formation professionnelle des adultes (Afpa), l'Institut national du travail, de l'emploi et de la formation professionnelle et bien d'autres encore. Entre 2008 et 2012, l'ancien gouvernement n'a supprimé que 19 agences et en a regroupé près de 136. Une goutte d'eau au regard des 1244 entités dénombrées par l'Inspection générale des finances. Au total, l'Etat pourrait économiser près de 2 milliards d'euros en s'attaquant efficacement à cette nébuleuse de comités. *Une agence de l'Etat est une entité publique chargée de la réalisation d'une mission.   •        La réforme fiscale suivante engagée : o        L’ensemble des revenus seront pris en compte pour l’imposition quelle qu’en soit l’origine (salaire, émoluments, RMI, RSA, revenus du capital, revenus du patrimoine, allocations diverses – familiales, logements, rentes, …) o        Le barème des impôts fera que tous soient imposés au premier euro. o        L’ensemble des niches fiscales sera supprimé sauf :         Le quotient familial         Les charges d’emploi de personnels à domicile : en effet, l’employeur peut être considéré au même titre qu’une société et donc les salaires et charges sont totalement déductibles des revenus.         Les cotisations à une mutuelle d’assurance maladie (déjà acquis pour les salariés uniquement)         Les dons aux œuvres et associations reconnues d’utilité publique et Syndicats représentatifs (d’où la suppression des subventions directes de l’Etat)         La taxe d’habitation relative à la résidence principale (si elle n’est pas totalement supprimée)         Les incitations fiscales pour l’accession à la propriété de sa résidence principale.         Les investissements à caractère écologique (éolienne, panneaux solaires, géothermie,…) pour la résidence principale.         L’imposition sera faite par tranche y compris la première même si l’impôt de la première tranche est symbolique, il est important que chacun participe aux dépenses de l’Etat (un minimum de 120€ par an pour la première tranche serait acceptable). o        Des Mesures d’équité seront mises en œuvre pour les retraités :          suppression du 1% maladie sur les retraites complémentaires,         déductibilité (50%) fiscale des cotisations d’assurance complémentaire santé,          rétablissement des revalorisations CNAV en fonction de l’inflation réelle (1,8% en 2018 versus le scandaleux 0,3% pour 2019 et 2020)  Et j’imagine que je suis encore loin du compte sur les simplifications à mettre en œuvre à Bercy !! Il est clair que si tout cela était effectif, il y aurait en parallèle une baisse substantielle des agents de l’Etat car la gestion de tout ce qui précède est gourmand en ressources humaines.  Mais encore : Simplifier le droit du travail (prendre exemple sur le Code du travail de la Suisse !)","La baisse générale des impôts est une nécessité || Il faut supprimer les exemptions et subventions inutiles || Les ""35 heures"" seront abolies || Le temps de travail doit être négocié entre employeurs et salariés || Les fonctionnaires devront s'aligner sur la moyenne des pays européens || Les aides aux entreprises associées aux ""35 heures"" seront supprimées || Les relocalisations seront facilitées par une baisse des charges sur le travail et une hausse de la TVA || Les monopoles syndicaux dans les ports et la presse doivent être ouverts à la concurrence || Le budget de l'État doit supporter le coût des allocations familiales || Le statut de la fonction publique doit passer au droit privé sauf pour les fonctions régaliennes || La rémunération et l'avancement dans la fonction publique doivent être au mérite || La gestion des ressources humaines publique doit être centralisée || La retraite par répartition sera transformée en retraite par points unifiée || Les retraites des fonctionnaires et du privé doivent être alignées || La pénibilité sera reconnue par négociation dans l'entreprise || La date de départ à la retraite sera libre avec un calcul selon les points acquis || Les salariés du privé doivent pouvoir accéder à une retraite par capitalisation || Le contrat de travail doit être unifié en un seul CDI pour le privé et le public || Le statut de fonctionnaire ne doit plus garantir l'emploi à vie || Le budget de l'État doit obligatoirement être à l'équilibre || L'État ne pourra emprunter que pour des investissements d'avenir || Les subventions de l'État aux syndicats et associations seront supprimées || L'ISF sur le capital ne doit pas être rétabli || L'ISF immobilier sera modifié pour favoriser la construction || La taxe d'habitation sera supprimée pour tous || Les taxes sur les entreprises doivent être revues à la baisse || La multiplication des taxes spécifiques et des frais de gestion est un jeu perdant || Il faut supprimer les agences gouvernementales inutiles et les doublons || L'ensemble des revenus doit être pris en compte pour l'imposition || Le barème des impôts doit imposer tous les citoyens dès le premier euro || L'ensemble des niches fiscales sera supprimé sauf exceptions spécifiques || Des mesures d'équité fiscale seront mises en œuvre pour les retraités || Il faut simplifier le droit du travail sur le modèle suisse",0.8108014,,,,,,,0.0,0.0,1.0,Non,Non,2139,Long (+200),Gemini 3 Pro,10.0,0.25995655322230266,0.20854453294713976,0.08264614256917721,0.7338830859446582,0.0
VXNlcjphZTgzMjI3My0xYTI1LTExZTktOTRkMi1mYTE2M2VlYjExZTE=,15,"commencer par réduire les dépenses, tuer les coûts",Il faut commencer par réduire les dépenses et tuer les coûts,0.9507973,,,,,,,0.0,0.0,1.0,Non,Non,8,Très court (0-50),Gemini 3 Pro,10.0,0.88,0.88,0.8563636363636364,0.0,0.8563636363636364
VXNlcjo5MzI1NmZiOC0xZTE2LTExZTktOTRkMi1mYTE2M2VlYjExZTE=,16,Abandonner l'euro,Il faut abandonner l'euro,0.8691531,,,,,,,0.0,0.0,1.0,Non,Non,2,Très court (0-50),Gemini 3 Pro,10.0,0.7499999999999999,0.7499999999999999,0.7238095238095238,0.0,0.7238095238095238
VXNlcjpiOWQ1ZmNhYS0xZDU0LTExZTktOTRkMi1mYTE2M2VlYjExZTE=,20,Ajouter une tranche supplémentaire aux impôts sur le revenu pour que les plus riches soient enfin taxés plus que les tranches populaires et le sclasses moyennes trop touchées,Il faut ajouter une tranche supplémentaire aux impôts sur le revenu || Les plus riches doivent être taxés davantage que les tranches populaires || Les classes moyennes et les tranches populaires sont trop touchées par les impôts,0.9137422,,,,,,,0.0,0.0,1.0,Non,Non,28,Très court (0-50),Gemini 3 Pro,10.0,0.6944444444444444,0.6666666666666665,0.6854150301125949,0.0,0.6854150301125949
VXNlcjo4ZGI1YWI3ZS0xZDRmLTExZTktOTRkMi1mYTE2M2VlYjExZTE=,21,Donner plus pouvoir d'achat,Il faut donner plus de pouvoir d'achat,0.84880656,,,,,,,0.0,0.0,1.0,Non,Non,4,Très court (0-50),Gemini 3 Pro,10.0,0.7692307692307693,0.7692307692307693,0.7823076923076924,0.0,0.7823076923076924
VXNlcjpiNGRkNjhkMi0xZTFmLTExZTktOTRkMi1mYTE2M2VlYjExZTE=,24,créer 2 tranches supplémentaires d'imposition  première  de 25000 à 50000 à 20% deuxième de 50001 à 75000 à 30% troizième de 750001 100000 à 35% quatrième de 100001 à 150000 42%,Il faut créer des tranches d'imposition supplémentaires avec des taux progressifs de 20% à 42% pour les revenus compris entre 25 000 et 150 000.,0.68304586,,,,,,,0.0,0.0,0.8,Non,Non,31,Très court (0-50),Gemini 3 Pro,8.0,0.3389830508474576,0.2711864406779661,0.23291536050156741,0.0,0.23291536050156741
VXNlcjpiOWQ1ZmNhYS0xZDU0LTExZTktOTRkMi1mYTE2M2VlYjExZTE=,26,Ajouter une tranche supplémentaire aux impôts sur le revenu pour que les plus riches soient enfin taxés plus que les tranches populaires et les classes moyennes trop touchées,Il faut ajouter une tranche supplémentaire aux impôts sur le revenu || Les plus riches doivent être taxés plus que les tranches populaires et les classes moyennes || Les tranches populaires et les classes moyennes sont trop touchées par les impôts,0.9403027,,,,,,,0.0,0.0,1.0,Non,Non,28,Très court (0-50),Gemini 3 Pro,10.0,0.7368421052631579,0.7368421052631579,0.7647617716920496,0.0,0.7647617716920496
VXNlcjpmZmMzYjk5NC0xZTIwLTExZTktOTRkMi1mYTE2M2VlYjExZTE=,27,Tout le monde devrait payer l’impôt sur le revenu. Diminuer celui-ci pour tous ceux qui sont dans les tranches 14% et 30%.,Tout le monde devrait payer l’impôt sur le revenu || Il faut diminuer l'impôt sur le revenu pour tous ceux qui sont dans les tranches 14% et 30%,0.93717563,,,,,,,0.0,0.0,1.0,Non,Non,22,Très court (0-50),Gemini 3 Pro,10.0,0.8214285714285714,0.8214285714285714,0.5020618556701031,0.0,0.5020618556701031
VXNlcjo5NmRhNzBkMS0xZTIwLTExZTktOTRkMi1mYTE2M2VlYjExZTE=,28,"La langue française est une des rares langues qui utilise deux mots « impôts et « taxes » , les deux constituant  la fiscalité de l’ensemble de ce que l’état prélèvent sur les richesses de la nation. L’évolution de la langue fait que   les deux mots sont souvent indifféremment bien que chacun ait  un sens précis : -impôt : on vous impose  de payer une somme, relative à un bien, un revenu      fixée par l’état  à laquelle vous ne pouvez pas échapper -taxe : somme prélevée sur l’usage d’un bien, la valeur ajoutée d’un produit ou la plus-value d’une transaction. Vous pouvez échapper en partie aux  taxes en orientant vos choix de consommation  ce qui n’est pas le cas de l’impôts.   L’ensemble(impôts plus taxes) est injecté dans les nombreux circuits d’utilisation  de l’argent  , pilotés et contrôlés par l’état et son équivalent dans les régions. Au cours du temps, le nombre sans cesse croissant des circuits d’utilisation de l’argent  « publique » , leur gestion centrale , locale, semi centrale et quasiment indépendamment  les uns des autres ont conduit à une utilisation confuse , inefficace  dont on sent que plus personne ne  la  maîtrise .   Le but de ce document est de montrer que l’on pourrait  tenter un autre mode de financement et gestion  des besoins de l’état (y compris régions) tout en réduisant les domaines que l’état central gère  La richesse d’un pays se mesure à son PIB qui est la valeur de  ce que produit un pays chaque année auquel il faut ajouter d’autres revenus tels que les revenus financiers comme les dividendes des groupes industriels français , les dividendes que les particuliers reçoivent de leurs investissements,..  Le PIB français est environ 2200 milliards , les autres revenus probablement # 100 milliards € .Cela veut dire que la France peut dépenser chaque année #  2300 milliards € pour manger, se chauffer , se soigner, investir dans des usines et infrastructures  ,produire  ce dont elle a besoin ….., et rembourser ses dettes comme le fait une famille. Pour ce faire , « l’argent » circule de mains en mains au travers de plusieurs circuits  tels que  les salaires publiques et privés ,redistributions diverses (frais médicaux, chômage, allocations,..),achats extérieurs pour produire (matières première, énergies,..). Aujourd’hui l’état central  et régional  gère plus de 55 % de ce que la France produit chaque année. Les circuits se sont tellement  complexifiés  que les gens en charge se perdent  dans les labyrinthes des flux et sont devenus un frein bloquant  l’utilisation de cet argent.  Quelle  soit leur couleur «  politique » , depuis l’époque des rois , chaque  entité prenant le pouvoir nous dit être plus capable  que le peuple pour gérer le développement du pays et  apporter un support aux populations  les plus fragiles.Ceci leur permet  de justifier  de gérer avec l’administration, 55 % de la richesse  pays et en fait  de détenir un pouvoir quasi-absolu (central et régional) Or le principe de toute économie est de faire circuler le plus rapidement possible  les produits et les biens. Au travers des échanges de chaque jour  et les choix d’achat  , décisions d’investissements  de chacun, se   forge  le développement de l’économie .Devant les incertitudes actuelles et le manque de  visibilité sur le futur de l’économie  plus de 450 milliards € dorment sur les comptes courants.  Si nous sommes réputés intelligents au moment des élections et capables de gérer notre quotidien pour le meilleur de notre famille, pourquoi ne sommes- nous pas capables de piloter directement le futur du pays nos choix quotidiens.   Le nouveau principe de gestion du développement du pays et de ses équilibres est de supprimer la totalité des impôts et de les remplacer un système intelligent de taxes sur les plus –values de toutes les transactions de quelques natures qu’elles soient, cela veut dire étendre le système de la TVAe .Il faut bien entendu  que ces taxes  orientent  les  décisions individuelles vers   ce qui paraît le mieux pour le futur  du pays et qu’elles permettent au plus démunis d’avoir une vie décente .A priori l’éventail de ces taxes devraient  aller de 0 % à 30 %  et communiquées chaque mois  de septembre pour l’année  suivante.Ceci deviendrait  l’élément  fondamental de la vie économique et  requiert de la part des politiques  d’avoir une vision claire  du futur du pays et du développement de l’économie. La nouvelle taxe sur les  carburants était en elle-même une bonne décision car outil pour orienter les conducteurs  vers des véhicules moins polluants. propre   (Malgré les 5 5 % de la richesse nationale gérés par l’état central aucun vrai challenge  des contribuables  , la France en est arrivée à avoir un système éducatif en faillite, des outils routier et ferroviaire défaillants, un système de santé en régression, une infrastructure  IT très en retard ,une production d’énergie  dans l’impasse ,…..)  L’argent des impôts non prélevé ne disparaît pas et la richesse du pays demeure intacte.Il est soit injecté par les gens , dans l’achat de biens consommables ou thésaurisé  sous forme d’investissement dans des biens immobiliers ou mobiliers et, subira les taxes sur les plus-values de transactions. ( Les risques que cet argent sorte du pays sans pouvoir être tracé sont maintenant faibles.) Le plus grand risque est l’inflation générée par une surconsommation qui peut être maîtrisée par une modulation des taxes.   On peut estimer que si cet argent est utilisé 5 à 6 fois dans une année , l’état recevra autant que ce qu’il prélève au aujourd’hui  au travers des impôts et multiples taxes.  Pour que l’argent circule il faut en même temps éliminer des freins comme les délais de paiement des factures qui bien que ramenés  à 45 jours fin de mois restent trop longs sans aucune justification ; 30 jours à la date d’émission de la facture devrait être un maximum. De même la rétention de l’argent par  les banques  ne se justifient plus :24 h pour libérer  l’argent venant d’une source extérieure est faisable.  Ce mode de financement de l’état apporte une première grande simplification : un seul type de collecte, la fin de taxes ou impôts ciblés pour financer un programme spécifique (cette façon de gérer a montré son inefficacité et sa lourdeur ). A l’état central et régional  d’affecter les sommes nécessaires aux différents ministères  et organismes.  En même temps, il faut supprimer des  taxes stupides comme les taxes sur les investissements productifs   ou les salaires ,…… qui punissent celui qui créé une activité .     Avec ce nouveau système de financement l’état central et régional aurait deux sources d’argent : -les taxes sur les plus-values des transactions  -les emprunts auprès des français. Le recourt aux emprunts auprès des banque internationales devrait être une exception et ne pouvoir  être décidé que par le  1 er ministre.  Emprunter auprès des français fut une pratique courante puis a disparu au profit  des emprunts auprès des banques mondiales qui ne requièrent pas d’avoir  l’adhésion du peuple sur la politique économique et les projets qui seront financés par ces emprunts.Des grands pays comme le Japon , l’Italie aie et d’autres ,recourent systématiquement à cette formule sous des formes diverses. Elle réduit la pression vis-à-vis du système bancaire mondial et montre  une  adhésion du peuple  au système économique. Bien entendu ces emprunts serviront  des intérêts et devront être remboursés(comme les emprunts actuels) Rp :Si des banques US prêtent de l’argent  à la France et ont donc une bonne confiance dans le futur de l’économie française, pourquoi le peuple n’y aurait pas confiance.Il s’agirait là d’un moyen pour les dirigeants  de renouer une partie du lien avec le peuple. Ces emprunts pourraient prendre plusieurs  formes  comme des « assurances vies »   de l’état  servant  de compléments de ressources  après des  durées de détention à définir.Ceci ne gênerait  pas les fonds d’épargnes  privés qui  pourront toujours promettre des rendements supérieurs.  Supprimer tout d’un coup l’ensemble des impôts est bien en entendu impossible.La façon de procéder serait de   tester le principe progressivement en supprimant la CSG pendant  2 ans  ou réduire le niveau d’imposition sur le revenu de 20 % pendant  XX années permettrait et commencer la modulation de la TVA sur toutes les transactions et de mesurer  de mesurer la sensibilité  sur l’économie.Puis  à la lumière des résultats comprendre s’il est possible d’aller plus loin.","L'impôt est une somme fixée par l'État à laquelle on ne peut pas échapper. || La taxe est une somme prélevée sur l'usage d'un bien que l'on peut éviter en orientant ses choix. || La gestion de l'argent public est devenue confuse et inefficace car personne ne la maîtrise plus. || L'État central et régional gère plus de 55 % de la richesse produite chaque année par la France. || La complexité des circuits financiers est devenue un frein bloquant l'utilisation de l'argent. || Les citoyens devraient être capables de piloter directement le futur du pays par leurs choix quotidiens. || Il faut supprimer la totalité des impôts pour les remplacer par un système de taxes sur les plus-values de toutes les transactions. || Malgré les ressources gérées par l'État, le système éducatif et les infrastructures sont défaillants. || Les délais de paiement des factures ne doivent pas dépasser 30 jours pour faciliter la circulation de l'argent. || Les banques ne doivent plus retenir l'argent au-delà de 24 heures. || Il faut supprimer les taxes sur les investissements productifs et les salaires qui punissent la création d'activité. || L'État doit se financer principalement par les taxes sur les transactions et les emprunts auprès des Français. || Le recours aux emprunts auprès des banques internationales ne devrait être qu'une exception. || La réforme doit être testée progressivement en réduisant d'abord l'imposition sur le revenu ou la CSG.",0.7842575,,,,,,,0.0,0.0,0.9,Non,Non,1373,Long (+200),Gemini 3 Pro,9.0,0.27161862527716185,0.20177383592017742,0.29377614851264017,0.2661860244078786,0.027590124104761582
VXNlcjo0NzI4YmQyMi0xZDY0LTExZTktOTRkMi1mYTE2M2VlYjExZTE=,29,"Aujourd'hui, les modes de contraception sont disponibles et bien répandus dans notre pays. Avoir une famille nombreuse est un choix. Certaines familles, ont de multiples enfants afin d'avoir des revenus conséquents des allocations familiales. Cette attitude a prit le nom dans les Antilles « de l'argent braguette ». L'enfant né d'une famille nombreuse et beaucoup moins entourée, beaucoup moins aidé cas beaucoup moins de chance de réaliser des études. Il est remis « au bon soins de la société française ». Je propose de ne pas augmenter les allocations familiales à partir du quatrième enfant.","Les modes de contraception sont disponibles et bien répandus dans le pays || Avoir une famille nombreuse est un choix || Certaines familles font de multiples enfants pour obtenir des revenus conséquents, une attitude surnommée ""argent braguette"" || Les enfants de familles nombreuses sont moins entourés et ont moins de chances de faire des études || Les enfants de familles nombreuses finissent souvent par être à la charge de la société || Il ne faut pas augmenter les allocations familiales à partir du quatrième enfant",0.9152534,,,,,,,0.0,0.0,1.0,Non,Non,95,Court (51-100),Gemini 3 Pro,10.0,0.7096774193548386,0.6129032258064516,0.25281865519583424,0.5977450758433326,0.0
VXNlcjpmZWE3ODgwOS0xZDhlLTExZTktOTRkMi1mYTE2M2VlYjExZTE=,30,Impôts pour toutes les catégories sociales idem revenus modestes ???,"Il faut que les impôts s'appliquent à toutes les catégories sociales, au même titre que les revenus modestes",0.94053215,,,,,,,0.0,0.0,1.0,Non,Non,10,Très court (0-50),Gemini 3 Pro,10.0,0.5625,0.5625,0.5954545454545455,0.0,0.5954545454545455
VXNlcjo1ZGQ2N2VhYS0xOTkwLTExZTktOTRkMi1mYTE2M2VlYjExZTE=,31,la simplifier et aligner public privé et indépendant,"Il faut simplifier le dispositif || Il faut aligner les régimes du public, du privé et des indépendants",0.5493299,,,,,,,0.0,0.0,0.7,Non,Non,8,Très court (0-50),Gemini 3 Pro,7.0,0.5,0.5,0.5350537634408603,0.0,0.5350537634408603
VXNlcjoxNDMyZDdlMy0xZTIwLTExZTktOTRkMi1mYTE2M2VlYjExZTE=,33,"Arrêter de taxer les indépendants, les petites entreprises et PME aux mêmes taux que les multinationales. Mettre en place un impôt sur les sociétés cohérents avec celui des autres pays de l'UE (pas normal que la france ait le taux le plus élevé), pour inciter à la création d'entreprise au lieu de ""racketter les petites entreprises"". Nous payons des impôts sur le CA, des cotisations quand nous prenons du salaire et après sur l'impôt sur le revenu, quelle honte! Arrêter de matraquer les classes moyennes.","Il faut arrêter de taxer les indépendants et les PME aux mêmes taux que les multinationales || Il faut mettre en place un impôt sur les sociétés cohérent avec celui des autres pays de l'UE || Il n'est pas normal que la France ait le taux d'impôt sur les sociétés le plus élevé || La fiscalité doit inciter à la création d'entreprise au lieu de ""racketter"" les petites entreprises || L'accumulation des impôts sur le CA, des cotisations et de l'impôt sur le revenu est une honte || Il faut arrêter de matraquer les classes moyennes",0.90135336,,,,,,,0.0,0.0,0.7,Non,Non,85,Court (51-100),Gemini 3 Pro,7.0,0.8325358851674641,0.8038277511961722,0.33312879671105106,0.0,0.33312879671105106
VXNlcjpjYzM3NjY4My0xZTFlLTExZTktOTRkMi1mYTE2M2VlYjExZTE=,36,redistribution de l'impôts équtablement;,Il faut redistribuer les impôts équitablement,0.64781785,,,,,,,0.0,0.0,0.8,Non,Non,4,Très court (0-50),Gemini 3 Pro,8.0,0.30769230769230765,0.30769230769230765,0.3011764705882353,0.0,0.3011764705882353
VXNlcjpmMmZkNWNjZC0xYWY3LTExZTktOTRkMi1mYTE2M2VlYjExZTE=,38,"Remonter le plafond de déduction de la demi-part pour l'IR de 1500 à 2000 euros Augmenter le plafond pour le crédit d’impôts pour frais de garde des jeunes enfants (de 2 300 à 3 000 euros ) Pour la tranche  27 520 € à 73 779 € aujourd""hui imposée au taux de 30% la scinder en deux, par exemple de 27 500 à 45 000 avec un taux d'imposition de l'ordre de 20 ou 25 % afin de rendre l'IR plus juste et plus progressif",Le plafond de déduction de la demi-part pour l'impôt sur le revenu doit être remonté de 1500 à 2000 euros || Le plafond pour le crédit d'impôt pour frais de garde des jeunes enfants doit être augmenté de 2 300 à 3 000 euros || Il faut scinder la tranche de revenus actuellement imposée à 30 % en deux parties avec un taux réduit pour la partie inférieure afin de rendre l'impôt plus juste,0.87050796,,,,,,,0.0,0.0,1.0,Non,Non,85,Court (51-100),Gemini 3 Pro,10.0,0.6904761904761905,0.6190476190476191,0.489,0.0,0.489
VXNlcjpmZGEwZTUzZS0xZTFlLTExZTktOTRkMi1mYTE2M2VlYjExZTE=,39,"La production en France est beaucoup plus taxée que dans les autres pays. Cela crée une concurrence déloyale. La taxation doit être faite sur la consommation et non sur la production. Vous achetez un téléviseur. Vous ne financez pas les retraites car non fabriquées en Europe. Par ailleurs les aides sociales sont une mutualisation des risques et comme pour une assurance il y a des régles a respecter. Les aides doivent servir a sortir la tête de l eau a pouvoir faire face a un accident de la vie mais en aucun cas  a entretenir chichement tout une population très au fait de leurs droits, et pas spécialement de leurs devoirs. Le travail et le retour au travail doit être le cœur de la création de valeur",La production est beaucoup plus taxée en France que dans les autres pays || Cette différence de taxation crée une concurrence déloyale || La taxation doit être faite sur la consommation et non sur la production || L'achat de produits non fabriqués en Europe ne finance pas les retraites || Les aides sociales fonctionnent comme une assurance avec des règles à respecter || Les aides doivent servir à faire face aux accidents de la vie || Les aides ne doivent pas entretenir une population qui connaît ses droits mais pas ses devoirs || Le travail et le retour à l'emploi doivent être le cœur de la création de valeur,0.8959916,,,,,,,0.0,1.0,0.7,Non,Oui,127,Moyen (101-200),Gemini 3 Pro,7.0,0.7148594377510039,0.6184738955823293,0.16541760126665786,0.6676659189866738,0.0
VXNlcjozOWQwNzJjNC0xZDEwLTExZTktOTRkMi1mYTE2M2VlYjExZTE=,40,"Plus de tranches de taxation au niveau de l'impôt. Remettre l'ISF qui rapporterait 3 milliards. Réduire la TVA sur les produits de première nécessité (alimentaire et autres) et l'augmenter sur les produits de luxe, les actions en bourse.",Il faut augmenter le nombre de tranches de taxation au niveau de l'impôt || Il faut rétablir l'ISF || Il faut réduire la TVA sur les produits de première nécessité || Il faut augmenter la TVA sur les produits de luxe et les actions en bourse,0.86774963,,,,,,,0.0,0.0,1.0,Non,Non,38,Très court (0-50),Gemini 3 Pro,10.0,0.7368421052631577,0.7157894736842104,0.48293193717277483,0.0,0.48293193717277483
VXNlcjoyMTVjYzkwMi0xZTFmLTExZTktOTRkMi1mYTE2M2VlYjExZTE=,41,Arrêter de se référer au revenu fiscal d'un couple pour calculer le taux de CSG applicable sur une petite pension. Faut-il divorcer pour obtenir un calcul plus équitable?,Il faut arrêter de se référer au revenu fiscal d'un couple pour calculer le taux de CSG applicable sur une petite pension || Il ne faut pas avoir à divorcer pour obtenir un calcul plus équitable,0.98946285,,,,,,,0.0,0.0,0.9,Non,Non,28,Très court (0-50),Gemini 3 Pro,9.0,0.9295774647887324,0.9014084507042254,0.6724538619275461,0.2620369104579631,0.41041695146958296
VXNlcjo0YjJjOTczYy0xZDZhLTExZTktOTRkMi1mYTE2M2VlYjExZTE=,42,payer l'impôt  dès le premier euro touché,[PARSE_FAIL] Server disconnected without sending a response.,0.045957863,,,,,,,0.0,0.0,0.0,Non,Non,7,Très court (0-50),Gemini 3 Pro,0.0,0.0,0.0,0.08800000000000001,0.0,0.08800000000000001
VXNlcjozZDZhODAyOC0xZTIwLTExZTktOTRkMi1mYTE2M2VlYjExZTE=,43,plus de tranches d'imposition,Il faut augmenter le nombre de tranches d'imposition,0.78862834,,,,,,,0.0,0.0,1.0,Non,Non,4,Très court (0-50),Gemini 3 Pro,10.0,0.5714285714285714,0.5714285714285714,0.5066666666666666,0.3946666666666667,0.11199999999999988
VXNlcjplN2VmZDU1NS0xYTY5LTExZTktOTRkMi1mYTE2M2VlYjExZTE=,44,"la collectivité doit assurer la possibilité pour chacun de maintenir son train de vie pour garantir ses besoins primaires (nourriture + logement + déplacements domicile-travail) Dans ce cadre les augmentations de salaires, de retraites, d'allocations doivent se faire en €uros et pas en pourcentages. Par exemple pour 2019 une augmentation de 100 euros mensuel tant pour celui qui gagne 1 SMIC que pour celui qui gagne 5 SMIC. En effet avec le système actuel en pourcentage les + forts revenus sont toujours les + avantagés alors que leurs besoins primaires sont les mêmes que ceux qui ont des bas revenus. En période de difficultés économiques, il faut envisager qu'il n'y ait aucune augmentation pour ceux qui gagnent + de 3 SMIC","La collectivité doit assurer la possibilité pour chacun de maintenir son train de vie pour garantir ses besoins primaires. || Les augmentations de salaires, de retraites et d'allocations doivent se faire en euros et pas en pourcentages. || Le système actuel en pourcentage avantage les plus forts revenus alors que leurs besoins primaires sont les mêmes que ceux des bas revenus. || En période de difficultés économiques, il faut envisager qu'il n'y ait aucune augmentation pour ceux qui gagnent plus de 3 SMIC.",0.91419864,,,,,,,0.0,0.0,1.0,Non,Non,121,Moyen (101-200),Gemini 3 Pro,10.0,0.7887323943661971,0.7699530516431926,0.6428753523323103,0.15717266437479488,0.4857026879575154
VXNlcjpmMDM3OTY0Yi0xZTE4LTExZTktOTRkMi1mYTE2M2VlYjExZTE=,45,"Les riches doivent payer des impôts, ainsi que les pauvres devrait payer aussi des impôts pour que tout le monde soit égaux et participer aux dépenses publiques responsabiliser tout le monde",Les riches doivent payer des impôts || Les pauvres devraient aussi payer des impôts || Tout le monde doit être égal || Tout le monde doit participer aux dépenses publiques || Il faut responsabiliser tout le monde,0.94202894,,,,,,,0.0,0.0,0.9,Non,Non,31,Très court (0-50),Gemini 3 Pro,9.0,0.7428571428571428,0.7142857142857144,0.6843781094527364,0.0,0.6843781094527364
VXNlcjo2ZjEzZWZhYS0xZDU1LTExZTktOTRkMi1mYTE2M2VlYjExZTE=,46,L'impôt sur le revenu payé par tous les contribuables y compris les exilés fiscaux. l'exemple des états unis ou les contribuables délocalisés payent un différentiel au trésor public américain;.,"L'impôt sur le revenu doit être payé par tous les contribuables, y compris les exilés fiscaux || Aux États-Unis, les contribuables délocalisés paient un différentiel d'impôt au trésor public",0.9020386,,,,,,,0.0,0.0,1.0,Non,Non,29,Très court (0-50),Gemini 3 Pro,10.0,0.8157894736842104,0.8157894736842104,0.5226459814695109,0.0,0.5226459814695109
VXNlcjpjMTM1OTZkOC0xZTFmLTExZTktOTRkMi1mYTE2M2VlYjExZTE=,47,que les plus riches soient taxés en fonction de leurs revenus réels.  Que les expatriés francais ne puissent plus bénéficier du systeme de santé francais gratuitement s'ils sont fiscalement domiciliés hors de France.,Les plus riches doivent être taxés en fonction de leurs revenus réels || Les expatriés français ne doivent plus bénéficier du système de santé français gratuitement s'ils sont fiscalement domiciliés hors de France,0.968794,,,,,,,0.0,0.0,1.0,Non,Non,33,Très court (0-50),Gemini 3 Pro,10.0,0.8048780487804876,0.8048780487804876,0.5730640668523677,0.0,0.5730640668523677
VXNlcjozNjVjZjIzZC0xZTIxLTExZTktOTRkMi1mYTE2M2VlYjExZTE=,48,simplification du système et des aides,Il faut simplifier le système et les aides,0.7966979,,,,,,,0.0,0.0,1.0,Non,Non,6,Très court (0-50),Gemini 3 Pro,10.0,0.5,0.5,0.53,0.0,0.53
VXNlcjplZmZmMzg4Mi0xY2I2LTExZTktOTRkMi1mYTE2M2VlYjExZTE=,50,Supprimer les tranches d'imposition et instaurer un impôt proportionnel Remettre l'ISF sur les plus hauts revenus Supprimer l'augmentation de la CSG pour l'ensemble des retraités,Supprimer les tranches d'imposition et instaurer un impôt proportionnel || Remettre l'ISF sur les plus hauts revenus || Supprimer l'augmentation de la CSG pour l'ensemble des retraités,0.98038185,,,,,,,0.0,0.0,1.0,Non,Non,25,Très court (0-50),Gemini 3 Pro,10.0,1.0,1.0,0.9933701657458563,0.0,0.9933701657458563
VXNlcjo5ZjYxN2MyYS0xOWM5LTExZTktOTRkMi1mYTE2M2VlYjExZTE=,52,Réintégrer dans l'impôt sur le revenu des revenus qui aujourd'hui n'y sont pas soumis. Créer en conséquences plus de tranches progressives d'impôt.,Réintégrer dans l'impôt sur le revenu des revenus qui aujourd'hui n'y sont pas soumis || Créer en conséquences plus de tranches progressives d'impôt,0.9602426,,,,,,,0.0,1.0,0.7,Non,Oui,22,Très court (0-50),Gemini 3 Pro,7.0,1.0,1.0,0.6598290598290599,0.0,0.6598290598290599
VXNlcjo3M2YxN2NlZS0xZDRiLTExZTktOTRkMi1mYTE2M2VlYjExZTE=,53,"Taxer les entreprise hyper rentable (Total, BNP, Sanofi, AXA, LVMH, L'Oréal ...)","Taxer les entreprises hyper rentables (Total, BNP, Sanofi, AXA, LVMH, L'Oréal...)",0.99434304,,,,,,,0.0,0.0,0.8,Non,Non,12,Très court (0-50),Gemini 3 Pro,8.0,1.0,1.0,0.7925465838509316,0.0,0.7925465838509316
VXNlcjoyYTExNzJkMC0xOWQwLTExZTktOTRkMi1mYTE2M2VlYjExZTE=,55,Supprimer la CSG,Il faut supprimer la CSG,0.71773136,,,,,,,0.0,0.0,1.0,Non,Non,3,Très court (0-50),Gemini 3 Pro,10.0,0.7499999999999999,0.7499999999999999,0.72,0.0,0.72
VXNlcjo1ZjAyNjVmZS0xZTIwLTExZTktOTRkMi1mYTE2M2VlYjExZTE=,56,arrêter de faire de la défiscalisation .celle- ci sert les intérêts des plus fortunés. remettre ISF,Il faut arrêter de faire de la défiscalisation || La défiscalisation sert les intérêts des plus fortunés || Il faut remettre l'ISF,0.92047,,,,,,,0.0,0.0,1.0,Non,Non,16,Très court (0-50),Gemini 3 Pro,10.0,0.7916666666666667,0.7916666666666667,0.6451851851851851,0.0,0.6451851851851851
VXNlcjo3ZTY3N2NjOS0xZTIxLTExZTktOTRkMi1mYTE2M2VlYjExZTE=,57,"En finir avec la redistribution de l'impôt de tous pour financer la rémunération des 4 clergés en Alsace et Moselle et celle des enseignants de religion dans ces 3 départements, loin d'être les plus défavorisés de France. L'usage de l'impôt public doit respecter les principes de la RF : une et indivisible,, égalité et laïcité. Ces 3 départements par référendums locaux peuvent décider de financer par eux mêmes leurs clergés (Islam en étant exclu) leurs enseignants, sans rogner sur les deniers publics nationaux.","Il faut en finir avec la redistribution de l'impôt national pour financer les clergés et enseignants de religion en Alsace et Moselle || L'Alsace et la Moselle sont loin d'être les départements les plus défavorisés de France || L'usage de l'impôt public doit respecter les principes républicains d'unité, d'égalité et de laïcité || Ces départements peuvent décider de financer eux-mêmes leurs clergés et enseignants par référendums locaux || L'Islam doit être exclu du financement local des clergés || Le financement local des clergés ne doit pas rogner sur les deniers publics nationaux",0.9138732,,,,,,,1.0,0.0,0.4,Oui,Non,83,Court (51-100),Gemini 3 Pro,4.0,0.7699530516431925,0.6103286384976526,0.35522729323986885,0.0,0.35522729323986885
VXNlcjpkMzFkYzQ5Ni0xZDUwLTExZTktOTRkMi1mYTE2M2VlYjExZTE=,58,"""Combien coûte la retraite des fonctionnaires français ? 37 300 000 000 euros par an de retraites pour la fonction publique Chaque seconde le budget de l'Etat dépense 1182 euros pour payer la retraite des fonctionnaires, soit 37,3 milliards d'euros de retraites par an. Les fonctionnaires ne cotisent et ne couvrent qu'un quart de cette somme. Le régime des fonctionnaires est plus avantageux que celui du privé dans son mode de calcul: 6 derniers mois pris en compte, par opposition aux 25 meilleures années dans le privé. Réversion en cas de veuvage sans conditions de ressources, etc. En 2010, pour payer les retraites de ses fonctionnaires, l'Etat a versé 28 milliards d'euros, soit, comme employeur, un taux de cotisation de 62,14%. 25% Les fonctionnaires ne cotisent et ne couvrent qu'un quart de la somme qu'ils reçoivent en retraites. Le reste est couvert par les cotisations du secteur privé...""  Trop de privilèges payés par le privé pour le statut de fonctionnaire qui ne se justifie que pour l'armée , la police et la justice . Tout le reste trouve le même ou meilleur service dans le privé , et à payer selon besoin plutôt que toute une vie .","L'État dépense 37,3 milliards d'euros par an pour les retraites de la fonction publique || Les fonctionnaires ne cotisent et ne couvrent qu'un quart du montant de leurs retraites || Le régime de retraite des fonctionnaires est plus avantageux que celui du secteur privé || Le secteur privé finance le reste du coût des retraites des fonctionnaires || Le statut de fonctionnaire ne se justifie que pour l'armée, la police et la justice || Le secteur privé offre un meilleur service payable selon le besoin pour les autres fonctions",0.7342561,,,,,,,0.0,0.0,1.0,Non,Non,198,Moyen (101-200),Gemini 3 Pro,10.0,0.534201954397394,0.39087947882736157,0.2861900756938604,0.0,0.2861900756938604
VXNlcjowZDllYzIyMS0xOTUwLTExZTktOTRkMi1mYTE2M2VlYjExZTE=,59,"L’idée générale, est de laisser le libre choix à chaque contribuable de choisir comment doit être investit l’argent de ses impôts.  Cette proposition est une base de réflexion, qui présente à mon avis de nombreux avantages, le premier et non le moindre étant une plus grande démocratisation de notre société, une responsabilisation et le sentiment pour tout un chacun  d’être décisionnaire et utile. Dans une moindre mesure, une  réconciliation (légère)  des français envers les impôts et taxes diverses, et surtout, un juste contrepoids envers les technocrates décisionnaires de Bercy.    L’idée est de rajouter un feuillet à la déclaration de revenus avec les catégories ci-dessous (liste non exhaustive.) Culture.   Défense.  Santé.  Écologie.  Économie.  Enseignement.  Justice.  Agriculture.  Sécurité.   Jeunesse et sports.      Chaque contribuable attribuerait un pourcentage dans les catégories qu’il désire (avec un maximum de15% pour une catégorie, afin de lisser les résultats). Ces pourcentages correspondraient à la part de leur impôt sur le revenu qu’il souhaiterait allouer à telle ou telle catégorie.   Afin que les personnes non imposables soient également  prisent en compte, et parce que l’impôt sur le revenus, n est qu’une source de taxe  parmi d’autres,  il suffirait, une fois la totalité des déclarations recueillies, de faire une moyenne nationale sur les pourcentages.  Ces pourcentages seraient ensuite appliqués sur 80%  du montant des autres taxes, (Impôt sur les sociétés, Taxe intérieure de consommation sur les produits énergétiques, Taxe sur la valeur ajoutée), les 20% restant  servant de marge de manœuvre à l’exécutif.  De plus, avec cette méthode, l’état disposerait d’un bel outil analytique. Il serait possible de voire par exemple, les attentes des contribuables par  niveau de revenu, par situation géographique, etc  etc, qui permettrait de coller le mieux possible dans la redistribution.",Chaque contribuable doit avoir le libre choix de l'investissement de l'argent de ses impôts || Cette proposition permettrait une plus grande démocratisation et une responsabilisation des citoyens || Le système agirait comme un contrepoids face aux technocrates et réconcilierait les Français avec l'impôt || Il faut ajouter un feuillet à la déclaration de revenus listant des catégories comme la santé ou l'éducation || Chaque contribuable attribuerait un pourcentage de son impôt aux catégories souhaitées avec un plafond de 15% || Une moyenne nationale des choix permettrait d'inclure les personnes non imposables dans le processus || Les pourcentages définis s'appliqueraient à 80% des autres taxes en laissant 20% de marge à l'exécutif || Cette méthode fournirait à l'État un outil analytique pour mieux comprendre les attentes des contribuables,0.7665152,,,,,,,0.0,1.0,0.7,Non,Oui,284,Long (+200),Gemini 3 Pro,7.0,0.46153846153846156,0.3247863247863248,0.12436586299272867,0.7005073096058171,0.0
VXNlcjo1NTkzMDkyZC0xZDdkLTExZTktOTRkMi1mYTE2M2VlYjExZTE=,60,"Lutter contre la fraude fiscale, imposer les entreprises et dirigeants qui gagnent de l'argent en France, réduire les privilèges des parlementaires et hauts fonctionnaires...Indexer les retraites sur l'inflation.",Il faut lutter contre la fraude fiscale || Il faut imposer les entreprises et les dirigeants qui gagnent de l'argent en France || Il faut réduire les privilèges des parlementaires et des hauts fonctionnaires || Il faut indexer les retraites sur l'inflation,0.95682365,,,,,,,0.0,0.0,1.0,Non,Non,28,Très court (0-50),Gemini 3 Pro,10.0,0.868421052631579,0.868421052631579,0.8675663517768781,0.0,0.8675663517768781
VXNlcjo0NTM0Njg0Mi0xZTIxLTExZTktOTRkMi1mYTE2M2VlYjExZTE=,61,"Le train de vie de l’état doit être réduit drastiquement à la fois pour nos élus et pour la haute administration. Le Danemark peut servir de référence en cette matière, toute raison gardée.. Ceci est valable pour la vie quotidienne des élus   mais aussi pour la haute administration pléthorique et budgétivore. Nos anciens présidents , nos anciens premiers ministres, nos anciens ministres de l’intérieur, tout comme nos anciens préfets ou autres grands commis de l’état n’ont aucune raison d’être remerciés à vie pour les missions accomplies durant leur passage aux affaires. Tout comme les  soldats, les gendarmes, les pompiers qui accomplissent leurs missions, ils font leur job , c’est tout. La haute administration doit être limitée à quelques fonctions indispensables à la bonne marche du pays et les comités bidule supprimés car ils sont trop souvent créés ou maintenus pour seulement accueillir les ex . Les ‘re-casages ‘dans les Autorités  Administratives  Indépendantes ou dans les établissements publics à des niveaux de rémunération indus démontrent que le système s’auto-alimente, au détriment de l’efficacité et de la rigueur budgétaire Toute rémunération dans la Haute Fonction Publique devrait être limitée au niveau de celle du Président. de la Republique. On met toujours en avant la différence de salaire entre les fonctionnaires et les cadres supérieurs des entreprises. Il ne faut pas oublier que les premiers ont la garantie de l’emploi  à vie et que tous , en fonction de leur éthique sont disponibles 24h sur 24. Et que dire des privilèges des voitures de fonction, des appartements hausmaniens , des billets gratuits ? Ceci mériterait une nouvelle nuit du 4 aout.  En 2012 selon Challenges 656 hauts fonctionnaires dont 232 cadres de Bercy gagnaient plus que le Président, est-ce normal ? Echelle des salaires :Dans le privé, comme dans le public  l’échelle des salaires -tout inclus- doit être graduellement revue avec des objectifs dans le temps. Il est indispensable que cela soit fait  en incorporant au salaire tous les avantages de la fonction et en les rendant imposables au prix du marché. Les privilèges d'un autre temps , sur la gratuité des transports , l'électricité a faible coût ,  etc , faites à certaines catégories professionnelles  sont à abolir .",Le train de vie de l'État doit être réduit drastiquement pour les élus et la haute administration || Le modèle du Danemark peut servir de référence pour réduire le train de vie de l'État || La haute administration est devenue pléthorique et budgétivore || Les anciens hauts responsables de l'État n'ont aucune raison de conserver des avantages à vie || La haute administration doit être limitée aux fonctions indispensables au pays || Les comités créés uniquement pour recaser les anciens élus doivent être supprimés || Le recasage dans les établissements publics alimente le système au détriment de l'efficacité budgétaire || La rémunération dans la Haute Fonction Publique devrait être limitée au niveau de celle du Président || Il ne faut pas oublier la garantie de l'emploi des fonctionnaires lors des comparaisons salariales avec le privé || Les privilèges tels que les voitures de fonction et les logements gratuits doivent être abolis || Le fait que des centaines de hauts fonctionnaires gagnent plus que le Président est remis en question || L'échelle des salaires dans le privé et le public doit être revue avec des objectifs temporels || Les avantages en nature doivent être intégrés au salaire et rendus imposables au prix du marché || Les avantages catégoriels sur les transports ou l'énergie sont à abolir,0.7675222,,,,,,,0.0,0.0,0.7,Non,Non,367,Long (+200),Gemini 3 Pro,7.0,0.605095541401274,0.47770700636942676,0.15124171187462326,0.6790066305003015,0.0
VXNlcjpjODkxZDk3YS0xZDc2LTExZTktOTRkMi1mYTE2M2VlYjExZTE=,62,une meilleure répartition des prélèvements / création de nouvelles tranches d'impositions plus équitables.,Il faut assurer une meilleure répartition des prélèvements || Il faut créer de nouvelles tranches d'imposition plus équitables,0.9178042,,,,,,,0.0,0.0,1.0,Non,Non,13,Très court (0-50),Gemini 3 Pro,10.0,0.8205128205128205,0.8205128205128205,0.6379310344827587,0.0,0.6379310344827587
VXNlcjo2NjBkZTdlYS0xZDQ5LTExZTktOTRkMi1mYTE2M2VlYjExZTE=,63,"1/Pour rendre crédible et acceptable les hausses de taxes et ou impôts, il faut commencer par une véritable chasse à la dépense public, Nombre et coût de la représentation, assemblée nationale et sénat, nombre et coût des différentes institutions, nombre et coût des hauts fonctionnaires, après et uniquement après cette mise en ordre réelle,  je suis prêt à entendre les hausses de taxes. 2/Et toujours dans la crédibilité, stopper les aides à la migration, les aides sociales avec des sommes d’argent distribuées sans contrôle. 3/Et encore, stopper les rémunérations des anciens présidents, des anciens ministres, anciens etc. ,,,   4/Pour résumé, il faut montrer l’exemple en termes de bonne gestion des finances publiques","Il faut commencer par une véritable réduction des dépenses publiques (représentation, institutions, hauts fonctionnaires) pour rendre crédibles les hausses d'impôts || Il faut stopper les aides à la migration || Il faut stopper les aides sociales distribuées sans contrôle || Il faut supprimer les rémunérations des anciens présidents et des anciens ministres || Il faut montrer l'exemple en termes de bonne gestion des finances publiques",0.7535826,,,,,,,0.0,1.0,0.7,Non,Oui,112,Moyen (101-200),Gemini 3 Pro,7.0,0.6124401913875598,0.5071770334928231,0.2596035543403964,0.5923171565276829,0.0
VXNlcjo3YjIzMzMzMS0xZDlhLTExZTktOTRkMi1mYTE2M2VlYjExZTE=,64,"Il me semble que les travaux internationaux d'experts  tels que Thomas Piketty, ou encore M. Stiglitz et d'autres pourraient inspirer plus fortement les hauts fonctionnaires de Bercy et le ministre des finances.",Les travaux internationaux d'experts tels que Thomas Piketty ou M. Stiglitz devraient inspirer plus fortement les hauts fonctionnaires de Bercy et le ministre des finances,0.9162286,,,,,,,0.0,0.0,0.9,Non,Non,32,Très court (0-50),Gemini 3 Pro,9.0,0.8333333333333333,0.8333333333333333,0.796920270009442,0.0,0.796920270009442
VXNlcjozZjlhNzAwOS0xYTc2LTExZTktOTRkMi1mYTE2M2VlYjExZTE=,65,plus de tranche sur le revenu,Il faut augmenter le nombre de tranches de l'impôt sur le revenu,0.81297445,,,,,,,0.0,0.0,1.0,Non,Non,6,Très court (0-50),Gemini 3 Pro,10.0,0.5,0.5,0.31797235023041476,0.5456221198156682,0.0
VXNlcjo3ZTc0OTQwNi0xZTFmLTExZTktOTRkMi1mYTE2M2VlYjExZTE=,66,augmenter le nombre de tranches pour faire payer davantage les hauts revenus  et taxer davantage les grandes entreprises,Augmenter le nombre de tranches pour faire payer davantage les hauts revenus || Taxer davantage les grandes entreprises,0.9859463,,,,,,,0.0,0.0,1.0,Non,Non,18,Très court (0-50),Gemini 3 Pro,10.0,0.9714285714285714,0.9714285714285714,0.9932773109243698,0.0,0.9932773109243698
VXNlcjplNjQ4YTI1OS0xYTY3LTExZTktOTRkMi1mYTE2M2VlYjExZTE=,67,la taxe d'habitation pour tous ou pour personne la CSG retraite pour tous les retaités ou pour personne. L'impôt sur le revenu pour tous et tous les revenus,La taxe d'habitation doit s'appliquer à tous ou à personne || La CSG sur les retraites doit s'appliquer à tous les retraités ou à personne || L'impôt sur le revenu doit s'appliquer à tous les citoyens et sur tous les types de revenus,0.8510046,,,,,,,0.0,0.0,1.0,Non,Non,28,Très court (0-50),Gemini 3 Pro,10.0,0.6933333333333334,0.6933333333333334,0.40827151335311573,0.0,0.40827151335311573
VXNlcjphNTYxMzIzMi0xZDU4LTExZTktOTRkMi1mYTE2M2VlYjExZTE=,68,"augmenter les impôts directs sur les hauts revenus. ( scandale de la suppression de l'ISF. ) Arrêter la "" pédagogie"" de la baisse des impôts ex : "" trop d'impôt tue l'impôt "" etc... lutter efficacement contre la fraude et l'évasion fiscale......","Il faut augmenter les impôts directs sur les hauts revenus || La suppression de l'ISF est un scandale || Il faut arrêter la ""pédagogie"" de la baisse des impôts || Il faut lutter efficacement contre la fraude et l'évasion fiscale",0.9093667,,,,,,,0.0,0.0,0.9,Non,Non,42,Très court (0-50),Gemini 3 Pro,9.0,0.7865168539325844,0.7640449438202247,0.356701030927835,0.0,0.356701030927835
VXNlcjpkZTljZTNlMi0xZDUxLTExZTktOTRkMi1mYTE2M2VlYjExZTE=,70,.,,0.8094318,,,,,,,0.0,0.0,1.0,Non,Non,1,Très court (0-50),Gemini 3 Pro,10.0,0.0,0.0,,,
VXNlcjoxZDE5YmVjNy0xZTIxLTExZTktOTRkMi1mYTE2M2VlYjExZTE=,71,Que la France suive l’Islande et mette les banques sous tutelle ou les nationalise afin d'effacer la dette.,La France doit suivre l'exemple de l'Islande || Il faut mettre les banques sous tutelle ou les nationaliser || L'objectif de ces mesures est d'effacer la dette,0.9089979,,,,,,,0.0,1.0,0.6,Non,Oui,18,Très court (0-50),Gemini 3 Pro,6.0,0.6122448979591838,0.6122448979591838,0.47172932330827066,0.0,0.47172932330827066
VXNlcjpjMGI5MDIxMS0xZDlmLTExZTktOTRkMi1mYTE2M2VlYjExZTE=,73,"que TOUT LE Monde paye des impôts, à sa mesure et selon ses revenus bien sûr, car il est important que : - chaque citoyen se sente CONCERNE - il n'y ait PLUS d'un côté ceux qui payent l'impôt et de l'autre ceux qui reçoivent les aides sans être concernés.",Tout le monde doit payer des impôts selon ses revenus || Il est important que chaque citoyen se sente concerné || Il ne doit plus y avoir de séparation entre ceux qui paient l'impôt et ceux qui reçoivent des aides,0.8904389,,,,,,,0.0,0.0,1.0,Non,Non,50,Très court (0-50),Gemini 3 Pro,10.0,0.6868686868686869,0.6262626262626263,0.35657051282051283,0.0,0.35657051282051283
VXNlcjo3YWRlNjU2Ny0xZTIxLTExZTktOTRkMi1mYTE2M2VlYjExZTE=,74,augmenter fiscalité des gafa,Augmenter la fiscalité des GAFA,0.97399396,,,,,,,0.0,0.0,1.0,Non,Non,4,Très court (0-50),Gemini 3 Pro,10.0,0.888888888888889,0.888888888888889,0.9796610169491525,0.0,0.9796610169491525
VXNlcjo4M2U4OTIzNS0xZTIwLTExZTktOTRkMi1mYTE2M2VlYjExZTE=,75,"que l’impôt sur le revenu soit l’impôt principal en fusionnant les autres impôts a lui même, chacun contribue a hauteur de ces revenus pour plus de solidarité.",L'impôt sur le revenu doit devenir l'impôt principal en fusionnant les autres impôts avec lui || Chacun doit contribuer à hauteur de ses revenus pour plus de solidarité,0.95325994,,,,,,,0.0,0.0,0.9,Non,Non,27,Très court (0-50),Gemini 3 Pro,9.0,0.8125,0.8125,0.6856269113149847,0.0,0.6856269113149847
VXNlcjo0ODgyNDk2ZC0xZTFmLTExZTktOTRkMi1mYTE2M2VlYjExZTE=,76,"tout le monde doit être soumis à l'impot sur le revenu. La redistribution n'est acceptable que si elle n'est pas financée par une fiscalité confiscatoire. Au delà de 30%, l'impot devient confiscatoire.","Tout le monde doit être soumis à l'impôt sur le revenu || La redistribution n'est acceptable que si elle n'est pas financée par une fiscalité confiscatoire || Au-delà de 30%, l'impôt devient confiscatoire",0.98153025,,,,,,,0.0,0.0,0.9,Non,Non,32,Très court (0-50),Gemini 3 Pro,9.0,0.918918918918919,0.918918918918919,0.5369536423841059,0.0,0.5369536423841059
VXNlcjpkOTZjMDI5OS0xZGMwLTExZTktOTRkMi1mYTE2M2VlYjExZTE=,77,"Que tout le monde soit imposable, et que chacun paye ses impôts en fonction de ce qu'il gagne, pas d'exception",Tout le monde doit être imposable || Chacun doit payer ses impôts en fonction de ce qu'il gagne || Il ne doit pas y avoir d'exception,0.94132674,,,,,,,0.0,1.0,0.5,Non,Oui,20,Très court (0-50),Gemini 3 Pro,5.0,0.72,0.72,0.7193415637860082,0.0,0.7193415637860082
VXNlcjozMjI1MjhmMC0xZDc3LTExZTktOTRkMi1mYTE2M2VlYjExZTE=,78,"le taux d'imposition le même pour tous sans exception par exemple suppression csg pour retratite de 2000 euros mais en couplu 2750 euros ,encore une injustice.2000 euros pour tous les retraites en couple ou non.",Le taux d'imposition doit être le même pour tous || Les seuils de suppression de la CSG pour les retraités en couple sont injustes || Il faut appliquer le seuil de 2000 euros à tous les retraités même s'ils sont en couple,0.882025,,,,,,,0.0,1.0,0.6,Non,Oui,35,Très court (0-50),Gemini 3 Pro,6.0,0.5060240963855421,0.4819277108433735,0.28176638176638175,0.5745868945868946,0.0
VXNlcjphYzE0ODc2YS0xZDRkLTExZTktOTRkMi1mYTE2M2VlYjExZTE=,79,Plus taxer les riches avec le le retour de l'ISF,Il faut taxer davantage les riches avec le retour de l'ISF,0.95112884,,,,,,,0.0,0.0,1.0,Non,Non,10,Très court (0-50),Gemini 3 Pro,10.0,0.7826086956521738,0.7826086956521738,0.7245283018867925,0.220377358490566,0.5041509433962266
VXNlcjo2ZmU2M2ZjZS0xZTIwLTExZTktOTRkMi1mYTE2M2VlYjExZTE=,80,"Réduire les impôts pour les familles nombreuses de la classe moyenne et aisée. C'est la double peine: nous devons tout payer (école, crèche, garderie, nounou, loisirs...) et les aides se réduisent, et nous n'avons droit à presque rien. Les enfants sont l'avenir de notre pays, et il vaudrait mieux favoriser des familles qui ont les moyens de leur donner une bonne éducation mais qui ont besoin d'un ""coup de pouce"" pendant les années où les enfants sont à charge.","Il faut réduire les impôts pour les familles nombreuses de la classe moyenne et aisée || Les familles de la classe moyenne et aisée subissent une double peine en devant tout payer alors que les aides diminuent || Ces familles n'ont droit à presque rien || Les enfants sont l'avenir du pays || Il faut favoriser les familles capables d'offrir une bonne éducation mais ayant besoin d'un ""coup de pouce"" temporaire",0.85665566,,,,,,,0.0,0.0,1.0,Non,Non,79,Court (51-100),Gemini 3 Pro,10.0,0.6335403726708073,0.5714285714285715,0.24597137014314926,0.6032229038854806,0.0
VXNlcjoxZWY1YTVkNi0xZDhkLTExZTktOTRkMi1mYTE2M2VlYjExZTE=,81,Que chaque citoyen paye des impôts à hauteur de ses revenus Moins de taxes directes ou indirectes notamment sur les produits dérivés du pétrole et sur l'énergie.,Chaque citoyen doit payer des impôts à hauteur de ses revenus || Il faut moins de taxes directes ou indirectes sur les produits dérivés du pétrole et sur l'énergie,0.96928596,,,,,,,0.0,0.0,1.0,Non,Non,27,Très court (0-50),Gemini 3 Pro,10.0,0.8888888888888888,0.8888888888888888,0.7840232389251998,0.0,0.7840232389251998
VXNlcjo3ZWVjMTMyZi0xZTIxLTExZTktOTRkMi1mYTE2M2VlYjExZTE=,82,"J'ai toujours payé mes impôts, même si aujourd'hui la pression fiscale est très importante. L'augmentation des salaires peut permettre des rentrées fiscales plus importantes, une reprise de la consommation, une croissance plus forte. Il faut que les entreprises, les TRES grosses entreprises, payent leurs impôts et leurs cotisations ! Qu'elles cessent de faire du chantage en prétextant qu'elles vont devoir licencier !! La justice fiscale c'est aussi ça ! Que tout le monde paye à hauteur de ce qu'il doit payer pour que la société tourne dans le bon sens.  Rétablir l'ISF me semble indispensable également.","La pression fiscale est aujourd'hui très importante || L'augmentation des salaires peut permettre des rentrées fiscales plus importantes, une reprise de la consommation et une croissance plus forte || Les très grosses entreprises doivent payer leurs impôts et leurs cotisations || Les entreprises doivent cesser de faire du chantage au licenciement || Tout le monde doit payer ses impôts à hauteur de ce qu'il doit pour assurer la justice fiscale || Il est indispensable de rétablir l'ISF",0.8844558,,,,,,,0.0,0.0,0.9,Non,Non,96,Court (51-100),Gemini 3 Pro,9.0,0.7301587301587301,0.6031746031746033,0.36535998183057006,0.0,0.36535998183057006
VXNlcjoyNjc0NjViOS0xYmMzLTExZTktOTRkMi1mYTE2M2VlYjExZTE=,83,refonte complète du système fiscale,Il faut une refonte complète du système fiscal,0.92507124,,,,,,,0.0,0.0,1.0,Non,Non,5,Très court (0-50),Gemini 3 Pro,10.0,0.8235294117647058,0.8235294117647058,0.6358024691358024,0.0,0.6358024691358024
VXNlcjpmNjJiZmYxMy0xZDdiLTExZTktOTRkMi1mYTE2M2VlYjExZTE=,84,"Tout citoyen paye un impôt sur le revenu, selon ses moyens, pas seulement moins la moitié de la population. Ceci afin de réduire les taxes et impots indirects payés par tout consommateur","Tout citoyen doit payer un impôt sur le revenu selon ses moyens, et pas seulement moins de la moitié de la population || Il faut réduire les taxes et impôts indirects payés par tout consommateur",0.9771989,,,,,,,0.0,0.0,0.8,Non,Non,32,Très court (0-50),Gemini 3 Pro,8.0,0.8493150684931505,0.8219178082191781,0.5790697674418605,0.0,0.5790697674418605
VXNlcjowOGFiM2M2Yi0xZDZiLTExZTktOTRkMi1mYTE2M2VlYjExZTE=,85,Egalité citoyenne vis à vis de l'impôt et ne pas faire des clans salariés retraités chômeurs etc.,"L'égalité citoyenne vis-à-vis de l'impôt doit être respectée || Il ne faut pas faire de clans entre les salariés, les retraités et les chômeurs",0.8806028,,,,,,,0.0,0.0,0.7,Non,Non,17,Très court (0-50),Gemini 3 Pro,7.0,0.6923076923076923,0.6538461538461537,0.6275,0.0,0.6275
VXNlcjo1YWU3MzdhOC0xZTIyLTExZTktOTRkMi1mYTE2M2VlYjExZTE=,86,Que le barème soit le même pour tous le monde pour l ir la taxe foncière et d habitation,"[PARSE_FAIL] 429 RESOURCE_EXHAUSTED. {'error': {'code': 429, 'message': 'Resource exhausted. Please try again later. Please refer to https://cloud.google.com/vertex-ai/generative-ai/docs/error-code-429 for more de",0.036043625,,,,,,,0.0,0.0,0.0,Non,Non,19,Très court (0-50),Gemini 3 Pro,0.0,0.0,0.0,0.09596061798025333,0.0,0.09596061798025333
VXNlcjpkYTczNDcwYi0xZTIxLTExZTktOTRkMi1mYTE2M2VlYjExZTE=,87,"Tout le monde doit participer à l'effort.  La lutte contre l'évasion fiscale doit être une priorité car il est facile de faire la chasse aux  petits revenus qui tentent de contourner la législation alors que les plus riches bénéficient de tout un système qui leur est dédié.  Ramener dans les comptes tout l'argent"" évadé"" solutionnerait beaucoup de problème de budget (santé, social, public, etc.)  I lest également inadmissible que de grands chefs d'entreprises du CAC 40, représentant la France soit résident fiscal ailleurs qu'en France",Tout le monde doit participer à l'effort || La lutte contre l'évasion fiscale doit être une priorité || Il est plus facile de contrôler les petits revenus que les riches qui bénéficient d'un système dédié || Le rapatriement de l'argent évadé solutionnerait de nombreux problèmes budgétaires || Il est inadmissible que des dirigeants du CAC 40 soient résidents fiscaux à l'étranger,0.8630511,,,,,,,0.0,0.0,1.0,Non,Non,85,Court (51-100),Gemini 3 Pro,10.0,0.6545454545454544,0.5696969696969696,0.27046658259773015,0.0,0.27046658259773015
VXNlcjpkNjA0Y2EyMy0xZTIxLTExZTktOTRkMi1mYTE2M2VlYjExZTE=,88,Supprimer toutes les niches fiscales qui avantagent certains de nos contribuables et notamment les plus aisés,Supprimer toutes les niches fiscales qui avantagent certains de nos contribuables et notamment les plus aisés,0.99999994,,,,,,,0.0,0.0,0.8,Non,Non,16,Très court (0-50),Gemini 3 Pro,8.0,1.0,1.0,1.0,0.0,1.0
VXNlcjplOGJlNDE3Yy0xYjNlLTExZTktOTRkMi1mYTE2M2VlYjExZTE=,89,"Rétablissement d’un l’ISF conditionné :         Les contribuables sujets à l’ISF qui investissent effectivement dans l’économie la part d’impôt qu’ils devraient normalement payer en seraient dispensés. Les autres paieraient l’ISF. Suppression de la TVA sur les taxes pour les factures d’eau, d’électricité, de gaz, etc. Réduction du taux de TVA de 20% pour les biens d'équipement du logement et certains travaux d'amélioration de l'environnement de l'habitat Rétablissement d’un taux de TVA majoré pour les produits de luxe. Tous les contribuables résidant à l’étranger qui gagnent de l’argent en France doivent être imposés en France pour ces revenus (sportifs, acteurs, chanteurs, chefs d'entreprise...). Toutes les entreprises étrangères qui gagnent de l’argent en France devraient payer un impôt forfaitaire par tranches de chiffre d'affaires réalisé en France à déterminer pour ne pas les faire fuirent. Ou définir un taux commun avec les autres pays de l'UE. Supprimer les niches fiscales. Supprimer les réductions d’impôt pour les cotisations aux parties politiques. Réduire drastiquement les avantages donnés aux élus (appartement de fonction, budget informatique, voiture avec chauffeur…) Réduire les rémunérations des hauts fonctionnaires. Remettre en place les portiques pour les poids lourds étrangers uniquement. Supprimer la CSG sur les retraites. Ne pas imposer la CSG non déductible. Lutter contre la fraude fiscale et sanctionner sévèrement Instaurer un impôt symbolique même très bas pour tous les revenus même très bas","Il faut rétablir un ISF conditionné où ceux qui investissent dans l'économie sont dispensés et les autres paient || La TVA sur les taxes des factures d'eau, d'électricité et de gaz doit être supprimée || Le taux de TVA pour les biens d'équipement du logement et les travaux d'amélioration de l'habitat doit être réduit || Un taux de TVA majoré pour les produits de luxe doit être rétabli || Les contribuables résidant à l’étranger qui gagnent de l’argent en France doivent être imposés en France sur ces revenus || Les entreprises étrangères doivent payer un impôt forfaitaire sur leur chiffre d'affaires en France calibré pour ne pas les faire fuir || Un taux d'imposition commun avec les autres pays de l'UE devrait être défini || Il faut supprimer les niches fiscales || Les réductions d’impôt pour les cotisations aux partis politiques doivent être supprimées || Les avantages matériels donnés aux élus doivent être réduits drastiquement || Les rémunérations des hauts fonctionnaires doivent être réduites || Il faut remettre en place les portiques pour les poids lourds étrangers uniquement || La CSG sur les retraites doit être supprimée || Il ne faut pas imposer la CSG non déductible || Il faut lutter contre la fraude fiscale et la sanctionner sévèrement || Un impôt symbolique devrait être instauré pour tous les revenus même les plus bas",0.85369164,,,,,,,0.0,0.0,0.9,Non,Non,224,Long (+200),Gemini 3 Pro,9.0,0.737864077669903,0.6951456310679612,0.1370384113241256,0.6903692709406996,0.0
VXNlcjowNWY3ZjM4My0xZDViLTExZTktOTRkMi1mYTE2M2VlYjExZTE=,90,"Prélèvement à la source des honoraires des Acteurs,Chanteurs,Sportifs.(certains partent a l’étranger sans payer d’impôts) Les Dirigeants d’Entreprise,dont l'Etat est actionnaire ou a donné des aides  doivent payer leurs impôts en France.(Carlos Gohn... Intégrer les ouvres d'art dans les succession à partir d'un plafond à définir","Il faut instaurer le prélèvement à la source sur les honoraires des acteurs, chanteurs et sportifs || Certains professionnels partent à l'étranger sans payer d'impôts || Les dirigeants d'entreprises dont l'État est actionnaire ou a donné des aides doivent payer leurs impôts en France || Il faut intégrer les œuvres d'art dans les successions à partir d'un plafond à définir",0.9131302,,,,,,,0.0,0.0,1.0,Non,Non,45,Très court (0-50),Gemini 3 Pro,10.0,0.8548387096774194,0.8548387096774194,0.3549866666666667,0.0,0.3549866666666667
VXNlcjozNDIwMzhjMC0xZDRiLTExZTktOTRkMi1mYTE2M2VlYjExZTE=,91,Chaque citoyen même modeste devrait payer l'impôt sur le revenu. Ne pas prendre la classe moyenne pour des vaches à lait. Supprimer la taxe d'habitation pour tout le monde et ne pas faire payer à nouveau la classe moyenne.,"Chaque citoyen, même modeste, devrait payer l'impôt sur le revenu || Il ne faut pas prendre la classe moyenne pour des vaches à lait || Il faut supprimer la taxe d'habitation pour tout le monde || Il ne faut pas faire payer à nouveau la classe moyenne",0.96137226,,,,,,,0.0,0.0,0.7,Non,Non,39,Très court (0-50),Gemini 3 Pro,7.0,0.9195402298850575,0.9195402298850575,0.521082621082621,0.0,0.521082621082621
VXNlcjowYzhiMzM1Ny0xYTU4LTExZTktOTRkMi1mYTE2M2VlYjExZTE=,93,"Qu'elle frappe en priorité les TRES RICHES : ISF, FLAT TAXE.....TAXER l'EVASION FISCALE ....Supprimer toutes les niches fiscales inefficaces et couteuses","La fiscalité doit frapper en priorité les très riches, notamment via l'ISF ou la Flat Tax || Il faut taxer l'évasion fiscale || Il faut supprimer toutes les niches fiscales inefficaces et coûteuses",0.9088445,,,,,,,0.0,0.0,0.9,Non,Non,21,Très court (0-50),Gemini 3 Pro,9.0,0.5862068965517241,0.5862068965517241,0.5262222222222223,0.0,0.5262222222222223
VXNlcjoyZDVlMjZlZS0xZDc5LTExZTktOTRkMi1mYTE2M2VlYjExZTE=,94,"Que tout le monde paie des impôts depuis le premier euro gagné, y compris sur les prestations sociales, que les tranches d'impôts soient plus nombreuses et progressives. Supprimer l'augmentation de la CSG pour les retraités, c'est injuste.","Tout le monde doit payer des impôts dès le premier euro gagné, y compris sur les prestations sociales || Les tranches d'impôts doivent être plus nombreuses et progressives || Il faut supprimer l'augmentation de la CSG pour les retraités || L'augmentation de la CSG pour les retraités est injuste",0.94736034,,,,,,,0.0,0.0,1.0,Non,Non,37,Très court (0-50),Gemini 3 Pro,10.0,0.7628865979381443,0.7628865979381443,0.5655172413793104,0.0,0.5655172413793104
VXNlcjo5YmJhZGMzMi0xZTIwLTExZTktOTRkMi1mYTE2M2VlYjExZTE=,95,Diminuer le nombre de fonctionnaires: pourquoi les jardiniers ds les collectivités st ils fonctionnaires?? Diminuer le nombre d'agences publiques créées pour recaser confortablement des politiques et alii.,Il faut diminuer le nombre de fonctionnaires || Les jardiniers des collectivités ne devraient pas être fonctionnaires || Il faut diminuer le nombre d'agences publiques créées pour recaser confortablement des politiques et autres,0.9532318,,,,,,,0.0,0.0,0.6,Non,Non,27,Très court (0-50),Gemini 3 Pro,6.0,0.7500000000000001,0.7500000000000001,0.5306748466257669,0.3754601226993865,0.15521472392638042
VXNlcjpkZmE1YTgxNS0xZTFmLTExZTktOTRkMi1mYTE2M2VlYjExZTE=,96,"que chaque citoyen paye l'impôt , même participation très faible","Chaque citoyen doit payer l'impôt, même si la participation est très faible",0.95556235,,,,,,,0.0,0.0,0.9,Non,Non,10,Très court (0-50),Gemini 3 Pro,9.0,0.7586206896551724,0.7586206896551724,0.7395683453237409,0.0,0.7395683453237409
VXNlcjowODE5YzhiNi0xZDUxLTExZTktOTRkMi1mYTE2M2VlYjExZTE=,97,"Les tranches d'impositions devraient davantage intégrer la situation familliale (personne isolée avec enfant,veuve)et tenir compte des ressources réélles.","Les tranches d'imposition devraient davantage intégrer la situation familiale, notamment pour les personnes isolées avec enfant ou veuves || Les tranches d'imposition devraient tenir compte des ressources réelles",0.87655073,,,,,,,0.0,0.0,0.9,Non,Non,18,Très court (0-50),Gemini 3 Pro,9.0,0.7142857142857143,0.7142857142857143,0.5667660208643815,0.3465871833084948,0.22017883755588674
VXNlcjozM2EwNTM3Ni0xY2Q1LTExZTktOTRkMi1mYTE2M2VlYjExZTE=,99,"Tous nous devons contribuer à hauteur raisonnable en fonction de nos revenus et de TOUS les revenus (prestations familiales et sociales, hormis APL cela serait trop complexe, prisent en compte dans le calcul des impots. Un contribuable sans aucune aide doit payer la même imposition qu'un contribuable avec aides.  On commence par 20 euros annuels pour tous les foyers fiscaux et augmente avec plus de tranches pour s'adapter plus justement au revenu, sans étrangler les très haut revenus mais en leur imposant un pourcentage (25%) non défiscalisable.   L'ISF étant une mauvaise chose, puisqu'il faut que les 'gros revenus' investissent; on incite les 'gros revenus' à investir dans la transition écologique ou à l'investissement dans notre savoir faire en soutenant les entreprises française et ON CONTROLE. Si pas d'investissement à hauteur de l'ISF, ils payent la différence.","Chacun doit contribuer à l'impôt en fonction de l'ensemble de ses revenus, incluant les prestations sociales mais excluant les APL || Un contribuable percevant des aides doit payer la même imposition qu'un contribuable sans aide à revenus totaux équivalents || L'imposition doit commencer par un montant minimum de 20 euros annuels pour tous les foyers fiscaux || Le système doit comporter plus de tranches d'imposition pour s'adapter plus justement au revenu || La fiscalité ne doit pas étrangler les très hauts revenus || Il faut imposer aux très hauts revenus un taux de 25% non défiscalisable || L'ISF est une mauvaise chose car il empêche les gros revenus d'investir || Il faut inciter les gros revenus à investir dans la transition écologique ou le savoir-faire français || L'État doit contrôler la réalité des investissements réalisés par les gros revenus || Les gros revenus doivent payer la différence s'ils n'investissent pas à hauteur du montant de l'ISF",0.83506095,,,,,,,0.0,0.0,1.0,Non,Non,136,Moyen (101-200),Gemini 3 Pro,10.0,0.6261980830670926,0.523961661341853,0.15662281432139885,0.0,0.15662281432139885
VXNlcjpjMDBhZDU0OC0xZTFmLTExZTktOTRkMi1mYTE2M2VlYjExZTE=,101,"CSG de +1,7 % pour les retraités à supprimer totalement et revaloriser les retraites sur l'inflation, celles ci étant bloquées depuis trop longtemps 2013? Que la CSG soit progressive, limpot sur le revenu l'est et la CSG  qui est plus importante financièrement ne l'est pas","Il faut supprimer totalement la hausse de CSG de 1,7 % pour les retraités || Il faut revaloriser les retraites sur l'inflation || Les retraites sont bloquées depuis trop longtemps || La CSG doit devenir progressive || L'impôt sur le revenu est progressif || La CSG n'est pas progressive bien qu'elle soit financièrement plus importante",0.90690625,,,,,,,0.0,1.0,0.7,Non,Oui,45,Très court (0-50),Gemini 3 Pro,7.0,0.7037037037037037,0.574074074074074,0.4239052253014597,0.4608758197588323,0.0
VXNlcjo3MGRjZGM3MS0xZDYwLTExZTktOTRkMi1mYTE2M2VlYjExZTE=,103,Tout le monde doit payer des impôts en fonction des revenus même les plus bas car c'est un acte citoyen.,"Tout le monde doit payer des impôts en fonction des revenus, même les plus bas || Le paiement de l'impôt est un acte citoyen",0.88878894,,,,,,,0.0,0.0,0.8,Non,Non,20,Très court (0-50),Gemini 3 Pro,8.0,0.84,0.84,0.8187969924812031,0.0,0.8187969924812031
VXNlcjplMmRjNWE1NS0xZTIwLTExZTktOTRkMi1mYTE2M2VlYjExZTE=,104,je pense qu'il faudrait remettre l'ISF ce qui serait beaucoup plus équitable pour l'équilibre de l'économie car cela n'est pas juste que ce soit toujours les mêmes qui payent pour les autres.  un jour les gens qui payent pour tout le monde n'y arriveront plus et cela sera un gros problème. Il faut un partage des richesses pour que le pays marche bien.,Il faudrait remettre l'ISF pour assurer l'équité économique || Il n'est pas juste que ce soit toujours les mêmes qui payent pour les autres || Les gens qui payent pour tout le monde n'y arriveront plus un jour || Il faut un partage des richesses pour que le pays marche bien,0.90236044,,,,,,,0.0,0.0,0.7,Non,Non,63,Court (51-100),Gemini 3 Pro,7.0,0.7903225806451613,0.7741935483870968,0.4074509803921569,0.0,0.4074509803921569
VXNlcjozNjgwMWQ4YS0xOTlhLTExZTktOTRkMi1mYTE2M2VlYjExZTE=,107,Que tous les citoyens payent un impôt progressif.,Tous les citoyens doivent payer un impôt progressif,0.9504474,,,,,,,0.0,0.0,1.0,Non,Non,8,Très court (0-50),Gemini 3 Pro,10.0,0.7777777777777778,0.7777777777777778,0.6788571428571428,0.0,0.6788571428571428
VXNlcjpiODRkNzFjNS0xZTFlLTExZTktOTRkMi1mYTE2M2VlYjExZTE=,109,"supprimer la CSG pour tous les retraités, indexer les retraites sur le coût de la vie",Il faut supprimer la CSG pour tous les retraités || Il faut indexer les retraites sur le coût de la vie,0.9703501,,,,,,,0.0,0.0,1.0,Non,Non,16,Très court (0-50),Gemini 3 Pro,10.0,0.9,0.9,0.8907801418439716,0.0,0.8907801418439716
VXNlcjpmZDYwZWI0Yy0xOTYzLTExZTktOTRkMi1mYTE2M2VlYjExZTE=,111,Lutter efficacement contre l'évasion fiscale. Faire un audit de toutes les niches fiscales et supprimer toutes celles ne servant pas en ayant le courage de ne pas céder aux lobbys car derrière chaque niche il y a un chien prèt à mordre.,Il faut lutter efficacement contre l'évasion fiscale || Il faut faire un audit de toutes les niches fiscales || Il faut supprimer toutes les niches fiscales qui ne servent pas || Il faut avoir le courage de ne pas céder aux lobbys || Derrière chaque niche fiscale il y a un chien prêt à mordre,0.92396533,,,,,,,0.0,0.0,0.6,Non,Non,42,Très court (0-50),Gemini 3 Pro,6.0,0.7878787878787877,0.7878787878787877,0.6096273291925466,0.0,0.6096273291925466
VXNlcjoyN2Q4ZWZlMy0xZDZiLTExZTktOTRkMi1mYTE2M2VlYjExZTE=,112,L’impôt sur le revenu est redistributif. Il faut augmenter les droits d’enregistrement sur les successions afin de baisser progressivement les autres impôts et taxes.,L'impôt sur le revenu est redistributif || Il faut augmenter les droits d'enregistrement sur les successions afin de baisser progressivement les autres impôts et taxes,0.98219424,,,,,,,0.0,0.0,1.0,Non,Non,24,Très court (0-50),Gemini 3 Pro,10.0,1.0,1.0,0.736986301369863,0.0,0.736986301369863
VXNlcjpmNGNiZmJmOS0xZDk1LTExZTktOTRkMi1mYTE2M2VlYjExZTE=,113,"Plus juste, c'est élargir l'assiette à tous les citoyens, quelque soit l'impôt. Supprimer les niches et exemptions. Redéployer les affectations des impôts et taxes.","Une fiscalité plus juste nécessite d'élargir l'assiette à tous les citoyens, quel que soit l'impôt || Les niches et exemptions doivent être supprimées || Il faut redéployer les affectations des impôts et taxes",0.89089787,,,,,,,0.0,0.0,1.0,Non,Non,24,Très court (0-50),Gemini 3 Pro,10.0,0.7761194029850746,0.746268656716418,0.3747474747474747,0.0,0.3747474747474747
VXNlcjoxYjQyYTI0ZS0xYTI3LTExZTktOTRkMi1mYTE2M2VlYjExZTE=,114,"Une vrai fiscalité pour les entreprises et tous les puissants qui, armés d'avocats spécialisés arrivent à contourner les règles.",Il faut instaurer une véritable fiscalité pour les entreprises et les puissants || Les entreprises et les puissants parviennent à contourner les règles grâce à des avocats spécialisés,0.80811834,,,,,,,0.0,0.0,1.0,Non,Non,19,Très court (0-50),Gemini 3 Pro,10.0,0.6037735849056605,0.4528301886792453,0.44070361263476454,0.0,0.44070361263476454
VXNlcjo1ZTY0MTE3MS0xOTY3LTExZTktOTRkMi1mYTE2M2VlYjExZTE=,115,Faire ruisseler les revenus,Faire ruisseler les revenus,1.0,,,,,,,0.0,0.0,1.0,Non,Non,4,Très court (0-50),Gemini 3 Pro,10.0,1.0,1.0,1.0,0.0,1.0
VXNlcjo1NGU5YjAzNS0xYWRiLTExZTktOTRkMi1mYTE2M2VlYjExZTE=,117,"retenir l impots sur tout les revenus,du travail,du capital et aussi des multinationales","Il faut retenir l'impôt sur tous les types de revenus, incluant ceux du travail, du capital et des multinationales",0.91726154,,,,,,,0.0,0.0,0.9,Non,Non,13,Très court (0-50),Gemini 3 Pro,9.0,0.6666666666666666,0.6666666666666666,0.5231966053748233,0.0,0.5231966053748233
VXNlcjpmN2E5MjUwYS0xZTIzLTExZTktOTRkMi1mYTE2M2VlYjExZTE=,118,Supprimer la CSG sur le pensions et les rentes,Supprimer la CSG sur les pensions et les rentes,0.9962182,,,,,,,0.0,0.0,1.0,Non,Non,9,Très court (0-50),Gemini 3 Pro,10.0,0.8888888888888888,0.8888888888888888,0.9956989247311828,0.0,0.9956989247311828
VXNlcjoxYjJkNzYzNy0xOTY5LTExZTktOTRkMi1mYTE2M2VlYjExZTE=,120,Remettre les impôts aux plus fortunés,Remettre les impôts aux plus fortunés,1.0,,,,,,,0.0,0.0,1.0,Non,Non,6,Très court (0-50),Gemini 3 Pro,10.0,1.0,1.0,1.0,0.0,1.0
VXNlcjo2MmNjMmFjMi0xZTIyLTExZTktOTRkMi1mYTE2M2VlYjExZTE=,121,"Depuis plusieurs années déjà tout le monde, journalistes, politiques, citoyens parlent de justice ou plutôt d'injustice fiscale ! 	 	Le ressenti de cette injustice est d'autant plus flagrant et violent au plus près des limites des tranches définies, qu'il s'agisse des « tranches d'impositions » ou des tranches d'éligibilité aux différentes « prestations sociales » en vigueur dans notre pays. Les exemples le plus récents et les plus douloureux étant l'augmentation de la CSG fixés selon le niveau de revenu pour les retraités ou encore l'exonération de la taxe d'habitation fixée selon le revenu fiscal de référence, ou plus récemment encore l'éligibilité au changement de chaudière pour un euro.... etc 	 	En effet, cette méthode de seuils ou de plafonds induit des situations souvent conflictuelles entre voisins ou amis : un ménage dépassant le seuil d'exonération de 100 ou 200 euros voir moins, se voit injustement et très sensiblement lésé par rapport à un ménage voisin qui se trouve en dessous de ce seuil de 100 ou 200 euros voir moins, surtout si la taxe d'habitation est très élevée dans la commune et compte tenu du coût dans le cas du remplacement d'une chaudière. Les deux ménages sont d'ailleurs d'accord entre eux pour convenir que cela est très injuste.  	Comme je vous le dis plus haut, tout le monde en parle et personne ne bouge pourquoi ? Cette progressivité totale et réelle est elle si difficile à mettre en place que personne n'ose entamer le chantier ? 	N'avons nous pas en France les mathématiciens ou financiers compétents pour résoudre ce problème ou est une volonté politique de ne pas y réfléchir ? 	Est il possible de concevoir un algorithme de calcul pour lisser au maximum ces seuils ou plafonds en aboutissant évidemment à une même recette fiscale ou à une même dépense sociale pour l'ETAT ?   	Et bien entendu si cet algorithme existe , est il possible de le traduire en code informatique et l'introduire dans les logiciels utilisés par les services de l'ETAT ?  	Je pense très sincèrement que cette solution si elle était mise en place apaiserait les relations entre les contribuables et réduirait très sensiblement ce sentiment d'injustice exprimé depuis longtemps et plus récemment surtout par une majorité de citoyens.",Tout le monde parle d'injustice fiscale depuis plusieurs années || Le sentiment d'injustice est violent aux limites des tranches d'imposition et des prestations sociales || La méthode des seuils induit des situations conflictuelles et injustes pour les ménages proches des limites || Personne ne bouge pour mettre en place une progressivité totale || Il faut concevoir un algorithme pour lisser au maximum les seuils et plafonds || Cette solution doit garantir une recette fiscale ou une dépense sociale identique pour l'État || L'application de ce lissage réduirait le sentiment d'injustice des citoyens,0.7504202,,,,,,,0.0,1.0,0.7,Non,Oui,371,Long (+200),Gemini 3 Pro,7.0,0.332688588007737,0.2514506769825919,0.2563865208869578,0.5948907832904338,0.0
VXNlcjo0ZmFmYzE5My0xZTIwLTExZTktOTRkMi1mYTE2M2VlYjExZTE=,122,"Le problème se pose surtout sur la classe moyenne puisque les gens à faible revenus ne payent pas d impôt -2500 euros par mois et par foyer  et perçoivent les aides sociales et les foyers gagnant plus de 10000 euros par mois ont l accès plus facile aux produits de défiscalisation et si on parle des foyers patrimoniaux ayant beaucoup d épargnés financières arrivent à se constituer des revenus avec une très faible imposition  . Il faut aider la classe moyenne à sortir de l’eau, aujourd’hui notre pouvoir d achat baisse nous travaillons nous ne rechignons pas à l effort bien au contraire mais nous perdons du pouvoir d achat sans cesse et nous sommes sans arrêt les oubliés de toutes les réformes fiscales",Les gens à faibles revenus ne paient pas d'impôt et perçoivent les aides sociales || Les foyers gagnant plus de 10000 euros par mois ont un accès plus facile aux produits de défiscalisation || Les foyers patrimoniaux arrivent à se constituer des revenus avec une très faible imposition || Le problème fiscal se pose surtout sur la classe moyenne || Il faut aider la classe moyenne à sortir de l'eau || Le pouvoir d'achat de la classe moyenne baisse sans cesse || La classe moyenne travaille et ne rechigne pas à l'effort || La classe moyenne est sans arrêt l'oubliée de toutes les réformes fiscales,0.89734244,,,,,,,0.0,0.0,0.9,Non,Non,124,Moyen (101-200),Gemini 3 Pro,9.0,0.7499999999999999,0.625,0.4861811846689896,0.0,0.4861811846689896
VXNlcjoyM2QxZDI2MS0xZTIzLTExZTktOTRkMi1mYTE2M2VlYjExZTE=,123,rétablir l'ISF et créer une tranche supplémentaire d'impôt à 70%,Rétablir l'ISF || Créer une tranche supplémentaire d'impôt à 70%,0.98168683,,,,,,,0.0,0.0,0.9,Non,Non,10,Très court (0-50),Gemini 3 Pro,9.0,0.9655172413793104,0.9655172413793104,0.9875,0.0,0.9875
VXNlcjpjMWVjNjFhNS0xZDRlLTExZTktOTRkMi1mYTE2M2VlYjExZTE=,124,tout le monde devrait y être soumis dès le 1er euro et créer + de tranches,"[PARSE_FAIL] 429 RESOURCE_EXHAUSTED. {'error': {'code': 429, 'message': 'Resource exhausted. Please try again later. Please refer to https://cloud.google.com/vertex-ai/generative-ai/docs/error-code-429 for more de",0.0114779025,,,,,,,0.0,0.0,0.0,Non,Non,16,Très court (0-50),Gemini 3 Pro,0.0,0.04,0.04,0.08871614590344759,0.0,0.08871614590344759
VXNlcjo5ZTljNGQzYS0xZTIwLTExZTktOTRkMi1mYTE2M2VlYjExZTE=,125,"Obliger toutes les entreprises et personnes faisant des profits sur notre territoire à payer leurs impôts en France, et exclure toute possibilité de montage financier pour qu'elles passent outre.",Il faut obliger toutes les entreprises et personnes faisant des profits sur le territoire à payer leurs impôts en France || Il faut exclure toute possibilité de montage financier permettant de passer outre l'impôt,0.9396919,,,,,,,0.0,0.0,1.0,Non,Non,29,Très court (0-50),Gemini 3 Pro,10.0,0.7384615384615385,0.7384615384615385,0.7624893435635124,0.0,0.7624893435635124
VXNlcjoyODVlNjgyMS0xOTVkLTExZTktOTRkMi1mYTE2M2VlYjExZTE=,126,"actuellement la TVA représente le double de la CSG. Pour donner du pouvoir d'achat aux plus modestes, baisser la CSG sur les salaires ( pas sur les revenus financiers) de 1,5% , baisser la TVA sur les produits de premières nécessité de 5,5% à 5% et augmenter la tranche haute de la TVA de 20 à 21%. Ceci n'aurait aucune incidence sur les revenus de l'état et aurait pour avantage de remplacer un impôt sur le travail par un impôt sur la consommation et donc de mettre les produits étranger sur le même point que la production française avec un cout  = 0.  Réduire les avantages fiscaux accordés à certaines professions (journaliste par exemple)","La TVA représente actuellement le double de la CSG || Il faut baisser la CSG sur les salaires de 1,5% pour donner du pouvoir d'achat aux plus modestes || La baisse de la CSG ne doit pas s'appliquer aux revenus financiers || Il faut baisser la TVA sur les produits de première nécessité de 5,5% à 5% || Il faut augmenter la tranche haute de la TVA de 20 à 21% || Ces mesures n'auraient aucune incidence sur les revenus de l'État || Cette réforme permettrait de remplacer un impôt sur le travail par un impôt sur la consommation || Cette réforme mettrait les produits étrangers sur le même plan que la production française || Il faut réduire les avantages fiscaux accordés à certaines professions comme les journalistes",0.9195167,,,,,,,0.0,1.0,0.8,Non,Oui,114,Moyen (101-200),Gemini 3 Pro,8.0,0.8046875,0.7265625,0.25074702778307584,0.0,0.25074702778307584
VXNlcjo2ZTgxMmU5ZS0xZTIzLTExZTktOTRkMi1mYTE2M2VlYjExZTE=,127,"Je souhaite débattre du sujet suivant : Le caractère inéquitable de l’augmentation de la CSG pour les retraités Cette augmentation me semble tout à fait inacceptable pour les raisons suivantes :  Prétendre que les retraités doivent contribuer par ce biais à soutenir les actifs moins bien nantis est un abus. C’est un précédent très inquiétant pour l’avenir, dans la mesure où les revenus des retraités pourraient donc être désormais une variable économique constante d’ajustement. Si des actifs sont aujourd’hui en difficulté économique ou privés d’emploi, les retraités n’y sont pour rien, seul le niveau des rémunérations et l’activité économique est en cause. Prétendre le contraire revient à estimer que le niveau des pensions de retraite est trop élevé et/ou que les cotisations imposées aux salariés et aux entreprises sont trop importantes. On peut comprendre, même si ceci est inacceptable, que les entreprises préféreraient que les pensions de retraites diminuent pour éviter la hausse, ou même favoriser la baisse des cotisations. On peut aussi remarquer que cette population de retraités n’a plus aucun levier de réaction devant ce type de mesure. Mis à part le bulletin de vote (non négligeable certes, mais dangereux car favorisant éventuellement les extrêmes), ses autres moyens de pression sont inexistants. Cette population ne peut guère envisager de reprendre une activité pour compléter ses revenus, sauf à souhaiter une société « à l’américaine » dans laquelle les retraités de 75 ans emballent les marchandises aux caisses des supermarchés, dans quel cas il faut l’affirmer. On comprend donc que cette population est un « otage » idéal.  D’autre part, si l’on considère maintenant les aspects « techniques ». Evoquer la nature de notre système de retraite par répartition aux retraités en leur affirmant, je cite : « vous n’avez pas cotisé pour votre retraite …….et ce sont les actifs qui paient la vôtre », est techniquement exact, mais intellectuellement à la limite de l’honnêteté. En effet, les retraités d’aujourd’hui ont exercé leur activité professionnelle et cotisé pour payer les retraites de leurs ainés, en pensant que cela leur octroyait des droits, ce qu’on n’a cessé de leur répéter, même dans les documents officiels.  Ceci n’est pas la responsabilité des gouvernements précédents mais de l’état français et de son administration. D’autre part, soulignons que les retraites complémentaires sont un système par points, ce qui conforte le sentiment de droits. On peut penser que nos dirigeants actuels rêvent d’un système de retraite par capitalisation, dont on peut apprécier combien il a fait le bonheur de certains autres peuples occidentaux. Mais ça n’est pas le cas, et il faut donc que l’état honore ses engagements en prenant d’autres dispositions, y compris sur le système de retraite futur et la durée d’activité pour assurer la pérennité du financement.  Enfin je souhaite revenir sur la notion de « retraités les plus aisés ». Je pense que les retraités qui ont des retraites confortables, ont conscience de leurs avantages, non usurpés, s’ils ont la santé pour en profiter, et que ça n’est pas le montant de la contribution « obligatoire » qui va restreindre leur niveau de vie, mais leur réticence (c’est un euphémisme) résulte de l’arbitraire du raisonnement et de la mesure prise. L’exemption portée jusqu’à 2000 € n’est pas de nature à apaiser et ce pour des raisons évidentes.  Après avoir opposé les retraités aux actifs, on les oppose maintenant entre eux, c’est à ne plus rien y comprendre, même si le Conseil Constitutionnel estime que tout cela est équitable. Les retraités qui ont des pensions « élevées » sont plutôt des anciens personnels d’encadrement qui se sont particulièrement investis dans la vie économique et ont contribué par leur talent et leurs efforts à développer l’économie. D’autre part la plus grande partie du montant de leur retraite est constituée par les retraites complémentaires dont on sait, comme je l’ai évoqué ci-avant, qu’elles s’appuient sur un système par points, donc très représentatif de la contribution fournie et des droits qui s’y attachent. D’ailleurs ceci n’augure pas bien de la prochaine réforme des retraites dont l’une des pistes semble devoir être un système par point. L’attribution des points n’octroierait-elle aucun droit garanti et les pensions seraient-elles ajustables en fonction de la situation économique ?    Pour conclure, et parler vraiment d’équité financière et fiscale, il suffit de comparer l’enjeu financier de cette augmentation de la CSG avec le montant estimé de la fraude fiscale ou encore de mesures telles que la « flat taxe » pour comprendre qu’il est possible d’aller chercher les ressources ailleurs, sans pour autant nuire à l’attractivité économique de notre pays. Un vote qui s’orienterait vers les extrêmes, serait bien plus préjudiciable à l’attractivité de la France. Je pense que les retraités peuvent admettre que l’évolution de leurs pensions soit limitée à l’évolution du coût de la vie, pendant que les salaires évoluent plus vite, ce qui n’est même plus le cas. Par contre ajouter à cette désindexation des pensions, une confiscation arbitraire par le biais de la CSG ne peut pas être accepté. Il vaudrait mieux avoir l’honnêteté de dire clairement que l’on veut réduire les pensions de retraites en méprisant les droits acquis, plutôt que de le « camoufler » derrière une désindexation et une augmentation de la CSG. Bien sûr, ceci est politiquement inavouable, mais l’habillage n’abuse personne. Plutôt que d’égarer un électorat qui n’avait rien de subversif, il serait plus raisonnable de réindexer les retraites et, surtout, d’abandonner totalement cette augmentation de CSG pour les retraités. Il est dangereux de donner le sentiment à une partie non négligeable de la population qu’elle est devenue un poids mort pour la société, de la soupçonner d’oisiveté et d’aisance alors qu’elle est un acteur économique non négligeable en consommant, en aidant ses enfants, en assistant ses ainés dépendants , mais aussi en contribuant à la vie associative. On leur oppose le fait que l’on entend favoriser les actifs, ce qui laisse entendre qu’ils sont « inactifs » et donc inutiles.  En dépit de leur impuissance à exercer une pression, il reste deux moyens de réagir pour les retraités : - Ils ont l’avantage d’avoir plus de temps que les actifs et ne manquent pas de s’exprimer longuement sur le web et les réseaux sociaux. - Et surtout, ce sont des électeurs qui votent plus que la moyenne.   Faute de revenir sur ces iniquités et en y ajoutant d’autres mécontentements sociaux, le risque de voir les partis populistes accéder au pouvoir est réel, le scénario italien n’est pas une fiction. On veut se rassurer en France en prétendant que « le mariage de la carpe et du lapin » n’est pas possible dans notre pays, mais l’aurait-on raisonnablement envisagé en Italie ?   Cette mesure pourrait être corrigée, sans que les auteurs de la décision se déjugent dès l’instant où ils afficheraient leur compréhension et annonceraient une substitution financière crédible. Je ne crois absolument pas que l’on puisse soupçonner les retraités de ne pas être une population solidaire et l’effort de la désindexation des retraites, ces dernières années, est déjà très conséquent et ne pourra pas perdurer éternellement.   Je souhaiterais donc que cette réflexion soit menée intelligemment, éventuellement avec les corps intermédiaires et notamment les syndicats les plus progressistes qui doivent avoir des idées sur la question.",L'augmentation de la CSG pour les retraités est considérée comme inéquitable et inacceptable || Prétendre que les retraités doivent soutenir les actifs constitue un abus || Les revenus des retraités ne doivent pas devenir une variable d'ajustement économique || Les retraités ne sont pas responsables des difficultés économiques des actifs || Les retraités n'ont plus aucun levier de réaction hormis le bulletin de vote || Les retraités ne peuvent guère envisager de reprendre une activité pour compléter leurs revenus || Il est intellectuellement malhonnête d'affirmer que les retraités n'ont pas cotisé pour leur retraite || L'État doit honorer ses engagements pour assurer la pérennité du financement des retraites || L'opposition faite entre les retraités eux-mêmes est incompréhensible || Les pensions élevées sont justifiées par des carrières très investies et un système à points || Il est possible de trouver les ressources financières ailleurs que dans la poche des retraités || Le cumul de la désindexation des pensions et de la hausse de la CSG ne peut pas être accepté || Le gouvernement devrait avouer honnêtement vouloir réduire les pensions au lieu de le camoufler || Il serait plus raisonnable de réindexer les retraites et d'abandonner l'augmentation de la CSG || Les retraités ne sont pas un poids mort mais des acteurs économiques et sociaux essentiels || Le maintien de ces iniquités risque de favoriser la montée des partis populistes || Une réflexion sur le financement doit être menée intelligemment avec les syndicats,0.79852027,,,,,,,0.0,0.0,0.9,Non,Non,1205,Long (+200),Gemini 3 Pro,9.0,0.3006695069993914,0.22641509433962262,0.09888440084631661,0.7208924793229468,0.0
VXNlcjpkZTIzYzdjNC0xZDUyLTExZTktOTRkMi1mYTE2M2VlYjExZTE=,128,Question sans rapport avec le sujet.,La question est sans rapport avec le sujet,0.9464716,,,,,,,0.0,0.0,1.0,Non,Non,6,Très court (0-50),Gemini 3 Pro,10.0,0.8571428571428571,0.8571428571428571,0.958974358974359,0.0,0.958974358974359
VXNlcjpkNTkwNWNmNi0xYzI2LTExZTktOTRkMi1mYTE2M2VlYjExZTE=,129,"o        La taxe d’habitation payable par chaque résident et proportionnelle aux revenus serait maintenue et versée aux communes (si revenus hors de France > forfait de taxe sur la plus forte taxe d’habitation de la commune)  o        La taxe foncière (sur immobilier, forêt, bateaux…) payable par chaque propriétaire et proportionnelle aux revenus (si revenus déclarés hors de France > forfait de taxe sur la plus forte taxe foncière du département) versée aux départements","La taxe d’habitation serait maintenue, payable par chaque résident proportionnellement aux revenus et versée aux communes || Un forfait calculé sur la plus forte taxe d’habitation de la commune s'appliquerait aux revenus situés hors de France || La taxe foncière serait payable par chaque propriétaire proportionnellement aux revenus et versée aux départements || Un forfait calculé sur la plus forte taxe foncière du département s'appliquerait aux revenus déclarés hors de France",0.96708316,,,,,,,0.0,0.0,0.8,Non,Non,73,Court (51-100),Gemini 3 Pro,8.0,0.8383233532934132,0.6467065868263473,0.4771337288909174,0.0,0.4771337288909174
VXNlcjo0ZjdmODEwZC0xZDQ0LTExZTktOTRkMi1mYTE2M2VlYjExZTE=,130,taxer plus les gafas qui gagnent des milliards  er retrisbuer au peuple,"[PARSE_FAIL] 429 RESOURCE_EXHAUSTED. {'error': {'code': 429, 'message': 'Resource exhausted. Please try again later. Please refer to https://cloud.google.com/vertex-ai/generative-ai/docs/error-code-429 for more de",-0.027533434,,,,,,,0.0,0.0,0.0,Non,Non,12,Très court (0-50),Gemini 3 Pro,0.0,0.0,0.0,0.06528116507417375,0.7477750679406611,0.0
VXNlcjo0Y2U1NzVlMy0xZDc3LTExZTktOTRkMi1mYTE2M2VlYjExZTE=,131,Remplacer les multiples impôts par un unique impôt sur TOUS les revenus (y compris les rentes) qui soit payer par tous les monde avec un barème continu plutôt que des paliers,"Il faut remplacer les multiples impôts par un unique impôt sur tous les revenus, y compris les rentes || Cet impôt unique doit être payé par tout le monde || Il faut appliquer un barème continu plutôt que des paliers",0.96420836,,,,,,,0.0,0.0,1.0,Non,Non,31,Très court (0-50),Gemini 3 Pro,10.0,0.7435897435897435,0.7435897435897435,0.7364102564102564,0.0,0.7364102564102564
VXNlcjplYWEzMDdiOS0xZTIwLTExZTktOTRkMi1mYTE2M2VlYjExZTE=,133,"L'exemple doit venir d'en haut et tout le monde doit faire des efforts. Les ministres deputés et sénateurs doivent sérieusement réduire leur train de vie (voitures de fonction, repas de gala, voyage) et justifier de leurs frais professionnels (supprimer l'indemnité discrétionnaire des parlementaires, la remplacer par un plafond de dépenses, celles-ci étant remboursées sur examen de justificatifs avec validation par la Cour des Comptes). Par ailleurs trouver un moyen de remplacer l'ISF par autre chose: taxe foncière progressive selon les revenus ou patrimoine net d'endettement, taxe Tobin sur les transactions boursières au niveau européen","L'exemple doit venir d'en haut et tout le monde doit faire des efforts || Les ministres, députés et sénateurs doivent sérieusement réduire leur train de vie || L'indemnité discrétionnaire des parlementaires doit être supprimée au profit d'un remboursement sur justificatifs validés par la Cour des Comptes || L'ISF doit être remplacé par une taxe foncière progressive selon les revenus ou le patrimoine net d'endettement || Une taxe Tobin sur les transactions boursières doit être mise en place au niveau européen",0.85921395,,,,,,,0.0,0.0,1.0,Non,Non,94,Court (51-100),Gemini 3 Pro,10.0,0.7290640394088671,0.6995073891625616,0.2158904109589041,0.0,0.2158904109589041
VXNlcjplY2Y2YTM5Yi0xOTY4LTExZTktOTRkMi1mYTE2M2VlYjExZTE=,134,"Expliquer le cout réel des services de l'état à ""hauteur d'homme"" pour que les budgets fassent sens auprès de chaque citoyen. par ailleurs établir une échelle  comparative avec les grandes démocraties  impôts/services pour mieux comprendre le sens de la dépense","Il faut expliquer le coût réel des services de l'État à ""hauteur d'homme"" pour que les budgets fassent sens auprès de chaque citoyen || Il faut établir une échelle comparative avec les grandes démocraties sur le rapport impôts/services pour mieux comprendre le sens de la dépense",0.9853197,,,,,,,0.0,0.0,1.0,Non,Non,40,Très court (0-50),Gemini 3 Pro,10.0,0.88,0.88,0.5315643564356436,0.0,0.5315643564356436
VXNlcjowMDQ4ZGU2ZC0xZTIzLTExZTktOTRkMi1mYTE2M2VlYjExZTE=,135,En finir avec les niches fiscales et avantages en tout genre et impôts pour tous avec une dizaine de tranches,Il faut en finir avec les niches fiscales et les avantages en tout genre || Il faut instaurer des impôts pour tous avec une dizaine de tranches,0.90462667,,,,,,,0.0,0.0,0.8,Non,Non,20,Très court (0-50),Gemini 3 Pro,8.0,0.8333333333333334,0.8333333333333334,0.8428571428571429,0.0,0.8428571428571429
VXNlcjpkNjQ1NzI0YS0xYmJmLTExZTktOTRkMi1mYTE2M2VlYjExZTE=,137,"Étendre l'impôt sur le revenu à tous les foyers fiscaux avec une imposition en fonction des capacités contributives . Il est anormal que plus de 50% des foyers fiscaux soient exonérés.  Introduire une nouvelle tranche d'imposition pour les foyers les plus riches. Et revoir les modalités de progressivité de l'impôt. Supprimer les niches fiscales hors celles liées aux économies d'énergie et aux énergies renouvelables.  Uniformiser les taux de CSG pour les revenus d'activité et de remplacement (retraites , allocations chômage etc.).",L'impôt sur le revenu doit être étendu à tous les foyers fiscaux en fonction des capacités contributives || Il est anormal que plus de 50% des foyers fiscaux soient exonérés || Il faut introduire une nouvelle tranche d'imposition pour les foyers les plus riches || Les modalités de progressivité de l'impôt doivent être revues || Il faut supprimer les niches fiscales hors celles liées aux économies d'énergie et aux énergies renouvelables || Il faut uniformiser les taux de CSG pour les revenus d'activité et de remplacement,0.9543866,,,,,,,0.0,0.0,0.9,Non,Non,81,Court (51-100),Gemini 3 Pro,9.0,0.8743169398907105,0.8743169398907105,0.28271377745061954,0.5738289780395044,0.0
VXNlcjoyMWJmMzNhMS0xOWJhLTExZTktOTRkMi1mYTE2M2VlYjExZTE=,138,"- Tous les citoyens doivent être égaux dans le paiement de l'impôt.  - Tous les citoyens doivent payer l'impôt sur le revenu en fonction d'un coefficient social adapté, car tous profitent des biens mis en commun  (routes, aides, scolarité, etc.)  - Plus de passe droit sinon on peut enlever ""Égalité"" du fronton des bâtiments de l'état et des collectivités.",Tous les citoyens doivent être égaux dans le paiement de l'impôt || Tous les citoyens doivent payer l'impôt sur le revenu en fonction d'un coefficient social adapté || Tous les citoyens profitent des biens mis en commun || Il ne doit plus y avoir de passe-droit,0.9116962,,,,,,,0.0,0.0,0.9,Non,Non,59,Court (51-100),Gemini 3 Pro,9.0,0.743362831858407,0.743362831858407,0.36027920890809373,0.0,0.36027920890809373
VXNlcjo5YWE1NGU1YS0xZTIzLTExZTktOTRkMi1mYTE2M2VlYjExZTE=,140,Voir les autres contributeurs,Il faut voir les autres contributeurs,0.9322206,,,,,,,0.0,0.0,0.9,Non,Non,4,Très court (0-50),Gemini 3 Pro,9.0,0.8,0.8,0.8015151515151515,0.0,0.8015151515151515
VXNlcjo2NjU2NTdmYS0xZGIzLTExZTktOTRkMi1mYTE2M2VlYjExZTE=,141,donner l'exemple à haut niveau... le poisson pourri toujours par la tête!,Il faut donner l'exemple à haut niveau || Le poisson pourrit toujours par la tête,0.94937754,,,,,,,0.0,1.0,0.4,Non,Oui,12,Très court (0-50),Gemini 3 Pro,4.0,0.8571428571428571,0.8571428571428571,0.47719298245614034,0.0,0.47719298245614034
VXNlcjo5YWNiOTk3YS0xZTIyLTExZTktOTRkMi1mYTE2M2VlYjExZTE=,142,Un impôt progressif et strictement proportionnel. Que ceux qui créent la richesse sur nôtre sol soi moins taxé que ceux qui la créent ailleurs,Il faut instaurer un impôt progressif et strictement proportionnel || Les créateurs de richesse sur le sol national doivent être moins taxés que ceux qui la créent ailleurs,0.7780405,,,,,,,0.0,0.0,1.0,Non,Non,24,Très court (0-50),Gemini 3 Pro,10.0,0.7118644067796611,0.6779661016949152,0.3909090909090909,0.0,0.3909090909090909
VXNlcjo4MzAzMzE3Zi0xZDg3LTExZTktOTRkMi1mYTE2M2VlYjExZTE=,143,Introduire la progressivité de l'impôt sur les sociétés comme à l'impôt sur le revenu. Permettrait de faire davantage contribuer les entreprises les plus profitables = fiscalité plus juste,Il faut introduire la progressivité de l'impôt sur les sociétés sur le modèle de l'impôt sur le revenu || Cette mesure permettrait de faire davantage contribuer les entreprises les plus profitables || Cette réforme rendrait la fiscalité plus juste,0.92422247,,,,,,,0.0,1.0,0.0,Non,Oui,28,Très court (0-50),Gemini 3 Pro,0.0,0.8051948051948051,0.8051948051948051,0.496551724137931,0.0,0.496551724137931
VXNlcjpkZTIzYzdjNC0xZDUyLTExZTktOTRkMi1mYTE2M2VlYjExZTE=,144,Question sans rapport avec le sujet.,La question est sans rapport avec le sujet,0.94647145,,,,,,,0.0,0.0,1.0,Non,Non,6,Très court (0-50),Gemini 3 Pro,10.0,0.8571428571428571,0.8571428571428571,0.958974358974359,0.0,0.958974358974359
VXNlcjpiNGVjNzE4Mi0xZTIwLTExZTktOTRkMi1mYTE2M2VlYjExZTE=,145,Tous les citoyens doivent payer des impôts sur le revenu. Supprimer la CSG non déductible car on est imposé sur des revenus que l'on ne touche pas.,Tous les citoyens doivent payer des impôts sur le revenu || Il faut supprimer la CSG non déductible || On est imposé sur des revenus que l'on ne touche pas,0.94089663,,,,,,,0.0,0.0,0.8,Non,Non,27,Très court (0-50),Gemini 3 Pro,8.0,0.9508196721311476,0.9508196721311476,0.6161885245901639,0.0,0.6161885245901639
VXNlcjo0Yjc2MDMxYy0xZTI0LTExZTktOTRkMi1mYTE2M2VlYjExZTE=,146,"Remettre L’ISF, taxer les paradis fiscaux",Remettre l'ISF || Taxer les paradis fiscaux,0.96378946,,,,,,,0.0,0.0,1.0,Non,Non,6,Très court (0-50),Gemini 3 Pro,10.0,1.0,1.0,0.7714285714285714,0.0,0.7714285714285714
VXNlcjo1ZTY0MTE3MS0xOTY3LTExZTktOTRkMi1mYTE2M2VlYjExZTE=,147,"Comment répondre à la crise et aux Gilets Jaunes ?  La variété des revendications atteste d’un mélange des sujets de mécontentement issu des 30 ou 40 dernières années. Les anciennes générations au pouvoir ont fauté gravement : par cupidité, par électoralisme, par entrisme.   Le 21 janvier, OXFAM nous révèle que les 26 plus riches au monde possèdent autant que les 3,8 milliards habitants les plus pauvres. Est-il seulement possible de justifier un tel écart ?  Les Gilets Jaunes disent : STOP ! Un changement est impératif. Ils ont raison. J’ai écouté attentivement l’émission TV « La grande explication ». Une participante : Madame Ingrid Levavasseur, aide-soignante à faible revenu, m’a donné une clé de réponse : « Avec 200 euros de plus par mois, on pourrait s’en sortir ! » disait-elle. Et si elle avait raison ?   C’est là que j’ai imaginé alors un « Fonds Ethique et Solidaire » abondé par les contributions des plus hauts revenus au bénéfice des plus petits. Une forme de ruissellement Ethique et Solidaire !  Le principe : j’ai repris un tableau statistique de la Direction Générale des Finances Publique (DGFIP ) sur les contributions des ménages en fonction des tranches d’impôts en 2017 : http://www2.impots.gouv.fr/documentation/statistiques/annuaire2017/pages_web/statistiques2017.htm  C’est à l’image de la Tour Eiffel : •	Sous les arches et au premier étage : les faibles revenus ; •	Au deuxième étage, ceux du milieu qui vivent correctement, sans plus ; •	Au troisième étage, s’épanouissent les plus aisés et ceux qui n’ont pas le temps de tout dépenser et stockent dans les banques et les paradis fiscaux !  Hypothèses :  1.	On classe les foyers fiscaux en trois tiers :  •	Les plus aisés contribuent : 2,5 millions de foyers ; •	Les foyers médians sont exonérés : 8,8 millions de foyers ;  •	Les plus faibles bénéficient : 5,1 millions de foyers. 2.	Ce sont les foyers dont la tranche d’impôts excède 6001 € qui vont consentir une contribution mensuelle qui viendra abonder ce « Fonds Ethique et Solidaire ». Chaque tranche supplémentaire contribue selon un barème illustré dans le graphique de la DGFIP. Le ruissellement rétrocède ainsi de 650 euros par mois à 280 euros, de façon dégressive. 3.	On observe ainsi qu’il est possible d’opérer une péréquation en demandant aux 2,5 millions de foyers à hauts revenus d’abonder un Fonds Ethique au profit de 5,1 millions de foyers à faibles revenus.  	Les fins de mois constituent la revendication majeure. Les hauts revenus ne seront 	ponctionnés que de 1,5 % ! Ça sera pour eux nettement moins cher que l’Impôt Sur la 	Fortune ! 4.	Pour simplifier, le véhicule de mise en œuvre peut être tout simplement le prélèvement à la source : il existe déjà et s’appliquera à tous les revenus : salaires, honoraires et dividendes, BIC et BNC. 5.	Ce ruissellement serait réalisé au bénéfice des salariés. Ceux qui sont sans emploi seront mis en formation pour développer leur capital de compétences. Cette revalorisation aura pour effet induit de valoriser le travail et dévaloriser l’inactivité, comme le travail au noir. Le gap de revenus fera réfléchir quelques-uns.  Avantages :  1.	Ce Fonds Ethique et Solidaire n’augmente pas le coût des salaires pour les entreprises ; il laisse le champ libre à notre recherche de compétitivité. 2.	Il donne du pouvoir d’achat à des foyers qui ont besoin de dépenser sans angoisse, même  entre le 20 et le 30 de chaque mois. Le bénéfice sera pour l’économie et le commerce. Plus de consommation, plus de TVA collectée, plus d’activité pour les commerçants, artisans et entreprises, plus de croissance et donc plus d’emplois. 3.	On peut même intégrer dans cette hausse de revenus quelques prestations mineures qui coûtent cher à mettre en place, et sont peu réclamées car trop compliquées administrativement. 4.	Autre avantage : on peut dupliquer cette théorie du ruissellement pour la prochaine réforme des retraites : l’image de la Tour Eiffel prend là aussi tout son sens. Est-il normal de trouver quelques retraites si volumineuses, et d’autres encore, dites « chapeaux » à cinq chiffres mensuels et même parfois six chiffres ?  5.	Cette redistribution par le ruissellement a un autre avantage structurel : s’agissant d’un Fonds Ethique et Solidaire, il est placé hors budget de l’Etat. Sa gestion pourrait être confiée à la Caisse des Dépôts et Consignation. Dès lors la France ne grève plus sont déficit public. Le montant des redistributions mensuelles peut être indexé sur la croissance des hauts revenus, c’est plus sûr !  Les colères viennent d’un désir inassouvi. Les Gilets Jaunes nous disent : on en a assez de crier dans le désert. Tous les responsables politiques actuels entendent, j’en suis sûr, mais ils ne comprennent pas ! Nous arrivons à la fin d’un cycle : celui qui a été porté par les baby-boomers. Il est temps de raisonner hors du cadre. Acceptons davantage d’éthique et de solidarité !","Les anciennes générations au pouvoir ont fauté gravement par cupidité et électoralisme || Les plus riches possèdent autant que les milliards d'habitants les plus pauvres || Un changement radical du système est impératif pour répondre aux revendications || Il faut créer un ""Fonds Ethique et Solidaire"" financé par les hauts revenus au bénéfice des plus modestes || Les hauts revenus ne seront ponctionnés que de 1,5 % || Le mécanisme n'augmente pas le coût des salaires pour les entreprises || Le prélèvement à la source servira de véhicule de mise en œuvre simple || Les personnes sans emploi seront mises en formation pour développer leurs compétences || La hausse du pouvoir d'achat des foyers modestes favorisera la consommation et la croissance || Le principe de redistribution pourrait être dupliqué pour la réforme des retraites || La gestion hors budget du fonds permet que la France ne grève plus son déficit public || Les responsables politiques actuels ne comprennent pas la colère des citoyens || Il est temps d'accepter davantage d'éthique et de solidarité",0.56229836,,,,,,,0.0,0.0,0.9,Non,Non,815,Long (+200),Gemini 3 Pro,9.0,0.31529850746268656,0.2332089552238806,0.12469511632626705,0.0,0.12469511632626705
VXNlcjoxYmYxNDI5Mi0xZTI0LTExZTktOTRkMi1mYTE2M2VlYjExZTE=,148,"plutot que de fixer un plafond de ressources pour arréter les distributions d'aides, mettre en place un échelonnement dégressif permettant ainsi d'éviter l'effet de seuil et une meilleure distribution aux plus pauvres",Il ne faut pas fixer un plafond de ressources pour arrêter les distributions d'aides || Il faut mettre en place un échelonnement dégressif des aides || Un échelonnement dégressif permet d'éviter l'effet de seuil || Un échelonnement dégressif permet une meilleure distribution aux plus pauvres,0.92707133,,,,,,,0.0,0.0,0.7,Non,Non,32,Très court (0-50),Gemini 3 Pro,7.0,0.7209302325581396,0.7209302325581396,0.6673379174852652,0.0,0.6673379174852652
VXNlcjo2NWQ0MzUzYi0xZDg4LTExZTktOTRkMi1mYTE2M2VlYjExZTE=,149,"- Instaurer 14 tranches d’impôt pour lisser l’effort et revenir à un impôt réellement progressif. Celui qui a le moins paye moins, celui qui a le plus paye plus (et vraiment !)  - Supprimer les niches fiscales non socialement utiles qui minent la progressivité de l’impôt, et donc la justice fiscale.  - Lutter réellement contre la fraude fiscale en embauchant des fonctionnaires dédiés avec des moyens pour leur mission.  - Lier l’impôt à la nationalité (comme aux Etats-Unis) pour lutter contre l'évasion fiscale.  - Rétablir l’ISF.  - Abolir les privilèges fiscaux (possibilité de négocier ses impôts quand on est fortuné, qu’on a fraudé et qu’on revient en France).  - Supprimer la TVA qui est une taxe injuste et la remplacer par une contribution écologique en fonction du produit. Les produits écologiquement responsables. doivent très moins cher que les produits polluants et néfastes pour la santé.",Il faut instaurer 14 tranches d’impôt pour lisser l’effort et revenir à un impôt réellement progressif || Le système fiscal doit assurer que celui qui possède le moins paye moins et celui qui a le plus paye plus || Il faut supprimer les niches fiscales non socialement utiles qui minent la justice fiscale || Il faut lutter contre la fraude fiscale en embauchant des fonctionnaires dédiés dotés de moyens || Il faut lier l’impôt à la nationalité pour lutter contre l'évasion fiscale || Il faut rétablir l’ISF || Il faut abolir les privilèges fiscaux permettant aux fortunés de négocier leurs impôts || Il faut supprimer la TVA car c'est une taxe injuste || La TVA doit être remplacée par une contribution écologique établie en fonction du produit || Les produits écologiquement responsables doivent coûter moins cher que les produits polluants,0.91279525,,,,,,,0.0,0.0,0.8,Non,Non,145,Moyen (101-200),Gemini 3 Pro,8.0,0.7508090614886732,0.7119741100323624,0.17469557469557467,0.6602435402435403,0.0
VXNlcjo1MGM4ODgwMS0xZTIyLTExZTktOTRkMi1mYTE2M2VlYjExZTE=,150,"Impôt sur le revenu pour tout citoyen quel que soit son revenu (même si ce n'est qu'un prélèvement modique), afin que chacun contribue au fonctionnement de l'état et que chacun comprenne que le budget de  l'état, c'est les impôts et les taxes.! ,  suppression des niches fiscales (journalistes, politiques etc...), fusion des régimes de retraites même nombre de trimestres de cotisations et même age de départ à la retraite pour tous ! élus et hauts fonctionnaires compris.","L'impôt sur le revenu doit s'appliquer à tout citoyen quel que soit son revenu || Chacun doit contribuer au fonctionnement de l'État et comprendre que le budget provient des impôts || Il faut supprimer les niches fiscales des journalistes et des politiques || Il faut fusionner les régimes de retraites || Le nombre de trimestres et l'âge de départ à la retraite doivent être les mêmes pour tous, élus et hauts fonctionnaires compris",0.8838822,,,,,,,0.0,0.0,0.9,Non,Non,77,Court (51-100),Gemini 3 Pro,9.0,0.6951219512195121,0.6097560975609756,0.3425558962087789,0.0,0.3425558962087789
VXNlcjo5NGYxOTg3MC0xZTIxLTExZTktOTRkMi1mYTE2M2VlYjExZTE=,151,suppression de la taxe d'habitation pour TOUS les Français.Cet impôt serait injuste pour 80% des Français et ne le serait plus pour les¨20% des autres.,"[PARSE_FAIL] 429 RESOURCE_EXHAUSTED. {'error': {'code': 429, 'message': 'Resource exhausted. Please try again later. Please refer to https://cloud.google.com/vertex-ai/generative-ai/docs/error-code-429 for more de",0.015234166,,,,,,,0.0,0.0,0.0,Non,Non,25,Très court (0-50),Gemini 3 Pro,0.0,0.03125,0.03125,0.07566650102022682,0.7394667991838186,0.0
VXNlcjo0MTcwZTY1My0xZTIwLTExZTktOTRkMi1mYTE2M2VlYjExZTE=,152,"La fiscalité actuelle apparaît globalement juste et largement redistributrice. Il faut en revanche faire preuve de pédagogie et mieux expliquer le fonctionnement du système fiscal (progressivité de l'IR, prélèvements sociaux, etc.)",La fiscalité actuelle apparaît globalement juste et largement redistributrice || Il faut faire preuve de pédagogie et mieux expliquer le fonctionnement du système fiscal,0.96744955,,,,,,,0.0,0.0,1.0,Non,Non,31,Très court (0-50),Gemini 3 Pro,10.0,0.8253968253968255,0.8253968253968255,0.5118927125506073,0.0,0.5118927125506073
VXNlcjo2MGU2YjUxZS0xOTdlLTExZTktOTRkMi1mYTE2M2VlYjExZTE=,153,mettre des tranches supplémentaires.,Mettre des tranches supplémentaires,0.9811853,,,,,,,0.0,0.0,1.0,Non,Non,4,Très court (0-50),Gemini 3 Pro,10.0,1.0,1.0,0.9943661971830986,0.0,0.9943661971830986
VXNlcjoyMTAxMDE2Ni0xZTIwLTExZTktOTRkMi1mYTE2M2VlYjExZTE=,154,"Taxer les produits inutiles ou de confort (SUV, piscines individuelles, eau consommée au-delà des besoins de base par personne et par jour, essence au-delà d'un seuil utile de base aux déplacements normaux et obligatoires de chaque individu, la troisième voiture sans utilité autre que le confort, le chauffage au-delà d'un seuil de confort minimal, les voyages en avion pour le tourisme qui ont un impact énorme sur la planète et ses habitants). Taxer les gens selon leurs revenus (plus on est riche, plus on paye) Taxer les produits de luxe (par définition inutiles et réservés aux ultra-riches) Stopper la publicité à outrance qui incite à consommer à outrance Eduquer les gens en leur répétant que voyager c'est polluer, que la piscine c'est l'horreur en termes de surconsommation d'eau, changer la vision idéale de l'occidental et le ramener à la réalité de notre planète en l'éduquant tout le temps, pour que nous changions tous de paradigme.","Il faut taxer les produits inutiles, de confort ou la surconsommation de ressources au-delà des besoins de base || Il faut taxer les voyages en avion pour le tourisme compte tenu de leur impact énorme || Il faut taxer les gens selon leurs revenus car plus on est riche, plus on doit payer || Il faut taxer les produits de luxe car ils sont inutiles et réservés aux ultra-riches || Il faut stopper la publicité à outrance qui incite à consommer excessivement || Il faut éduquer les gens sur la pollution liée aux voyages et la surconsommation d'eau des piscines || Il faut changer la vision idéale de l'occidental par l'éducation pour changer de paradigme",0.8229451,,,,,,,0.0,0.0,1.0,Non,Non,155,Moyen (101-200),Gemini 3 Pro,10.0,0.577319587628866,0.4948453608247423,0.22458874458874456,0.0,0.22458874458874456
VXNlcjoxNjA2ZTI2YS0xZTIxLTExZTktOTRkMi1mYTE2M2VlYjExZTE=,155,tout le monde doit payer proportionnellement à ses moyens,Tout le monde doit payer proportionnellement à ses moyens,1.0000001,,,,,,,0.0,0.0,1.0,Non,Non,9,Très court (0-50),Gemini 3 Pro,10.0,1.0,1.0,1.0,0.0,1.0
VXNlcjo5Yjk2OGFhNi0xZDYyLTExZTktOTRkMi1mYTE2M2VlYjExZTE=,156,"Du civisme ... Impensable de voir des patrons de sociétés du CAC 40 résidents fiscaux à l'étranger, c'est purement honteux ! On parle de l'ISF mais combien de fois l'ISF en milliards sont planqués et ""optimisés"". Taxer les GAFA au même niveau que les PME françaises. et réexpliquer que les Facebook, Apple & Cie non seulement ne payent pas d’impôt en France mais nous espionnent et jouent avec la réalité(de nombreux faits sont quotidiennement dans la presse pour le prouver ==> le bon exemple des décomptes Facebook est une honte).","Il est honteux de voir des patrons de sociétés du CAC 40 résidents fiscaux à l'étranger || Des milliards de l'ISF sont planqués et ""optimisés"" || Il faut taxer les GAFA au même niveau que les PME françaises || Facebook, Apple et Cie ne paient pas d'impôt en France || Ces entreprises nous espionnent et jouent avec la réalité || Les décomptes de Facebook sont une honte",0.91150665,,,,,,,0.0,1.0,0.5,Non,Oui,90,Court (51-100),Gemini 3 Pro,5.0,0.7727272727272727,0.6818181818181819,0.29446503287507475,0.5644279736999402,0.0
VXNlcjpjYTY1YjFkNi0xZDY2LTExZTktOTRkMi1mYTE2M2VlYjExZTE=,157,"A titre de solidarité et d exemple , que chacun des hauts fonctionnaires , jusqu 'à la fin du quinquennat, laisse chaque mois 1000 E   de leur salaire  pour réduction de la dette , que leurs pensions soient gelées  comme les retraites  pendant 5 ans , pour revenir au niveau européen","[PARSE_FAIL] 429 RESOURCE_EXHAUSTED. {'error': {'code': 429, 'message': 'Resource exhausted. Please try again later. Please refer to https://cloud.google.com/vertex-ai/generative-ai/docs/error-code-429 for more de",0.066814214,,,,,,,0.0,0.0,0.0,Non,Non,51,Court (51-100),Gemini 3 Pro,0.0,0.024390243902439025,0.024390243902439025,0.008655156520832194,0.0,0.008655156520832194
VXNlcjpjYTNhMjE0YS0xZTIwLTExZTktOTRkMi1mYTE2M2VlYjExZTE=,158,Taxer peut être un peu plus les hauts revenus et supprimer les rentes de situation,Il faut peut-être taxer un peu plus les hauts revenus || Il faut supprimer les rentes de situation,0.9544617,,,,,,,0.0,0.0,1.0,Non,Non,15,Très court (0-50),Gemini 3 Pro,10.0,0.8484848484848485,0.7878787878787877,0.8711111111111112,0.0,0.8711111111111112
VXNlcjoyMzIxZWU1My0xZTIyLTExZTktOTRkMi1mYTE2M2VlYjExZTE=,159,Rendre impossible l'évasion fiscale en prélevant obligatoirement l'impôt directement sur les revenus faits en France,Il faut rendre impossible l'évasion fiscale en prélevant obligatoirement l'impôt directement sur les revenus faits en France,0.9907447,,,,,,,0.0,0.0,1.0,Non,Non,15,Très court (0-50),Gemini 3 Pro,10.0,0.9500000000000001,0.9500000000000001,0.9366666666666666,0.0,0.9366666666666666
VXNlcjo2MjI4Yjk4YS0xZTI0LTExZTktOTRkMi1mYTE2M2VlYjExZTE=,160,"le 20/01/2019  FISCALITE  Mon idée de depart est d'accroitre les recettes de notre pays sans toucher aux particuliers qui à mon avis sont au maximum de la pression fiscale.  C'est donc toutes les richesses produites sur notre pays qui doivent étre taxées plus largement.  Le principe étant que les résultats des entreprises doivent étre fiscalisés avant pompage des resultats par des filliales ou holdings situées en dehors du territoires français.  Donc une sorte de fiscalité sur le résultat brut de l'entreprise après amortissement des investissements, provisions sur parpicipation des salariés. Par contre pas d'exonération des sur-salaires des dirigeants qui doivent subir l'impôt sur les societés (primes de bilan ect).   Toutes richesses produites dans notre pays devront étre fiscalisées dans notre pays. Il est inadmissible qu'une entreprise dont l'activitée principale est en France puisse avoir son siège social dans un autre pays pour profiter d'une meilleure ficalité. Il faut mettre en rapport l'activitée  avec le nombre de salariés français qui travaillent dans l'entreprise. Et cela doit s'appliquer aussi bien à des entreprises de production que de distribution.  Il ne doit pas avoir de concurrence en Europe sur la course à la plus faible fiscalité (ex:Irlande). L'Europe doit étre uniforme sur le plan fiscal.    La rémunération des dirigeants des grandes entreprises et leur progression doivent être mesurer en rapport avec le salaire moyen des membres de l'entreprise. Les rémunérations moyennes doivent étre transparentes dans l'entreprise. En 2018, la progression des directeurs salariés des entreprises du CAC 40  a été de +17% alors que la  progression moyenne des salaires n'a été que de +1,40%. sans parler de tous les autres avantages accordés en dehords des salaires.  S'Il est  normal qu'il y ait une hiérarchie des salaires,  il ne doit pas y avoir une indécence  dans cette repartition : Un écart de 1 à 10  parait correct.  Un systeme d'intéressement du personnel doit étre obligatoire quelque soit la taille de l'entreprise : La philosophie de la répartition du resultat : 1/3 pour les dirigeants et actionnaires, 1/3 pour l'investissement, 1/3  pour le personnel me parait la juste approche. chacun contribue à la réussite de l'entreprise !   Il serait peut étre judicieux de faire refléchir des avocats ficalistes ou conseillers juridiques à la retraite qui ont passé leur vie à faire échapper à l' impôt les entreprises et les particuliers; Ils ont surements des idéees à nous donner !    Cependant l'impôt ne doit pas être discriminatoire de la réussite : Il y a donc sûrement un impôt maximum à ne pas dépasser pour ne pas stopper l'envie  de s'enrichir  et donc de créer de la richesse  pour la collectivité (ruissellement).  Il serait intéressant de faire une enquète sur la motivation des dirigeants.  Peut étre que leur motivation principale est la recherche de pouvoir et de reconnaissance sociale plus qu'une recherche financiere .est ce qu'il n'y a pas une richesse maximum qui permet de respecter la collectivité ?  Il faudrait renforcer la puissance de l'Europe afin d'éviter le retour des conflits entre les nations. La guerre a coûter suffisamment cher en vie et en argent à nos pays.  D'autre part compte tenu de la mondialisation de l'économie nous compterons plus avec une union forte. Nous pourrons vendre des avions Airbus ou faire des transactions bancaires en Euros pour éviter les pénalités americaines !!!.  Nous devons aussi regarder l'efficacité des aides de l' Etat aux entreprises. A  chaque fois qu'il y a des aides avec obligation de création d'emploi. S'il n'y a pas de  résultats positifs , ne serait -il pas possible de recupérer ces aides pour les donner à d'autres entreprises plus performantes.  En ce qui concerne les aides aux entreprises et aux particuliers ne pourrait-on pas exclure, pour une période donnée, les personnes qui ont été prises dans un redressement fiscal? Car toute frande pénalise  le reste de la collectivité qui paye à sa place le fonctionnement de notre pays .   En conclusion je suis trés attaché à mon pays et à notre démocratie qui prône une forme de liberté.  La réussite economique de la France nous evitera le risque d'une dictature. Notre pays doit rester solidaire des plus fragiles.Il doit étre juste et équilibré entre le secteur public et privée (ex:retraites). L'important est d'assurer l'avenir de nos enfants.","Il faut accroître les recettes du pays sans augmenter la pression fiscale sur les particuliers || Les particuliers sont au maximum de la pression fiscale || Toutes les richesses produites dans le pays doivent être taxées plus largement || Les résultats des entreprises doivent être fiscalisés avant leur transfert vers des holdings étrangères || La fiscalité doit s'appliquer sur le résultat brut après amortissement et participation des salariés || Il ne faut pas exonérer les sur-salaires des dirigeants || Toute richesse produite en France devra être fiscalisée en France || Il est inadmissible qu'une entreprise active en France délocalise son siège pour des raisons fiscales || La fiscalité doit être mise en rapport avec le nombre de salariés français de l'entreprise || Il ne doit pas y avoir de concurrence fiscale en Europe || L'Europe doit être uniforme sur le plan fiscal || La rémunération des dirigeants doit être mesurée par rapport au salaire moyen des employés || Les rémunérations moyennes doivent être transparentes dans l'entreprise || La progression des salaires des dirigeants est démesurée par rapport à celle des employés || Il ne doit pas y avoir d'indécence dans la hiérarchie des salaires || Un écart de salaire de 1 à 10 paraît correct || Un système d'intéressement du personnel doit être obligatoire quelle que soit la taille de l'entreprise || Le résultat doit être réparti équitablement entre actionnaires, investissement et personnel || Il faut consulter des experts fiscaux retraités pour lutter contre l'évasion fiscale || L'impôt ne doit pas être discriminatoire envers la réussite || Il faut un impôt maximum à ne pas dépasser pour ne pas décourager la création de richesse || Il faut s'interroger sur l'existence d'une richesse maximum pour respecter la collectivité || Il faut renforcer la puissance de l'Europe pour éviter le retour des conflits || La guerre a coûté cher en vies et en argent || Une union européenne forte est nécessaire face à la mondialisation économique || L'Europe doit permettre d'éviter les pénalités américaines sur les transactions || L'efficacité des aides de l'État aux entreprises doit être vérifiée || Il faut récupérer les aides publiques si les résultats ne sont pas positifs || Il ne faut pas accorder d'aides aux personnes ayant subi un redressement fiscal || La fraude fiscale pénalise la collectivité || La réussite économique de la France évite le risque de dictature || Le pays doit rester solidaire des plus fragiles || Le système doit être juste et équilibré entre le secteur public et privé || Il est important d'assurer l'avenir des enfants",0.8003652,,,,,,,0.0,0.0,0.8,Non,Non,704,Long (+200),Gemini 3 Pro,8.0,0.6104417670682731,0.46746987951807234,0.06958696290067577,0.0,0.06958696290067577
VXNlcjo0NjVhMDM0Ny0xZTI0LTExZTktOTRkMi1mYTE2M2VlYjExZTE=,161,Que tout le monde prenne conscience de l'argent en commençant par réduire les dépenses de l'elysee,Tout le monde doit prendre conscience de l'argent || Il faut commencer par réduire les dépenses de l'Élysée,0.9210907,,,,,,,0.0,0.0,0.7,Non,Non,16,Très court (0-50),Gemini 3 Pro,7.0,0.6976744186046512,0.6976744186046512,0.5888501742160279,0.0,0.5888501742160279
VXNlcjowMmE4YmFlYi0xZTIyLTExZTktOTRkMi1mYTE2M2VlYjExZTE=,162,"Impôts sur les revenus pour tous  Taxer les œuvres d art comme les tous les autres revenus (immobilier , bourse ,....)",L'impôt sur le revenu doit s'appliquer à tous || Les œuvres d'art doivent être taxées comme les autres revenus,0.8125732,,,,,,,0.0,0.0,0.6,Non,Non,21,Très court (0-50),Gemini 3 Pro,6.0,0.5714285714285713,0.5714285714285713,0.3966960352422908,0.0,0.3966960352422908
VXNlcjpjNzcyZmU4Yy0xZDdhLTExZTktOTRkMi1mYTE2M2VlYjExZTE=,163,"Que tous revenus paient l'impôt des le 1er euro, pour responsabiliser les francais et ne pas faire peser l'impôt sur le revenu sur quelqu'uns",Tous les revenus doivent payer l'impôt dès le 1er euro || Il faut responsabiliser les Français || Il ne faut pas faire peser l'impôt sur le revenu sur quelques-uns,0.9530473,,,,,,,0.0,0.0,0.9,Non,Non,24,Très court (0-50),Gemini 3 Pro,9.0,0.7301587301587301,0.7301587301587301,0.631578947368421,0.0,0.631578947368421
VXNlcjpjYTc3MzY0Yy0xZTIzLTExZTktOTRkMi1mYTE2M2VlYjExZTE=,165,"Il est aujourd'hui complètement incohérent que des logements, appartements ou maisons soient fermés tout ou partie de l'année. Afin de faire face à la difficulté de plus en plus grande de se loger et pour faire baisser le nombre de logements vacants permanent ou ponctuellement, je propose que soit mis en place une taxe de ""non habitation"" pour les maisons secondaires (taux d'occupation d'env. 10% ) et les habitations principales dont les occupants laissent vacants leurs habitations plus de 3 mois / an. Cette taxe serait calculé selon un prorata temporis.","Il est incohérent que des logements soient fermés tout ou partie de l'année || La difficulté de se loger est de plus en plus grande || Il faut faire baisser le nombre de logements vacants permanents ou ponctuels || Une taxe de ""non habitation"" doit être mise en place pour les maisons secondaires et les habitations principales laissées vacantes plus de 3 mois par an || Cette taxe doit être calculée selon un prorata temporis",0.9283508,,,,,,,0.0,1.0,0.7,Non,Oui,91,Court (51-100),Gemini 3 Pro,7.0,0.7514450867052023,0.6936416184971098,0.23842538190364276,0.6092596944770858,0.0
VXNlcjo2MTk4MDIzZS0xOTU2LTExZTktOTRkMi1mYTE2M2VlYjExZTE=,166,Tout le monde devrait payer l'impôt en fonction de son revenu même faible. Rendre les tranches d'impôts plus progressives en dépassant la tranche des 50%.,Tout le monde devrait payer l'impôt en fonction de son revenu même faible || Il faut rendre les tranches d'impôts plus progressives en dépassant la tranche des 50%,0.98482305,,,,,,,0.0,0.0,0.9,Non,Non,25,Très court (0-50),Gemini 3 Pro,9.0,0.96875,0.96875,0.5839135021097046,0.3328691983122363,0.2510443037974683
VXNlcjpkNDQ3MGI4Yi0xZTIzLTExZTktOTRkMi1mYTE2M2VlYjExZTE=,167,"déterminer les taux d'impositions selon les revenus réels et plus selon des tranches. Avec 200 euros de plus on peut se retrouver à passer dans une ""case"" ou le taux d'imposition peut quasiment doubler, un prorata me semblerait plus juste et équitable et inciterait davantage les gens à travailler.",Il faut déterminer les taux d'imposition selon les revenus réels et non plus selon des tranches || Une augmentation de 200 euros peut actuellement faire passer dans une tranche où le taux d'imposition double presque || Un système au prorata serait plus juste et équitable || Un système au prorata inciterait davantage les gens à travailler,0.9188743,,,,,,,0.0,0.0,1.0,Non,Non,49,Très court (0-50),Gemini 3 Pro,10.0,0.7155963302752292,0.6788990825688075,0.4018808777429467,0.0,0.4018808777429467
VXNlcjpkNDZlYjc1Yy0xZDVhLTExZTktOTRkMi1mYTE2M2VlYjExZTE=,168,"Augmenter la progressivité et le nombre de tranches de l'impot sur le revenu et y inclure tous les revenus : bonus, stocks options, produits financiers ...","[PARSE_FAIL] 429 RESOURCE_EXHAUSTED. {'error': {'code': 429, 'message': 'Resource exhausted. Please try again later. Please refer to https://cloud.google.com/vertex-ai/generative-ai/docs/error-code-429 for more de",0.1024334,,,,,,,0.0,0.0,0.0,Non,Non,26,Très court (0-50),Gemini 3 Pro,0.0,0.03448275862068965,0.03448275862068965,0.0685432255442303,0.0,0.0685432255442303
VXNlcjozOTVjZGEzMS0xZTIzLTExZTktOTRkMi1mYTE2M2VlYjExZTE=,169,"Identifier les produits de luxe sur lesquels un taux de TVA devrait être majoré, pour réduire celle des produits de première nécessité.",Un taux de TVA majoré devrait être appliqué sur les produits de luxe || La TVA des produits de première nécessité devrait être réduite,0.8762157,,,,,,,0.0,0.0,1.0,Non,Non,22,Très court (0-50),Gemini 3 Pro,10.0,0.7843137254901961,0.5098039215686274,0.5480616038236856,0.0,0.5480616038236856
VXNlcjpmMWViODgxOC0xZDU0LTExZTktOTRkMi1mYTE2M2VlYjExZTE=,170,"Cesser de diviser le peuple en définissant des classes appelées riches et pauvres. Ce que chaque Français perçoit est le fruit de son travail. Suppression de la CSG pour tous les retraités. Idem pour la taxe d'habitation; suppression pour TOUS les français. Supprimer les niches fiscales, y compris celle des journalistes ! Indexation des retraites; les retraités ont travaillé beaucoup plus et cotisé plus que les personnes aujourd'hui en activité. Les recettes de ces cotisations ont été dilapidées par l'Etat; les retraités ne doivent pas en souffrir","Il faut cesser de diviser le peuple en définissant des classes appelées riches et pauvres || Ce que chaque Français perçoit est le fruit de son travail || Il faut supprimer la CSG pour tous les retraités || Il faut supprimer la taxe d'habitation pour tous les Français || Il faut supprimer les niches fiscales, y compris celle des journalistes || Il faut indexer les retraites || Les retraités ont travaillé et cotisé plus que les personnes actuellement en activité || Les recettes des cotisations ont été dilapidées par l'État || Les retraités ne doivent pas souffrir de la gestion de l'État",0.9012579,,,,,,,0.0,0.0,0.8,Non,Non,87,Court (51-100),Gemini 3 Pro,8.0,0.8529411764705883,0.8235294117647058,0.2236382322713258,0.0,0.2236382322713258
VXNlcjozODkzYTAxMS0xZTI0LTExZTktOTRkMi1mYTE2M2VlYjExZTE=,171,"Revoir le mode de financement du CICE, qui n'a aucune raison de profiter aux multinationales -- Carrefour touche 2M€, et détruit 2500 emplois en france! Le CICE devrait être réservé aux PME, celles qui créent de l'emploi, sur la base d'un plafond du chiffre d'affaire par exemple. Rétablir l'ISF. Contrairement à ce que dit notre président ( ~ ""Si on rétablit l'ISF, ça ne donnera pas plus d'argent aux smicards"" ), le rétablissement de l'ISF permettrait de faire rentrer 2M€ dans les caisses de l'état -- et si on rentre 2M€ en plus, on peut certainement diminuer d'autant  les charges/taxes/impôts des moins favorisés, ce qui revient bien à une amélioration du pouvoir d'achat!",Il faut revoir le mode de financement du CICE || Le CICE n'a aucune raison de profiter aux multinationales || Carrefour touche 2M€ du CICE tout en détruisant 2500 emplois en France || Le CICE devrait être réservé aux PME sur la base d'un plafond du chiffre d'affaire || Les PME sont les entreprises qui créent de l'emploi || Il faut rétablir l'ISF || Le rétablissement de l'ISF permettrait de faire rentrer 2M€ dans les caisses de l'État || Les recettes de l'ISF permettraient de diminuer les charges des moins favorisés et d'améliorer leur pouvoir d'achat,0.8631855,,,,,,,0.0,0.0,0.5,Non,Non,113,Moyen (101-200),Gemini 3 Pro,5.0,0.7234042553191489,0.6212765957446809,0.34937853107344635,0.0,0.34937853107344635
VXNlcjpjMGEzZDQ4OS0xZTIyLTExZTktOTRkMi1mYTE2M2VlYjExZTE=,172,mettre fin aux doublons dans la gestion de la France,Il faut mettre fin aux doublons dans la gestion de la France,0.98380035,,,,,,,0.0,0.0,1.0,Non,Non,10,Très court (0-50),Gemini 3 Pro,10.0,0.9090909090909091,0.9090909090909091,0.8714285714285714,0.0,0.8714285714285714
VXNlcjplMjcyM2MyOC0xZDY1LTExZTktOTRkMi1mYTE2M2VlYjExZTE=,174,Remplacer le taux de TVA par deux taux. L un applicable dans la grande distribution. L autre chez les petits commerces (taux de TVA plus bas) Le but est de favoriser la competitivité des petits commerces.,Il faut remplacer le taux de TVA par deux taux distincts || Il faut appliquer un taux de TVA plus bas aux petits commerces par rapport à la grande distribution || L'objectif est de favoriser la compétitivité des petits commerces,0.92452955,,,,,,,0.0,1.0,0.5,Non,Oui,36,Très court (0-50),Gemini 3 Pro,5.0,0.7199999999999999,0.5599999999999999,0.4197694524495677,0.0,0.4197694524495677
VXNlcjoxMGY0NzkyYS0xZTIxLTExZTktOTRkMi1mYTE2M2VlYjExZTE=,175,"Que tout le monde paie des impôts, de la personne au RSA au plus riches. Y compris les plus grosses entreprises qui font du bénéfice.","Tout le monde doit payer des impôts, de la personne au RSA aux plus riches || Les plus grosses entreprises qui font du bénéfice doivent payer des impôts",0.9068072,,,,,,,0.0,0.0,1.0,Non,Non,25,Très court (0-50),Gemini 3 Pro,10.0,0.7796610169491526,0.7796610169491526,0.4928571428571429,0.0,0.4928571428571429
VXNlcjozMDYxMzZlOS0xZTIwLTExZTktOTRkMi1mYTE2M2VlYjExZTE=,176,supprimer les retraites de nos anciens présidents et députes actuels qui travaillent;évasion fiscale et niches fiscales.plusieurs tranches impôts.,Il faut supprimer les retraites des anciens présidents et des députés actuels qui travaillent || Il faut lutter contre l'évasion fiscale et les niches fiscales || Il faut mettre en place plusieurs tranches d'impôts,0.9459566,,,,,,,0.0,0.0,0.9,Non,Non,18,Très court (0-50),Gemini 3 Pro,9.0,0.6557377049180327,0.6557377049180327,0.5958454106280193,0.0,0.5958454106280193
VXNlcjo3Y2ZmNjNmYy0xZGE0LTExZTktOTRkMi1mYTE2M2VlYjExZTE=,177,Tout le monde doit être soumis à l'impôt,Tout le monde doit être soumis à l'impôt,0.99999994,,,,,,,0.0,0.0,1.0,Non,Non,8,Très court (0-50),Gemini 3 Pro,10.0,1.0,1.0,1.0,0.0,1.0
VXNlcjo1ODkzYzFjNi0xYmMyLTExZTktOTRkMi1mYTE2M2VlYjExZTE=,179,"Les seuils de l’IFI (800K€, 1.3M€ , ..) devraient tenir compte de la composition du foyer fiscal concerné. Actuellement 2 célibataires possédant chacun 1M€ de biens immobiliers ne sont pas imposés. S’ils se mettent en couples ils le deviennent. Se sont-ils ""enrichis"" ? La modification (seuil par part) pourrait être faite à rendement de l’impôt constant en modifiant les seuils.","Les seuils de l'IFI devraient tenir compte de la composition du foyer fiscal concerné || Actuellement, deux célibataires possédant chacun 1M€ de biens immobiliers ne sont pas imposés || La mise en couple rend ces propriétaires imposables sans enrichissement réel || La modification des seuils par part pourrait être réalisée à rendement de l'impôt constant",0.84436303,,,,,,,0.0,1.0,0.4,Non,Oui,60,Court (51-100),Gemini 3 Pro,4.0,0.7142857142857143,0.7142857142857143,0.307847533632287,0.0,0.307847533632287
VXNlcjo4NjQyYmRiMC0xZTIxLTExZTktOTRkMi1mYTE2M2VlYjExZTE=,181,ré-indexer les retraites sur l'inflation tout de suite,Il faut ré-indexer les retraites sur l'inflation tout de suite,0.98344624,,,,,,,0.0,0.0,1.0,Non,Non,8,Très court (0-50),Gemini 3 Pro,10.0,0.9090909090909091,0.9090909090909091,0.8724137931034484,0.0,0.8724137931034484
VXNlcjo5ZTQyZWRmYi0xY2M0LTExZTktOTRkMi1mYTE2M2VlYjExZTE=,182,"une TVA à 33% pour les produits de luxe (alimentaire,mode,voiture...)","Il faut instaurer une TVA à 33 % pour les produits de luxe (alimentaire, mode, voiture).",0.88549817,,,,,,,0.0,0.0,1.0,Non,Non,10,Très court (0-50),Gemini 3 Pro,10.0,0.88,0.88,0.7863057324840764,0.0,0.7863057324840764
VXNlcjpmNjZlMTA3MS0xZTIxLTExZTktOTRkMi1mYTE2M2VlYjExZTE=,183,Faire en sorte que l'évasion fiscal des géant de l'industrie cesse pour de bon,Il faut faire en sorte que l'évasion fiscale des géants de l'industrie cesse pour de bon,0.9751303,,,,,,,0.0,0.0,0.8,Non,Non,14,Très court (0-50),Gemini 3 Pro,8.0,0.9444444444444444,0.9444444444444444,0.7031763417305585,0.0,0.7031763417305585
VXNlcjo4Y2I0ZjkzOS0xZTIwLTExZTktOTRkMi1mYTE2M2VlYjExZTE=,184,"Faire contribuer l'ensemble des français quelque soit leurs revenus, à l'IRPP.","Il faut faire contribuer l'ensemble des Français à l'IRPP, quels que soient leurs revenus",0.98283494,,,,,,,0.0,0.0,0.9,Non,Non,11,Très court (0-50),Gemini 3 Pro,9.0,0.7586206896551724,0.6206896551724138,0.6482308111050625,0.0,0.6482308111050625
VXNlcjowMTEzNzkyOC0xZTI0LTExZTktOTRkMi1mYTE2M2VlYjExZTE=,186,Revoir la grille de l'impôt sur le revenu et que tout le monde paye en fonction de ses revenus.,Il faut revoir la grille de l'impôt sur le revenu || Tout le monde doit payer l'impôt en fonction de ses revenus,0.9530027,,,,,,,0.0,0.0,0.9,Non,Non,19,Très court (0-50),Gemini 3 Pro,9.0,0.782608695652174,0.782608695652174,0.740096618357488,0.0,0.740096618357488
VXNlcjpiNzgzNmM5My0xOTdiLTExZTktOTRkMi1mYTE2M2VlYjExZTE=,188,que les plus riches contribuent avec justice. Créer (comme avant) une tva sur les produits de luxe et baisser celle sur les produits de première nécessité.,Les plus riches doivent contribuer avec justice || Il faut créer une TVA sur les produits de luxe || Il faut baisser la TVA sur les produits de première nécessité,0.92316705,,,,,,,0.0,0.0,1.0,Non,Non,26,Très court (0-50),Gemini 3 Pro,10.0,0.7999999999999999,0.7999999999999999,0.5627306273062731,0.34981549815498153,0.21291512915129157
VXNlcjo4ZGMyYzk3Yy0xOTVhLTExZTktOTRkMi1mYTE2M2VlYjExZTE=,189,"CSG pour tout le monde, sur chaque revenu y compris les aides gouvernementales ou régionales APL, Allocations familiales, salaires, retraites….... etc Impôts sur le revenu pour tous Retour de l'ISF sur le capital Taxation des GAFA (taxe sur le chiffre d'affaires) Impôt à la source ou taxe importante pour tous les revenus des PDG de sociétés dont le siège social est en France (non résidents en France) Taxer les routiers étrangers comme dans certains pays européens – Vignette pour tous les transporteurs  TVA augmentée sur les voyages à l'étranger (croisières, vols etc...)et tous les produits de luxe (y compris téléphones portables, tabac, alcool...) Taxation des locations Airbnb à 50% dès le 1er euro","[PARSE_FAIL] 429 RESOURCE_EXHAUSTED. {'error': {'code': 429, 'message': 'Resource exhausted. Please try again later. Please refer to https://cloud.google.com/vertex-ai/generative-ai/docs/error-code-429 for more de",-0.0038196724,,,,,,,0.0,0.0,0.0,Non,Non,113,Moyen (101-200),Gemini 3 Pro,0.0,0.012578616352201257,0.012578616352201257,0.08140773744572931,0.0,0.08140773744572931
VXNlcjpkZTIzYzdjNC0xZDUyLTExZTktOTRkMi1mYTE2M2VlYjExZTE=,192,Question sans rapport avec le sujet.,"[PARSE_FAIL] 429 RESOURCE_EXHAUSTED. {'error': {'code': 429, 'message': 'Resource exhausted. Please try again later. Please refer to https://cloud.google.com/vertex-ai/generative-ai/docs/error-code-429 for more de",0.0041691363,,,,,,,0.0,0.0,0.0,Non,Non,6,Très court (0-50),Gemini 3 Pro,0.0,0.0,0.0,0.08848627831678679,0.7292109773465706,0.0
VXNlcjpjZjEyNTIzOS0xZTI0LTExZTktOTRkMi1mYTE2M2VlYjExZTE=,193,"Augmenter la progressivité de l'impôt sur le revenu, ajouter des tranches pour les hauts revenus, baisser le taux de TVA pour les biens de première nécessité (et pas pour favoriser un secteur économique en particulier, cf. restauration).",Il faut augmenter la progressivité de l'impôt sur le revenu || Il faut ajouter des tranches d'imposition pour les hauts revenus || Il faut baisser le taux de TVA pour les biens de première nécessité || La baisse de la TVA ne doit pas servir à favoriser un secteur économique particulier,0.8795794,,,,,,,0.0,0.0,1.0,Non,Non,37,Très court (0-50),Gemini 3 Pro,10.0,0.7741935483870966,0.7741935483870966,0.4812992125984252,0.0,0.4812992125984252
VXNlcjoxMmRhMzVmNS0xZTIzLTExZTktOTRkMi1mYTE2M2VlYjExZTE=,194,"simplicité stabilité éviter les impositions cachées (modification de la grille des indemnités kilométriques, ...) tous les citoyens doivent contribuer pour se sentir concernés (revenir sur l'exonération de l'impôt sur le revenu) mettre en place une imposition IR minimum forfaitaire et symbolique pour que chacun participe aux biens communs","Le système fiscal doit garantir la simplicité et la stabilité || Il faut éviter les impositions cachées || Tous les citoyens doivent contribuer pour se sentir concernés || Il faut revenir sur l'exonération de l'impôt sur le revenu || Il faut mettre en place une imposition sur le revenu minimum, forfaitaire et symbolique",0.67271507,,,,,,,0.0,0.0,1.0,Non,Non,48,Très court (0-50),Gemini 3 Pro,10.0,0.7027027027027026,0.6846846846846847,0.37906024739699207,0.0,0.37906024739699207
VXNlcjphNjUzZjIyYi0xZDkzLTExZTktOTRkMi1mYTE2M2VlYjExZTE=,195,prévoir une nouvelle tranche,Il faut prévoir une nouvelle tranche,0.9534421,,,,,,,0.0,0.0,1.0,Non,Non,4,Très court (0-50),Gemini 3 Pro,10.0,0.8333333333333333,0.8333333333333333,0.8,0.0,0.8
VXNlcjpiMDBlNzUwNC0xZTIxLTExZTktOTRkMi1mYTE2M2VlYjExZTE=,197,Tous le monde doit payer des impôts à la hauteur de ses moyens. Tous le monde doit contribuer au fonctionnement de la société.,Tout le monde doit payer des impôts à la hauteur de ses moyens || Tout le monde doit contribuer au fonctionnement de la société,0.9480155,,,,,,,0.0,0.0,0.7,Non,Non,23,Très court (0-50),Gemini 3 Pro,7.0,0.9166666666666666,0.9166666666666666,0.5841148325358851,0.0,0.5841148325358851
VXNlcjo0ZGZhODMwYi0xZTIwLTExZTktOTRkMi1mYTE2M2VlYjExZTE=,198,"Retour de l'ISF, de l'Exit Taxe, plafonnement des salaires et revenus maximaux; renforcement des contrôles fiscaux","[PARSE_FAIL] 429 RESOURCE_EXHAUSTED. {'error': {'code': 429, 'message': 'Resource exhausted. Please try again later. Please refer to https://cloud.google.com/vertex-ai/generative-ai/docs/error-code-429 for more de",0.025672274,,,,,,,0.0,0.0,0.0,Non,Non,16,Très court (0-50),Gemini 3 Pro,0.0,0.038461538461538464,0.038461538461538464,0.083346080832886,0.0,0.083346080832886
VXNlcjo4MDNjYjIwNS0xYWFhLTExZTktOTRkMi1mYTE2M2VlYjExZTE=,199,"utiliser les banques privées comme collecteurs d'impots, un compte fiscal serait attribué à chaque citoyen (de la naissance au décès), à chaque société , à chaque entité publique.... chaque compte fical serait rattaché obligatoirement à chaque compte(s) privé(s) chaque compte privé crédité = 5% serait reconduit sur le Compte Fiscal, chaque compte privé débité en liquide (black) et/ou extérieur (evasion, emploi ext ...) à la France = 5% serait reconduit sur le CF.   celà permet aussi inversement un revenu  universel par ex le smicard 5% de 1200 soit 60€ de prélevé mais 70€ de revenu universel..... celà permet aussi de calculer l'impôt sur le revenu (réelement à la source) avec beaucoup plus de tranches, rappel d'impot automatique celà permet aussi d'investir dans la dette publique","Les banques privées devraient être utilisées comme collecteurs d'impôts || Un compte fiscal serait attribué à chaque citoyen, société et entité publique || Chaque compte fiscal serait obligatoirement rattaché aux comptes privés de l'entité concernée || Un prélèvement de 5% serait transféré sur le compte fiscal pour chaque crédit sur un compte privé || Un prélèvement de 5% serait transféré sur le compte fiscal pour chaque débit en liquide ou vers l'étranger || Ce système permettrait la mise en place d'un revenu universel || Ce système permettrait de calculer l'impôt sur le revenu à la source avec davantage de tranches || Ce système permettrait d'investir dans la dette publique",0.79576904,,,,,,,0.0,1.0,0.3,Non,Oui,125,Moyen (101-200),Gemini 3 Pro,3.0,0.609375,0.4921875,0.26589356788364205,0.0,0.26589356788364205
VXNlcjphMWQ5ZTA4ZS0xZTIyLTExZTktOTRkMi1mYTE2M2VlYjExZTE=,201,Taux unique pour tous.,Il faut appliquer un taux unique pour tous,0.7006637,,,,,,,0.0,0.0,1.0,Non,Non,4,Très court (0-50),Gemini 3 Pro,10.0,0.6666666666666666,0.6666666666666666,0.6225,0.0,0.6225
VXNlcjozNGU4ZWI5MS0xZTIwLTExZTktOTRkMi1mYTE2M2VlYjExZTE=,202,Connaître le nombre de documents inutiles demandés par l'administration et adapter le nombre d'agents en fonction de l'efficacité du service. (amélioration de la productivité et de la compréhension de la demande). L'intercommunalité a eu pour conséquences d'augmenter le nombre de fonctionnaires. Le coût du service rendu est donc supérieur sans que la qualité soit améliorée. Un chef de service veut son secrétariat pour son statut et non par besoin. Réduire le nombre de fonctionnaires territoriaux à ce qu'il était avant la mise en place des intercommunalités.,"[PARSE_FAIL] 429 RESOURCE_EXHAUSTED. {'error': {'code': 429, 'message': 'Resource exhausted. Please try again later. Please refer to https://cloud.google.com/vertex-ai/generative-ai/docs/error-code-429 for more de",0.038505323,,,,,,,0.0,0.0,0.0,Non,Non,86,Court (51-100),Gemini 3 Pro,0.0,0.014705882352941176,0.014705882352941176,0.09601548526387299,0.3593591036414566,0.0
VXNlcjo0NjM1ZWMyMC0xZTIyLTExZTktOTRkMi1mYTE2M2VlYjExZTE=,205,"Faire une réforme complète des impôts et de la redistribution. Afin de simplifier la gestion de tout ces systèmes vieillissants et faire beaucoup d’économie sur la gestion.  Avoir une transparence totale (visible sur un site internet).  Regarder ce qu’on a besoin, y compris le remboursement de la dette sur 10 ou 20 ans, et créer l’impôt en conséquence avec beaucoup plus de tranches de l’impôt sur le revenu, pour plus d’équité, tout le monde paye cet impôt, même minimum, ne serait-ce pour dire je participe.  Supprimer toute les niches fiscales dont plus personne n’y comprend rien et agir plutôt sur la tva pour l’incitation.  Supprimer toutes les aides et les transformer en revenu universel pour tous les adultes et un pourcentage pour chaques enfants, dans le but de simplification de clarté et d’équité pour la redistribution.","Il faut faire une réforme complète des impôts et de la redistribution || La réforme doit simplifier la gestion des systèmes vieillissants et permettre des économies || Une transparence totale doit être assurée et visible sur un site internet || L'impôt doit être défini en fonction des besoins et du remboursement de la dette || Il faut multiplier les tranches de l'impôt sur le revenu pour plus d'équité || Tout le monde doit payer l'impôt sur le revenu, même un montant minimum || Il faut supprimer toutes les niches fiscales devenues incompréhensibles || L'incitation économique doit se faire via la TVA plutôt que par les niches fiscales || Il faut supprimer toutes les aides actuelles et les transformer en revenu universel || Le revenu universel doit s'adresser à tous les adultes et inclure une part pour les enfants || Le nouveau système vise la simplification, la clarté et l'équité de la redistribution",0.83555007,,,,,,,0.0,1.0,0.7,Non,Oui,136,Moyen (101-200),Gemini 3 Pro,7.0,0.6352201257861636,0.5283018867924528,0.12041889550214721,0.7036648835982823,0.0
VXNlcjpjMTU0NmYzMy0xZTI0LTExZTktOTRkMi1mYTE2M2VlYjExZTE=,206,"Ne pas rétablir l'ISF puisque c'est un impot sur des revenu ayant déjà été imposé ! La France était le dernier pays à l'avoir ... et cela bloque le développement des entreprises.  Donner aux français qui revendiquent que les actionnaires s'enrichissent à vue d'oeil et annuellement des actions détenu par l'Etat (renault, airbus, etc soit 81 entreprises pour 77,5 Md d'euros) au lieu de 100 euros ou autre; ils pourront (d'après certains) ainsi s'enrichir très rapidement et participer au financement des plus démunis. (ou auront une vision tout autre d'un actionnaire ...)",Il ne faut pas rétablir l'ISF || L'ISF est un impôt sur des revenus ayant déjà été imposés || La France était le dernier pays à avoir l'ISF || L'ISF bloque le développement des entreprises || Il faut donner aux Français des actions détenues par l'État au lieu d'aides financières || Posséder des actions permettrait aux Français de s'enrichir et de financer les plus démunis || Posséder des actions donnerait aux Français une autre vision de l'actionnaire,0.6608481,,,,,,,0.0,0.0,0.7,Non,Non,92,Court (51-100),Gemini 3 Pro,7.0,0.5888324873096447,0.5279187817258882,0.1869602516442665,0.0,0.1869602516442665
VXNlcjozNzgyZDQxMy0xZTIxLTExZTktOTRkMi1mYTE2M2VlYjExZTE=,207,"Que tout le monde paie des impots, meme ceux aux Smic,","Tout le monde devrait payer des impôts, même ceux au Smic",0.8623246,,,,,,,0.0,0.0,0.8,Non,Non,11,Très court (0-50),Gemini 3 Pro,8.0,0.4999999999999999,0.4999999999999999,0.5425061425061425,0.0,0.5425061425061425
VXNlcjo3N2Y0NmJlMy0xZTIzLTExZTktOTRkMi1mYTE2M2VlYjExZTE=,208,Plus de tranches d'impots,Il faut augmenter le nombre de tranches d'impôts,0.7969867,,,,,,,0.0,0.0,1.0,Non,Non,4,Très court (0-50),Gemini 3 Pro,10.0,0.4,0.4,0.3410958904109589,0.527123287671233,0.0
VXNlcjoyYWUzYjgyMS0xZDc0LTExZTktOTRkMi1mYTE2M2VlYjExZTE=,210,"Taux national pour les impôts fonciers , les transactions immobilères . CSG totalement déductible .",Il faut instaurer un taux national pour les impôts fonciers || Il faut instaurer un taux national pour les transactions immobilières || La CSG doit être totalement déductible,0.8354502,,,,,,,0.0,0.0,1.0,Non,Non,15,Très court (0-50),Gemini 3 Pro,10.0,0.6363636363636364,0.6363636363636364,0.45607535321821036,0.0,0.45607535321821036
VXNlcjphZTcyN2Y1Ni0xZTFlLTExZTktOTRkMi1mYTE2M2VlYjExZTE=,211,"- indexation des retraites sur le taux de l'inflation - assurer la progressivité de la CSG - augmenter le nombre de tranches de l'impôt sur le revenu - exonérer totalement les Français de la taxe d'habitation ou, à tout le moins, augmenter plafond du Revenu Fiscal de Référence pour une exonération totale de la taxe d'habitation - suppression des niches fiscales (bravo monsieur Darmanin) - impôt sur le revenu payé par tous",Il faut indexer les retraites sur le taux de l'inflation || Il faut assurer la progressivité de la CSG || Il faut augmenter le nombre de tranches de l'impôt sur le revenu || Il faut exonérer totalement les Français de la taxe d'habitation || Il faut augmenter le plafond du Revenu Fiscal de Référence pour une exonération totale de la taxe d'habitation || Il faut supprimer les niches fiscales || L'impôt sur le revenu doit être payé par tous,0.95941263,,,,,,,0.0,0.0,1.0,Non,Non,72,Court (51-100),Gemini 3 Pro,10.0,0.8322981366459626,0.8198757763975155,0.7350057670126874,0.0,0.7350057670126874
VXNlcjozZmUwNTgwMC0xOTc0LTExZTktOTRkMi1mYTE2M2VlYjExZTE=,214,tous les citoyens paient l'IR,Tous les citoyens doivent payer l'impôt sur le revenu,0.7174026,,,,,,,0.0,0.0,1.0,Non,Non,5,Très court (0-50),Gemini 3 Pro,10.0,0.4705882352941177,0.4705882352941177,0.4134146341463415,0.0,0.4134146341463415
VXNlcjo2NWZkNmRkMS0xOTY0LTExZTktOTRkMi1mYTE2M2VlYjExZTE=,215,"Rendre publics tous les algorithmes de calcul, des impôts comme des aides.","Rendre publics tous les algorithmes de calcul, des impôts comme des aides",0.98169553,,,,,,,0.0,0.0,1.0,Non,Non,12,Très court (0-50),Gemini 3 Pro,10.0,1.0,1.0,0.9972789115646259,0.0,0.9972789115646259
VXNlcjozODkzYTAxMS0xZTI0LTExZTktOTRkMi1mYTE2M2VlYjExZTE=,216,"Revoir le mode de financement du CICE, qui n'a aucune raison de profiter aux multinationales -- Carrefour touche 2M€, et détruit 2500 emplois en france! Le CICE devrait être réservé aux PME, celles qui créent de l'emploi, sur la base d'un plafond du chiffre d'affaire par exemple. Rétablir l'ISF. Contrairement à ce que dit notre président ( ~ ""Si on rétablit l'ISF, ça ne donnera pas plus d'argent aux smicards"" ), le rétablissement de l'ISF permettrait de faire rentrer 2M€ dans les caisses de l'état -- et si on rentre 2M€ en plus, on peut certainement diminuer d'autant les charges/taxes/impôts des moins favorisés, ce qui revient bien à une amélioration du pouvoir d'achat!",Il faut revoir le mode de financement du CICE || Le CICE n'a aucune raison de profiter aux multinationales || Des multinationales perçoivent le CICE tout en détruisant des emplois || Le CICE devrait être réservé aux PME qui créent de l'emploi || Il faut rétablir l'ISF || Le rétablissement de l'ISF permettrait de faire rentrer de l'argent dans les caisses de l'État || Les recettes de l'ISF permettraient de diminuer les charges des moins favorisés,0.7897572,,,,,,,0.0,0.0,0.7,Non,Non,113,Moyen (101-200),Gemini 3 Pro,7.0,0.5821596244131456,0.5446009389671361,0.31762851388037483,0.0,0.31762851388037483
VXNlcjo1MWM1MzBhYi0xZTI0LTExZTktOTRkMi1mYTE2M2VlYjExZTE=,217,le gouvernement a instauré une flat tax sur les revenus du capital et en même temps bloqué la rentabilité du livret A à un taux ridiculement bas et en plus a modifié le calcul des intérêts à venir en défaveur de cette épargne populaire,Le gouvernement a instauré une flat tax sur les revenus du capital || Le gouvernement a bloqué la rentabilité du livret A à un taux ridiculement bas || Le gouvernement a modifié le calcul des intérêts à venir en défaveur de l'épargne populaire,0.9589305,,,,,,,0.0,0.0,0.6,Non,Non,44,Très court (0-50),Gemini 3 Pro,6.0,0.8314606741573034,0.8314606741573034,0.604716622289844,0.3162267021681248,0.2884899201217192
VXNlcjowODRmMjZiNi0xZTI0LTExZTktOTRkMi1mYTE2M2VlYjExZTE=,219,"Rétablir l' ISF , supprimer toutes les niches fiscales et lutter efficacement contre l'évasion fiscale",Rétablir l'ISF || Supprimer toutes les niches fiscales || Lutter efficacement contre l'évasion fiscale,0.9766988,,,,,,,0.0,0.0,1.0,Non,Non,15,Très court (0-50),Gemini 3 Pro,10.0,0.967741935483871,0.967741935483871,0.884313725490196,0.0,0.884313725490196
VXNlcjo3Yjk1MjAyMC0xZDc4LTExZTktOTRkMi1mYTE2M2VlYjExZTE=,220,"Créer deux nouvelles tranches : 1°) un impôt d'un montant forfaitaire pour les 53% de Français qui ne paient pas d'impôts sur le revenu alors qu'ils perçoivent une rémunération, d'un montant symbolique. 2°) Une nouvelle tranche pour les revenus dépassant par exemple 500.000 € qui remplacerait l'ISF qui ne servira à rien, sans que cette tranche soit dissuasive pour ceux qui gagnent beaucoup d'argent.",Il faut créer un impôt forfaitaire symbolique pour les Français percevant une rémunération qui ne paient pas d'impôt sur le revenu || Il faut instaurer une nouvelle tranche d'imposition pour les revenus très élevés en remplacement de l'ISF || L'ISF ne servira à rien || La tranche d'imposition des hauts revenus ne doit pas être dissuasive,0.77616775,,,,,,,0.0,0.0,0.8,Non,Non,64,Court (51-100),Gemini 3 Pro,8.0,0.5673758865248227,0.45390070921985815,0.27910780669144986,0.0,0.27910780669144986
VXNlcjpmZGMzMzVhZi0xOWMyLTExZTktOTRkMi1mYTE2M2VlYjExZTE=,221,"Passer d’une imposition des revenus du foyer fiscal à une imposition du revenu de l’individu.  Objectifs de cette proposition :         Sortir du modèle foyer fiscal.         Individualisation de l’impôt.         Lutte contre la fraude fiscale.  Idées forces de cette proposition :         Simplifier le processus d’identification des personnes et des entreprises.         Transfert des prélèvements indirects (TVA, cotisations sociales, impôts locaux, etc…) vers l’IR.         Simplifier et optimiser le processus de prélèvement de l’impôt sur le revenu et sur les sociétés.         Dé-corréler les politiques incitatives de l’état de l’impôt sur le revenu.  Simplifier le processus d’identification des personnes et des sociétés.         Un identifiant unique (N° de sécurité sociale, identifiant société) commun à toutes les administrations et services de l’état, des collectivités ou des organismes sociaux.         L’identifiant est affecté à la personne dès sa naissance, à une société dès sa création.         Un identifiant est affecté pour toute personne entrant sur le territoire français pour y résider.         Cet identifiant individuel unique est utilisé pour tous les documents délivrés par les services de l’état (permis de conduire, carte d’identité, passeports, etc.)         L’échange d’informations entre les différentes administrations est simplifié.         Les capacités de lutte contre la fraude s’en trouvent renforcées. Les données remontent automatiquement vers les services fiscaux. La déclaration annuelle de revenus peut ne plus être nécessaire.  Transfert des prélèvements indirects (TVA, cotisations sociales, etc…) vers l’IR.         Tous les autres impôts indirects sont supprimés.         Toutes les cotisations sociales sont supprimées.         Tous les impôts dits locaux sont supprimés.         Toutes les autres taxes existantes sont supprimées.         L’impôt sur les revenus et bénéfices des sociétés est réparti entre les différents échelons d’organisation de la nation : niveau national, niveau local, organismes sociaux. En fonction des compétences et prérogatives de chacun.         Niveau National : Tout ce qui relève du rôle régalien de l’état, de l’organisation générale du territoire et des grandes orientations des évolutions sociétales et des politiques internationales.         Niveau Local : Tout ce qui relève des services de proximité aux services des habitants des zones concernées.         Organismes sociaux : Tout ce qui relève du versement des prestations sociales. Différentes indemnités définies au niveau du pays.   Simplifier le processus de prélèvement de l’impôt sur le revenu.         L’impôt sur le revenu n’est plus dépendant de la situation familiale d’une personne mais individualisé.         L’impôt sur le revenu est prélevé à la source des revenus quelque en soit la source (salaire, indemnité, revenu du capital, rente, revenu non salarié, etc.).         C’est l’émetteur du revenu qui sert d’intermédiaire entre le contribuable et les services de l’état.         Le taux individuel est défini en fonction des revenus l’année N-1, et peut être réajusté en cours d’année pour tenir compte de l’évolution de la situation de la personne.         L’émetteur du revenu n’a pas besoin de connaitre la situation du contribuable, uniquement le taux à appliquer.         Tout le monde est imposé de la même façon en fonction du montant du revenu concerné.         Tout le monde paye un impôt et contribue ainsi à la vie du pays et de ses institutions.         Les tranches d’imposition sont appréciées en fonction de niveau de revenu, mais aussi des politiques sociales et de soutien aux investissements voulues par l’état. o        20% pour la tranche de revenus inférieurs à A €. o        25% pour la tranche de revenus compris entre A et B. o        30% pour la tranche de revenus compris entre B et C. o        35% pour la tranche de revenus compris entre C et D. o        Etc… o        65% pour la tranche supérieurs à Z.         Pour tout contribuable ayant plusieurs sources de revenus, les services fiscaux automatiquement (identifiant unique) procèdent à un nouveau calcul du taux d’imposition comparativement au taux appliqué à l’origine et l’éventuel réajustement fait en temps réel est prélevé l’année suivante.         Le même type de modèle doit s’appliquer à l’impôt sur les sociétés. Base à définir chiffre d’affaire ou bénéfices ? Peut-être variable suivant les domaines d’activité, tertiaire, industriels, de service (notamment en fonction du poids des frais de personnels dans les dites activités).  Dé-corréler les politiques incitatives de l’état de l’impôt sur le revenu.         Les politiques incitatives de l’état ne sont pas intégrées dans les taux d’imposition, mais font l’objet de prestations versées directement aux bénéficiaires, en remplacement des modèles actuels (nb de parts, quotient familial, crédit d’impôt, niches fiscales) : o        Politique familiale. (union, enfants, etc.) o        Politique de soutien aux investissements. o        Politique de soutien aux évolutions sociétales. (changement climatique, transition écologique, etc.) o        Politique de soutien à l’emploi (emploi à domicile, aide aux bas salaires, etc.) o        Etc…         Ces prestations sont versées directement aux bénéficiaires lorsque les conditions sont remplies. o        Mariage (association de deux identifiants) o        Naissances (association d’un nouvel identifiant à un ou plusieurs identifiants) o        Investissement (réalisation effective de l’investissement)         L’état verse directement sur le compte du bénéficiaire le montant prévu/calculé au plus tard dans les deux mois qui suivent la réalisation des conditions exigées.         Le versement peut être mensualisé en fonction de son type (par exemple emploi à domicile).         Ces prestations ne sont pas soumises à impôt sur le revenu et n’entre donc pas dans le calcul du revenu.","Il faut remplacer l'imposition par foyer fiscal par une imposition individuelle des revenus || Un identifiant unique doit être généralisé pour simplifier l'identification des personnes et des entreprises || La centralisation des données via l'identifiant unique renforce la lutte contre la fraude fiscale || La déclaration annuelle de revenus peut ne plus être nécessaire grâce à la remontée automatique des informations || Il faut transférer les prélèvements indirects et les cotisations sociales vers l'impôt sur le revenu || Tous les impôts indirects, taxes locales et cotisations sociales doivent être supprimés || Les recettes de l'impôt doivent être réparties entre le niveau national, local et social selon leurs compétences || L'impôt sur le revenu ne doit plus dépendre de la situation familiale || Le prélèvement de l'impôt doit s'effectuer à la source sur tous les types de revenus || L'émetteur du revenu n'a pas besoin de connaître la situation personnelle du contribuable || Tout le monde doit payer un impôt pour contribuer à la vie du pays || Des tranches d'imposition progressives doivent être appliquées selon le niveau de revenu || Le modèle de prélèvement doit être étendu à l'impôt sur les sociétés || Les politiques incitatives de l'État ne doivent plus être intégrées dans le calcul de l'impôt || Les aides incitatives doivent être versées directement aux bénéficiaires sous forme de prestations || Les prestations versées par l'État ne sont pas soumises à l'impôt",0.81702137,,,,,,,0.0,0.0,0.8,Non,Non,872,Long (+200),Gemini 3 Pro,8.0,0.3687150837988826,0.25379090183559455,0.09369528776308438,0.7250437697895326,0.0
VXNlcjo0ZGZiY2Q5OC0xZTIwLTExZTktOTRkMi1mYTE2M2VlYjExZTE=,222,que les élus soient irréprochable quand a leurs impôts une meilleure répartitions de l’impôt entre les plus riches et les moins aisés,Les élus doivent être irréprochables quant à leurs impôts || Il faut une meilleure répartition de l'impôt entre les plus riches et les moins aisés,0.95470345,,,,,,,0.0,0.0,1.0,Non,Non,22,Très court (0-50),Gemini 3 Pro,10.0,0.8421052631578947,0.8421052631578947,0.5673202614379085,0.0,0.5673202614379085
VXNlcjowNDU5ZTkwNC0xZDU5LTExZTktOTRkMi1mYTE2M2VlYjExZTE=,223,"Lors du calcul de l'impôt sur le revenu, plafonner le nombre de part à 4. Ce qui correspond à une famille de 3 enfants.",Il faut plafonner le nombre de parts à 4 lors du calcul de l'impôt sur le revenu || Un plafond de 4 parts correspond à une famille de 3 enfants,0.89891183,,,,,,,0.0,0.0,0.6,Non,Non,24,Très court (0-50),Gemini 3 Pro,6.0,0.830188679245283,0.679245283018868,0.4880341880341881,0.0,0.4880341880341881
VXNlcjo0ZjMwMDM2OS0xZDk5LTExZTktOTRkMi1mYTE2M2VlYjExZTE=,224,"1)Pas de rétablissement de l’ISF mais création de nouvelles tranches d’impôts, 1 vers le bas ou tous les n’ont imposables participent à l’effort commun (d’un minimum de 10€ mensuel) et au fonctionnement du Pays, et 1 tranche vers le haut à 50% (revenu supérieur à 152260€) pour les plus fortunés, alors que cela et limité à 45% actuellement. 2)Supprimer la flat-taxe sur les dividendes, et ramener l’abattement de 40% à 10%, Quant les entreprises du CAC40 en 2018, redistribuent aux actionnaires 57,4 milliards d’Euros (soit une augmentation de 62% entre 2009 et 2018), posez vous la question de la juste rétribution de l’effort dans ce Pays.   3)Soumettre à l’impôt les forme de richesse qui y échappe (tableaux, sculptures, voitures de collection d’une valeur supérieur à 50 000€, bijoux et autres).  4)Taxer les GAFA sur les bénéfices faits en France exactement au même niveau que les petites entreprises Françaises (23%), et si ils refusent qu’ils quittent purement et simplement le territoire. 5)Supprimer toutes les possibilités d’exonérations fiscales (il est anormale que les plus gros, entreprises ou individuels qui peuvent se payer des avocats fiscalistes échappent en grandes parties à l’impôt, alors les TPE / PMI ou travailleur qui gagne 2000€ ne pourra pas ce payer les mêmes fiscalistes et échapper à l’impôt).   Quelles sont les économies qui vous semblent prioritaires à faire ? 6)Suppression de toutes les niches fiscales (type niches concernant le statut de la presse et autres)  à l’exceptions de celles créant obligatoirement un emploi (type personnel d’aide à domicile, ou garde d’enfants), remplacé par une défiscalisation des sommes engagées pour le développement du Pays, recherche, industrie, et grands travaux d’aménagements et de développement du territoire, pour les plus fortunés et les grandes entreprises. 7)Suppression des avantages de la haute fonction publique, primes exceptionnels, logement, voiture de fonction et autres, excepté pour ceux qui sont contraints et forcés de resté sur leur lieux de travail pour raison de disponibilité (Président de la République, 1er Ministre, Ministre de l’intérieur, Ministre de la Défense, Présidents de l’assemblé et du Sénat), et pour les autres comme pour les corps Préfectorale tout avantages de logement, voitures ou autres doit être considérés comme avantages en nature et soumis à l’impôt (pendant plus de 45 ans j’ai utilisé m’à voiture tout les jours pour me rendre à mon travail). 8)Supprimer tous les postes non affectés, de nombreux préfets ou autres fonctionnaires bénéficie de salaire très élevés en restant à la maison. 9)Les problèmes d’effectifs dans l’enseignement, remettre à leurs postes d’enseignants la totalité des enseignants ayants des postes dévoyés (Estimé entre 50 000 et 80 000, les services de l’état étant incapables, ou ne voulant pas fournir un chiffre fiable) assurance, magasin type MAIF, CAMIF, secrétariat, et autres, et si ils ne veulent pas retourner devant les élèves, démission immédiate et inscription à Pol emplois.    10)Que l’état se consacre à ces mitions régaliennes : Defense, Santé-retraites, Sécurité intérieur et aux frontières, enseignement et recherche, Grands aménagements du territoire (type nouveaux carneaux de navigation, organisation du transport raille-route), et ne lever l’impôts que pour cela ; Et pour le reste DECENTRALISER au maximum comme en Allemagne, en Espagne, en Italie (foutez la paix et laisser vivre les régions, lever leurs impôts avec obligation dans la loi de budgets annuels en équilibre). 11)Nous n’avons pas besoin de nouveaux service publics mais que simplement ceux qui existes fonctionnes et surtout soit accessibles à tous.   12)Abandonné l’idée du service nationale universel (SNU) et obligatoire, encore un bidule qui coutera très cher et pour un intérêt quasiment nul (entre 2 et 2,5 milliards d’Euros annuel) faire uniquement appel au volontariat, (sachant que la majorité des syndicats d’étudiants sont contre, ne refaite pas l’erreur des 80 km/h), car en plus des Gilets Jaunes vous aurez la Jeunesse dans la rue. 13)Un seul mot SIMPLIFIER, trop de bureaux de paperasse de chefs de services et autres fonctionnaires qui ce donne beaucoup trop d’importance (et passe beaucoup trop de temps à la machine à café). 14)Prendre en compte les problèmes ou remarques des utilisateurs des services de l’état et apporter des réponses rapides",Il ne faut pas rétablir l'ISF || Il faut créer une tranche d'impôt pour que les non-imposables participent à l'effort commun || Il faut créer une tranche d'impôt à 50% pour les hauts revenus || Il faut supprimer la flat-tax sur les dividendes || Il faut ramener l'abattement sur les dividendes de 40% à 10% || Les entreprises du CAC40 ont augmenté massivement la redistribution aux actionnaires entre 2009 et 2018 || Il faut soumettre à l'impôt les formes de richesse actuellement exonérées comme l'art ou les voitures de collection || Il faut taxer les GAFA sur leurs bénéfices en France au même niveau que les PME || Les GAFA doivent quitter le territoire s'ils refusent de payer l'impôt || Il faut supprimer toutes les possibilités d'exonérations fiscales || Il est anormal que les grandes entreprises échappent à l'impôt contrairement aux petites structures || Il faut supprimer les niches fiscales sauf celles créant obligatoirement un emploi || Il faut défiscaliser les sommes engagées pour le développement du pays et l'industrie || Il faut supprimer les avantages de la haute fonction publique sauf cas de force majeure || Les avantages en nature des fonctionnaires doivent être soumis à l'impôt || Il faut supprimer tous les postes de fonctionnaires non affectés || Il faut remettre en classe les enseignants occupant des postes administratifs ou dévoyés || L'État est incapable de fournir un chiffre fiable sur les enseignants hors poste || Les enseignants refusant de retourner devant les élèves doivent démissionner || L'État doit se consacrer uniquement à ses missions régaliennes || L'État ne doit lever l'impôt que pour ses missions régaliennes || Il faut décentraliser au maximum le reste des compétences vers les régions || Nous n'avons pas besoin de nouveaux services publics || Les services publics existants doivent fonctionner et être accessibles à tous || Il faut abandonner l'idée du Service National Universel obligatoire || Le Service National Universel serait coûteux pour un intérêt nul || Il faut faire uniquement appel au volontariat pour le service national || Il faut simplifier l'administration et réduire la bureaucratie || Trop de fonctionnaires se donnent trop d'importance et manquent d'efficacité || Il faut prendre en compte les remarques des utilisateurs pour apporter des réponses rapides,0.802562,,,,,,,0.0,0.0,0.5,Non,Non,680,Long (+200),Gemini 3 Pro,5.0,0.5072836332476435,0.3838903170522707,0.0765011890606421,0.7387990487514864,0.0
VXNlcjo2ZmVhOGI4My0xZTIzLTExZTktOTRkMi1mYTE2M2VlYjExZTE=,225,"Plus de tranches d'impôts et que les très riches (et non les fameux 20% de la taxe d'habitation qui ne sont pas riches du tout pour la majorité )soient taxés davantage, rétablir l'ISF",Il faut mettre en place plus de tranches d'impôts || Les très riches doivent être taxés davantage || Il ne faut pas taxer davantage les 20% payant la taxe d'habitation || La majorité des 20% payant la taxe d'habitation ne sont pas riches du tout || Il faut rétablir l'ISF,0.88037527,,,,,,,0.0,1.0,0.6,Non,Oui,33,Très court (0-50),Gemini 3 Pro,6.0,0.6595744680851063,0.553191489361702,0.5684078036500944,0.0,0.5684078036500944
VXNlcjpjMmZkYWQ4MC0xZDk5LTExZTktOTRkMi1mYTE2M2VlYjExZTE=,226,"Beaucoup de pays ont mis en place la flat tax, comme la Russie. Les résultats sont surprenants : les citoyens la perçoivent comme juste (même taux pour tous), elle permet de réduire l'évasion fiscale. Il est possible avec la flat tax de réfléchir à un impôt ""négatif"" pour les très bas revenus (ils perçoivent au lieu de payer).","De nombreux pays, comme la Russie, ont mis en place la flat tax || Les citoyens perçoivent la flat tax comme juste car elle applique le même taux pour tous || La flat tax permet de réduire l'évasion fiscale || Il est possible de réfléchir à un impôt ""négatif"" pour que les très bas revenus perçoivent de l'argent au lieu d'en payer",0.93751156,,,,,,,0.0,0.0,0.9,Non,Non,58,Court (51-100),Gemini 3 Pro,9.0,0.8613138686131387,0.7299270072992701,0.40749887065201024,0.0,0.40749887065201024
VXNlcjpkMmRjMTYyMy0xZDc1LTExZTktOTRkMi1mYTE2M2VlYjExZTE=,227,communiquer plus sur le rôle des impôts,Communiquer plus sur le rôle des impôts,1.0000002,,,,,,,0.0,0.0,1.0,Non,Non,7,Très court (0-50),Gemini 3 Pro,10.0,1.0,1.0,1.0,0.0,1.0
VXNlcjplZmM1MTlhNS0xZTIxLTExZTktOTRkMi1mYTE2M2VlYjExZTE=,228,Mettre en place un système qui propulserait la création d'entreprise en appliquant un taux d'imposition et des charges en relation direct avec les bénéfices perçus. Trop de commerces de très petite taille se voient submergés d'impôts de tout type et doivent en premier lieu engraisser les caisses de l'état avant de pouvoir tirer quelconque bénéfice alors que les grands de la distribution ne payent que très peu ou pas du tout d'impôts dans les pays où ils opèrent.,Il faut appliquer un taux d'imposition et des charges en relation directe avec les bénéfices perçus pour propulser la création d'entreprise || De trop nombreux petits commerces sont submergés d'impôts et doivent payer l'État avant de tirer un bénéfice || Les grands groupes de la distribution ne payent que très peu ou pas du tout d'impôts dans les pays où ils opèrent,0.8865496,,,,,,,0.0,0.0,0.8,Non,Non,78,Court (51-100),Gemini 3 Pro,8.0,0.7906976744186046,0.6976744186046512,0.2644303065355697,0.5884557547715442,0.0
VXNlcjphNDFiN2M5OC0xOTU5LTExZTktOTRkMi1mYTE2M2VlYjExZTE=,229,"Comme le disent  d'ailleurs certains ministres (y compris celui des comptes publiques) il s'agit effectivement d'un"" impôt injuste"". Dans ce cas il faut qu'il disparaisse pour tous les contribuables . Laisser cet impôt pour 20% des contribuables est une atteinte grave à l'égalité de chacun devant l'impôt"" . Dans ma commune (Orléans), les habitants du  quartier populaire de La Source payent une taxe d'habitation qui est environ 30% supérieure à ce que payent les habitants du centre ville . Centre ville, qui par ailleurs est doté largement de tous les commerces et transports urbains contrairement au sud de  La Source (éloigné du centre ville de 12 à 13 Kms . D'autre part, je n'apprécie pas la stigmatisations qui est faîte des habitants qui ont un revenu de 4000 à 5000 Euros pour un couple en les présentant comme des ""RICHES"".  NON, lorsque un couple gagne 4000 à 5000 euros, il n'est pas riche. La taxe d'habitation doit disparaître pour tous les contribuables.","La taxe d'habitation est considérée comme un ""impôt injuste"" || La taxe d'habitation doit disparaître pour tous les contribuables || Le maintien de l'impôt pour 20% des contribuables est une atteinte grave à l'égalité devant l'impôt || À Orléans, les habitants du quartier populaire payent une taxe d'habitation bien supérieure à celle des habitants du centre-ville || Le centre-ville est bien doté en commerces et transports contrairement au quartier populaire qui en est éloigné || L'auteur n'apprécie pas la stigmatisation des couples gagnant 4000 à 5000 euros présentés comme des ""RICHES"" || Un couple gagnant 4000 à 5000 euros n'est pas riche",0.8149985,,,,,,,0.0,0.0,0.7,Non,Non,162,Moyen (101-200),Gemini 3 Pro,7.0,0.6643356643356643,0.5314685314685315,0.25778005639579593,0.5937759548833633,0.0
VXNlcjo4NGRjZGY3Ni0xYTNkLTExZTktOTRkMi1mYTE2M2VlYjExZTE=,230,"baisser les taxes type TVA, fusionner impôt sur le revenu et CSG, et créer une ou plusieurs tranches supplémentaires afin que chacun contribue vraiment selon ses moyens (avec un impôt minimum en fonction du salaire et du capital, malgré les niches fiscales)",Il faut baisser les taxes de type TVA || Il faut fusionner l'impôt sur le revenu et la CSG || Il faut créer des tranches d'imposition supplémentaires afin que chacun contribue selon ses moyens || Il faut mettre en place un impôt minimum en fonction du salaire et du capital malgré les niches fiscales,0.92081785,,,,,,,0.0,0.0,0.8,Non,Non,42,Très court (0-50),Gemini 3 Pro,8.0,0.7766990291262136,0.7766990291262136,0.4987791741472173,0.0,0.4987791741472173
VXNlcjoyYWU5ZTZhMy0xZDU1LTExZTktOTRkMi1mYTE2M2VlYjExZTE=,232,Taxer davantage le capital au moment de sa transmission (y compris héritage) et non au moment de sa détention. Fusionner CSG et IR. Augmenter un peu la TVA,"Il faut taxer davantage le capital au moment de sa transmission, y compris l'héritage || Il ne faut pas taxer le capital au moment de sa détention || Il faut fusionner la CSG et l'IR || Il faut augmenter un peu la TVA",0.89934194,,,,,,,0.0,0.0,1.0,Non,Non,28,Très court (0-50),Gemini 3 Pro,10.0,0.7567567567567568,0.7567567567567568,0.4853211009174312,0.41174311926605506,0.07357798165137613
VXNlcjpmMWMzZGQ0Yi0xZDRjLTExZTktOTRkMi1mYTE2M2VlYjExZTE=,233,"Surtout ne pas rétablir l'ISF,qui nous fait perdre 35 milliards (Monsieur Edouard Philippe le 09 octobre 2017)et qui fait de la France un des seuls pays au monde a posséder encore un tel impôt(IFI).Assez de démagogie",Il ne faut surtout pas rétablir l'ISF || L'ISF fait perdre 35 milliards d'euros || L'ISF fait de la France l'un des seuls pays au monde à posséder encore un tel impôt || Il faut arrêter la démagogie,0.8736918,,,,,,,0.0,0.0,0.6,Non,Non,36,Très court (0-50),Gemini 3 Pro,6.0,0.6741573033707865,0.651685393258427,0.5719806763285024,0.0,0.5719806763285024
VXNlcjoxNzZlYTQ2MS0xOTZjLTExZTktOTRkMi1mYTE2M2VlYjExZTE=,234,"- Supprimer la TVA, la CSG, les cotisations, la Flat Tax, etc. - Créer un seul et grand impôt sur le Revenu PROGRESSIF avec plus de tranche.   Cela donnera de la lisibilité fiscale (On saura clairement combien on paye) et une justice fiscale.","Il faut supprimer la TVA, la CSG, les cotisations et la Flat Tax || Il faut créer un seul grand impôt sur le revenu progressif avec plus de tranches || Cette réforme apportera de la lisibilité et une justice fiscale",0.9088594,,,,,,,0.0,1.0,0.7,Non,Oui,43,Très court (0-50),Gemini 3 Pro,7.0,0.7857142857142858,0.761904761904762,0.37726027397260276,0.0,0.37726027397260276
VXNlcjplMjcyM2MyOC0xZDY1LTExZTktOTRkMi1mYTE2M2VlYjExZTE=,235,"Tout le monde devrait payer l impot sur le revenu et avec un nombre de tranche plus important, rendant l'impot sur le revenu plus dependant des revenus. proposition de tranches : 1% 10% 15% 20% 25% 30% 35% 40% 45% 50%",Tout le monde devrait payer l'impôt sur le revenu || Il faut augmenter le nombre de tranches pour rendre l'impôt plus dépendant des revenus || Une grille de tranches s'étalant de 1% à 50% est proposée,0.8583337,,,,,,,0.0,0.0,0.9,Non,Non,41,Très court (0-50),Gemini 3 Pro,9.0,0.5185185185185186,0.49382716049382713,0.44999999999999996,0.0,0.44999999999999996
VXNlcjpmMDIwOTEwNC0xZTIzLTExZTktOTRkMi1mYTE2M2VlYjExZTE=,236,Créer une obligation d'équilibre des dépenses de Sécurité Sociale dans la loi et proposer un débat citoyen sur la réduction des dépenses et l'augmentation des charges.,Créer une obligation d'équilibre des dépenses de Sécurité Sociale dans la loi || Proposer un débat citoyen sur la réduction des dépenses et l'augmentation des charges,0.9838874,,,,,,,0.0,0.0,1.0,Non,Non,26,Très court (0-50),Gemini 3 Pro,10.0,0.9850746268656716,0.9850746268656716,0.993993993993994,0.0,0.993993993993994
VXNlcjphNGI2ZjhlNi0xZTIzLTExZTktOTRkMi1mYTE2M2VlYjExZTE=,240,"Tous les français doivent contribuer à l'impôt sur le revenu, y compris les bas salaires. Proportionnellement aux revenus.","Tous les Français doivent contribuer à l'impôt sur le revenu, y compris les bas salaires || La contribution à l'impôt sur le revenu doit être proportionnelle aux revenus",0.9231967,,,,,,,0.0,0.0,1.0,Non,Non,18,Très court (0-50),Gemini 3 Pro,10.0,0.8,0.8,0.6882528324388789,0.0,0.6882528324388789
VXNlcjo3OGQ5N2RiYy0xYTU5LTExZTktOTRkMi1mYTE2M2VlYjExZTE=,241,"Taxer davantage les très très riches....On m'a augmenté ma CSG pour la donner à Mr Bernard Arnaud ou à Mr Goshn, cet argent que l'on m'a volé, on l'a volé à mes enfants et petits enfants que je suis obligé d'aider à démarrer dans ma vie, on l'a volé à mes parents âgés car je sois les aider à payer toujours plus, un établissement de retraite décent !!",Il faut taxer davantage les personnes très riches || L'augmentation de la CSG est perçue comme un vol au profit des grandes fortunes || L'argent prélevé par la CSG prive les enfants et petits-enfants de l'aide financière nécessaire || L'argent prélevé par la CSG prive les parents âgés de l'aide nécessaire pour payer leur maison de retraite,0.70830894,,,,,,,0.0,0.0,0.9,Non,Non,68,Court (51-100),Gemini 3 Pro,9.0,0.38297872340425526,0.29787234042553185,0.16044921262312567,0.6716406299014995,0.0
VXNlcjo0MGU4ZmUxMy0xZTIyLTExZTktOTRkMi1mYTE2M2VlYjExZTE=,242,"Moins pénaliser le travail, faire le grand ménage dans les niches fiscales, augmenter la déductibilité des dons pour des associations d’intérêt public, augmenter les droits de succession sur les tranches supérieurs hors successions concernant les activités économiques, commerciales, industrielles ou libérales. Taxation minimum obligatoire des sociétés, surtout les multinationales étrangères ayant des activités ""significatives"" sur le territoire (à définir). Fiscaliser toutes les primes de la fonction publique;","Il faut moins pénaliser le travail || Il faut faire le grand ménage dans les niches fiscales || Il faut augmenter la déductibilité des dons pour des associations d’intérêt public || Il faut augmenter les droits de succession sur les tranches supérieures, hors activités économiques, commerciales, industrielles ou libérales || Une taxation minimum obligatoire des sociétés, surtout les multinationales étrangères ayant des activités ""significatives"" sur le territoire, doit être mise en place || Il faut fiscaliser toutes les primes de la fonction publique",0.9486239,,,,,,,0.0,0.0,0.7,Non,Non,67,Court (51-100),Gemini 3 Pro,7.0,0.8771929824561403,0.8771929824561403,0.31462312386607294,0.0,0.31462312386607294
VXNlcjphOGZjMjMwNS0xZDYxLTExZTktOTRkMi1mYTE2M2VlYjExZTE=,243,"que tout le monde paye  l’impôt sur le revenu. bien sur à la hauteur de ses moyens. chacun doit être conscient que c'est son argent qui contribue à la société. rendre obligatoire la règle de 3 pour la redistribution des bénéfices des sociétés : 1/3 pour les salariés, 1/3 pour l'entreprise, 1/3 pour les actionnaires. taxer fortement les très hauts revenus.","Tout le monde doit payer l'impôt sur le revenu à la hauteur de ses moyens || Chacun doit être conscient que son argent contribue à la société || Il faut rendre obligatoire la redistribution des bénéfices par tiers entre salariés, entreprise et actionnaires || Les très hauts revenus doivent être fortement taxés",0.8065968,,,,,,,0.0,0.0,1.0,Non,Non,61,Court (51-100),Gemini 3 Pro,10.0,0.6875,0.65625,0.27339398952302174,0.0,0.27339398952302174
VXNlcjo2MmNjMmFjMi0xZTIyLTExZTktOTRkMi1mYTE2M2VlYjExZTE=,245,"Depuis plusieurs années déjà tout le monde, journalistes, politiques, citoyens parlent de justice ou plutôt d'injustice fiscale ! 	 	Le ressenti de cette injustice est d'autant plus flagrant et violent au plus près des limites des tranches définies, qu'il s'agisse des « tranches d'impositions » ou des tranches d'éligibilité aux différentes « prestations sociales » en vigueur dans notre pays. Les exemples le plus récents et les plus douloureux étant l'augmentation de la CSG fixés selon le niveau de revenu pour les retraités ou encore l'exonération de la taxe d'habitation fixée selon le revenu fiscal de référence, ou plus récemment encore l'éligibilité au changement de chaudière pour un euro.... etc 	 	En effet, cette méthode de seuils ou de plafonds induit des situations souvent conflictuelles entre voisins ou amis : un ménage dépassant le seuil d'exonération de 100 ou 200 euros voir moins, se voit injustement et très sensiblement lésé par rapport à un ménage voisin qui se trouve en dessous de ce seuil de 100 ou 200 euros voir moins, surtout si la taxe d'habitation est très élevée dans la commune et compte tenu du coût dans le cas du remplacement d'une chaudière. Les deux ménages sont d'ailleurs d'accord entre eux pour convenir que cela est très injuste.  	Comme je vous le dis plus haut, tout le monde en parle et personne ne bouge pourquoi ? Cette progressivité totale et réelle est elle si difficile à mettre en place que personne n'ose entamer le chantier ? 	N'avons nous pas en France les mathématiciens ou informaticiens compétents pour mettre en place ce système de calcul ou est ce une volonté politique de ne pas y réfléchir ? 	Est il possible de concevoir un algorithme pour lisser au maximum ces seuils ou plafonds en aboutissant évidemment à une même recette fiscale ou à une même dépense sociale pour l'ETAT ?   	Et bien entendu si cet algorithme existe , est il possible de le traduire en code informatique et l'introduire dans les logiciels utilisés par les services de l'ETAT ? Je tiens évidemment à repréciser ce système de calcul devrait s'appliquer aussi bien pour les impôts et taxes que pour les prestations sociales.  	Je pense très sincèrement que ce système de calcul apaiserait les relations entre les contribuables et réduirait très sensiblement ce sentiment d'injustice exprimé depuis longtemps et plus récemment surtout par une majorité de citoyens.",Le sentiment d'injustice fiscale est largement partagé depuis plusieurs années par l'ensemble de la société || Le ressenti de l'injustice est particulièrement violent aux limites des tranches d'imposition et d'éligibilité sociale || Le système actuel de seuils lèse injustement les ménages qui dépassent de peu les plafonds d'exonération || Personne ne prend l'initiative de réformer cette progressivité malgré le constat général || Il est nécessaire de concevoir un algorithme pour lisser au maximum les seuils et plafonds || Ce lissage doit garantir une recette fiscale et une dépense sociale identiques pour l'État || Ce système de calcul lissé devrait s'appliquer aux impôts comme aux prestations sociales || L'adoption de ce système apaiserait les relations entre contribuables et réduirait le sentiment d'injustice,0.74755055,,,,,,,0.0,1.0,0.5,Non,Oui,393,Long (+200),Gemini 3 Pro,5.0,0.3952299829642249,0.282793867120954,0.205771144278607,0.6353830845771145,0.0
VXNlcjo1NzI4MTE3OS0xZTIwLTExZTktOTRkMi1mYTE2M2VlYjExZTE=,246,"● Plafonnement de la taxation sur les carburants, actuellement largement excessive. ● Instauration d'un système de Sécurité Sociale à l'anglo-saxonne ; on cotise pour ses soins.",La taxation sur les carburants est actuellement largement excessive || Il faut plafonner la taxation sur les carburants || Il faut instaurer un système de Sécurité Sociale à l'anglo-saxonne || Chacun doit cotiser pour ses propres soins,0.9003126,,,,,,,0.0,0.0,0.6,Non,Non,26,Très court (0-50),Gemini 3 Pro,6.0,0.75,0.7187499999999999,0.37142857142857144,0.0,0.37142857142857144
VXNlcjo4MTc3NjZlZS0xZTIzLTExZTktOTRkMi1mYTE2M2VlYjExZTE=,247,je pense que ISF ne doit pas être de nouveau instaurer pour ne pas que les capitaux puissent partir vers les paradis fiscaux par contre il faudrait créer des tranches plus réalistes  de chacun et non du pouvoir d'achat. Si l'argent des français est réinjecté dans l'économie cela créer des impôts indirects et une qualité de vie pour chacun et l'état avec ses impôts indirects créer aussi une trésorerie,L'ISF ne doit pas être de nouveau instauré || Il ne faut pas que les capitaux puissent partir vers les paradis fiscaux || Il faudrait créer des tranches d'imposition plus réalistes pour chacun || Les tranches ne doivent pas être basées sur le pouvoir d'achat || La réinjection de l'argent des Français dans l'économie génère des impôts indirects || La réinjection de l'argent dans l'économie crée une qualité de vie pour chacun || Les impôts indirects permettent à l'État de créer une trésorerie,0.83208877,,,,,,,0.0,0.0,0.8,Non,Non,69,Court (51-100),Gemini 3 Pro,8.0,0.7262569832402234,0.6480446927374302,0.340055891942245,0.527955286446204,0.0
VXNlcjo1NDA4NWU2Ni0xZTIxLTExZTktOTRkMi1mYTE2M2VlYjExZTE=,248,"Que chaque citoyen participe à l'impôt en fonction de ses revenus, avec une base élargie sans pour autant mettre en difficulté les citoyens sans ressources",Chaque citoyen doit participer à l'impôt en fonction de ses revenus || La base d'imposition doit être élargie || L'impôt ne doit pas mettre en difficulté les citoyens sans ressources,0.8826982,,,,,,,0.0,0.0,1.0,Non,Non,25,Très court (0-50),Gemini 3 Pro,10.0,0.6896551724137931,0.6896551724137931,0.699214522604294,0.0,0.699214522604294
VXNlcjo3OTA2NjhhNS0xZDg4LTExZTktOTRkMi1mYTE2M2VlYjExZTE=,249,Dire tout simplement que les citoyens ont des devoirs donc des droits . Faire payer a tous un impôt sur le revenu meme si la somme est symbolique  Comme ça on n’entendra plus dire : moi je paye des impôts pour les autres qui n’en payent pas,Il faut dire que les citoyens ont des devoirs et donc des droits || Il faut faire payer à tous un impôt sur le revenu même symbolique || Cela permettrait de ne plus entendre dire que certains payent des impôts pour les autres qui n'en payent pas,0.92606163,,,,,,,0.0,1.0,0.3,Non,Oui,47,Très court (0-50),Gemini 3 Pro,3.0,0.6804123711340205,0.6804123711340205,0.48910463861920167,0.0,0.48910463861920167
VXNlcjpmZDdiYTUwNS0xZTIzLTExZTktOTRkMi1mYTE2M2VlYjExZTE=,250,"Une analyse pointue du coût de la vie par tranche d'âge, situation familiale, situation professionnelle, etc. ; analyse rendue publique et lisible.","Il faut réaliser une analyse pointue du coût de la vie par tranche d'âge, situation familiale et situation professionnelle || L'analyse du coût de la vie doit être rendue publique et lisible",0.8969186,,,,,,,0.0,0.0,1.0,Non,Non,22,Très court (0-50),Gemini 3 Pro,10.0,0.7457627118644068,0.7457627118644068,0.5985835136730278,0.0,0.5985835136730278
VXNlcjplZmZhODYzYS0xZTIyLTExZTktOTRkMi1mYTE2M2VlYjExZTE=,251,"Un statut à part, permettant aux créateurs et créatrices de travailler en toute légalité tout en tirant profit de leur travail (retraite, N° de Siret etc.) malgré la faiblesse de leurs revenus. La CFE devrait être revue (la payer lorsque l'on travaille de chez soit et sans espace de travail particulier revient à payer deux fois la taxe d'habitation......), ainsi que les cotisations, peut-être en fonction des revenus  (tous les 3 mois, comme les déclarations à la CAF ?) plutôt qu'à un taux fixe. Le travail au noir ne serait ainsi plus un recourt systématique. Il faudrait par ailleurs revoir toute la réglementation des AE à mes yeux. Elle était censée être simplifiée au possible pour être accessible à tous. Or au fil des ans, tout s'est complexifié au point que même les conseillers (impôts, chambres de commerce etc.)  en viennent à se contredire les uns les autres lorsque l'on cherche des renseignements pour déclarer correctement.",Un statut spécifique doit permettre aux créateurs de travailler légalement et de cotiser malgré de faibles revenus || La CFE devrait être revue car elle s'apparente à une double imposition pour le travail à domicile || Les cotisations devraient être calculées en fonction des revenus plutôt qu'à un taux fixe || Le travail au noir ne serait plus un recours systématique grâce à ces aménagements || Il faut revoir l'ensemble de la réglementation des auto-entrepreneurs || Le statut était censé être simplifié au possible pour être accessible à tous || La complexification du système amène les conseillers à se contredire entre eux,0.70388603,,,,,,,0.0,1.0,0.6,Non,Oui,156,Moyen (101-200),Gemini 3 Pro,6.0,0.5092250922509225,0.4575645756457565,0.1418947688564477,0.0,0.1418947688564477
VXNlcjoxYmM5MDQwNC0xZDcxLTExZTktOTRkMi1mYTE2M2VlYjExZTE=,253,"1) Si l’Etat  veut que les citoyens adhèrent vraiment à l’impôt, il faut qu’il cesse de brader le patrimoine collectif, comme les autoroutes, aéroports, FDJ, etc. 2) Pour être juste, il faudrait que chacun contribute au prorate de ses revenus.  3) Combattre l'optimisation fiscal.",L'État doit cesser de brader le patrimoine collectif pour que les citoyens adhèrent à l'impôt || Chacun doit contribuer au prorata de ses revenus pour assurer la justice fiscale || Il faut combattre l'optimisation fiscale,0.8131031,,,,,,,0.0,0.0,1.0,Non,Non,44,Très court (0-50),Gemini 3 Pro,10.0,0.5977011494252874,0.4137931034482759,0.27097980553477935,0.0,0.27097980553477935
VXNlcjplZTgwMjBkNS0xZTIxLTExZTktOTRkMi1mYTE2M2VlYjExZTE=,254,"1/ L’Etat français est une entreprise comme une autre. Il doit optimiser ses coûts de fonctionnement, notamment en :  - Mutualisant les dépenses courantes des ministères et en les centralisant sur un même lieu qui coûterait moins cher en loyers ; les anciens bâtiments ainsi libérés pourraient être le cœur de projet innovant : refuges pour les sans abris, lieux culturels, espaces coworking publics pour les auto-entrepreneurs ne pouvant payer un loyer et ayant des difficulté à travailler chez eux, labos de recherche publics, nouvelle université (histoire de désengorger les universités existantes)… - Réduisant les salaires et les avantages en nature des très hauts fonctionnaires. - Supprimant certains avantages des anciens présidents (logement de fonction, bureaux). Le salaire (revu un peu à la baisse) et la protection rapprochée sont justifiés au regard des très hautes responsabilités qu’un président a été amené à remplir ainsi que des secrets d’Etat qu’il a été amené à connaître. Une partie des économies ainsi réalisées doivent être réinjectées dans les territoires, car il est anticonstitutionnel que des Français paient des impôts sans bénéficier de certains services publics -  dont deux sont la base de notre Etat de droit ayant pour devise Liberté, Egalité, Fraternité – à savoir l’école et la santé.   2/ Supprimer la notion de foyer fiscal pour adopter un impôt individuel avec rattachement automatique des enfants sur le plus gros revenu pour un couple marié, au parent ayant la garde en cas de séparation, à l'un des deux parents après déclaration conjointe en cas de garde alternée. Si nous sommes tous citoyens, nous sommes tous citoyens devant l’impôt qui doit être calculé pour chaque personne et non par le prisme du foyer fiscal.  3/ Réduire la TVA sur les produits de première nécessite et du quotidien (alimentation, vêtements, frais divers pour les enfants...) tout en augmentant de façon nette les produits de luxe.   4/ Rendre l'impôt obligatoire pour tout le monde : 1 euro symbolique pour les personnes non-imposables.   5/ Intégrer les aides sociales dans le calcul de l’impôt et donner un malus sur ces aides aux personnes, âgées entre 25 et 45 ans, ne justifiant pas d’au moins 5 mois de travail sur 2 ans. Pourquoi cette tranche d’âge ? En-dessous de 25 ans, on est face à des jeunes qui se parfois se cherchent encore et qui doivent bénéficier d’une attention bienveillante de leur Mère-patrie. Passés 45 ans, certaines personnes, même désireuses de travailler, ne trouvent pas de travail. Elles ne peuvent pas avoir la double peine.  6/ Ne plus tergiverser avec nos partenaires européens sur le sujet de l’optimisation fiscale qui est favorisée par certains pays (Belgique, Luxembourg, Portugal...). Si elle est immorale, elle n'est en rien illégale. Il faut faire adopter au plus vite une loi visant à l'harmonisation de systèmes fiscaux européens afin que certains de pays de l'Union cessent de courtiser les contribuables français.",L'État français est une entreprise comme une autre || L'État doit optimiser ses coûts de fonctionnement || Il faut mutualiser les dépenses des ministères et les centraliser sur un même lieu pour réduire les coûts || Les bâtiments de l'État libérés pourraient devenir des refuges ou des lieux culturels || Il faut réduire les salaires et les avantages en nature des très hauts fonctionnaires || Il faut supprimer les avantages matériels des anciens présidents comme le logement et les bureaux || Le salaire et la protection des anciens présidents sont justifiés par leurs responsabilités passées || Les économies de l'État doivent être réinjectées dans les territoires pour financer l'école et la santé || Il est anticonstitutionnel de payer des impôts sans bénéficier des services publics || Il faut supprimer la notion de foyer fiscal pour adopter un impôt individuel || Les enfants doivent être rattachés fiscalement au plus gros revenu du couple || L'impôt doit être calculé pour chaque personne et non par le prisme du foyer fiscal || Il faut réduire la TVA sur les produits de première nécessité || Il faut augmenter nettement la TVA sur les produits de luxe || L'impôt doit être rendu obligatoire pour tout le monde avec un euro symbolique pour les non-imposables || Il faut intégrer les aides sociales dans le calcul de l'impôt || Un malus sur les aides doit être appliqué aux 25-45 ans ne justifiant pas d'assez de travail || Les jeunes de moins de 25 ans doivent bénéficier d'une attention bienveillante || Les personnes de plus de 45 ans ne peuvent pas subir de double peine face au chômage || Il ne faut plus tergiverser avec les partenaires européens sur l'optimisation fiscale || L'optimisation fiscale n'est en rien illégale même si elle est immorale || Il faut adopter une loi d'harmonisation fiscale européenne pour que les pays cessent de courtiser les contribuables français,0.8525224,,,,,,,0.0,0.0,0.7,Non,Non,477,Long (+200),Gemini 3 Pro,7.0,0.67420814479638,0.5361990950226244,0.1218159616087609,0.0,0.1218159616087609
VXNlcjoyZDY4MGE4OS0xZTIwLTExZTktOTRkMi1mYTE2M2VlYjExZTE=,255,"Que tous les foyers fiscaux participent (même symboliquement) à l'impôt sur le revenu. Bref élargir l'assiette de l'impôt. Chacun doit contribuer à sa hauteur. Un plancher minimum de 50€ pour les plus modestes par exemple.  Que les sportifs de haut niveau (footballeurs en premier lieu) paient un impôt plus important. Leurs salaires sont indécents au regard de leur ""niveau d’intelligence"" pour nombre d'entre eux ( Bref j'étais nul à l'école, je séchais les cours et je jouais au foot pour me perfectionner). Taxer d'avantages les  marchands de biens immobiliers, taxer les propriétaires bailleurs ( à partir de 3 biens en location par exemple).  Taxer davantage les œuvres d'art ( N'en déplaise à M.Fabius).",Tous les foyers fiscaux doivent participer à l'impôt sur le revenu pour en élargir l'assiette || Un plancher minimum de contribution devrait être instauré pour les plus modestes || Les sportifs de haut niveau doivent payer un impôt plus important || Les salaires des footballeurs sont indécents au regard de leur niveau d'intelligence || Il faut taxer davantage les marchands de biens immobiliers || Les propriétaires bailleurs possédant plusieurs biens en location doivent être taxés || Il faut taxer davantage les œuvres d'art,0.798038,,,,,,,0.0,0.0,0.8,Non,Non,113,Moyen (101-200),Gemini 3 Pro,8.0,0.638095238095238,0.5904761904761905,0.22799116068609915,0.6176070714511207,0.0
VXNlcjoyZmRhMDQ3Yi0xZDc0LTExZTktOTRkMi1mYTE2M2VlYjExZTE=,256,Il n'est pas normal que l'ouvrier et celui qui gagne 10 ou 20 fois son salaire paient par exemple 90 euros pour une amende routière. Pour l'ouvrier l'impact est très important quand il est dérisoire pour le riche. Certains pays nordiques indexent le prix de l'amende sur les revenus. Une réforme dans ce sens est une question de justice.,Il n'est pas normal que l'ouvrier et les hauts revenus paient le même montant pour une amende routière || L'impact financier d'une amende est très important pour l'ouvrier alors qu'il est dérisoire pour le riche || Certains pays nordiques indexent le prix de l'amende sur les revenus || Il faut une réforme pour indexer le prix de l'amende sur les revenus par souci de justice,0.8746358,,,,,,,0.0,0.0,0.7,Non,Non,59,Court (51-100),Gemini 3 Pro,7.0,0.6993006993006994,0.6293706293706294,0.26224719101123595,0.5902022471910112,0.0
